id,criado_em,direcao_vento,velocidade_vento,umidade,temperatura,intensidade_de_chuva,pressao,choveu
0,2026-07-27T03:58:12Z,0,0.9,0,0.1,0,29.66,False
1,2026-07-27T03:59:12Z,0,0.9,0,0.1,0,29.66,False
2,2026-07-27T04:00:12Z,0,0.9,0,0.1,0,29.66,False
3,2026-07-27T04:01:12Z,0,0.9,0,0.1,0,29.66,False
4,2026-07-27T04:02:12Z,0,1,0,0.1,0,29.66,False
5,2026-07-27T04:03:12Z,0,0.1,0,0.1,0,29.66,False
6,2026-07-27T04:04:12Z,180,0,0,0.1,0,29.66,False
7,2026-07-27T04:05:12Z,0,0.4,0,0.1,0,29.66,False
8,2026-07-27T04:06:12Z,0,0.7,0,0.1,0,29.66,False
9,2026-07-27T04:07:12Z,0,0,0,0.1,0,29.66,False
10,2026-07-27T04:08:12Z,180,0,0,0.1,0,29.66,False
11,2026-07-27T04:09:12Z,180,0.1,0,0.1,0,29.66,False
12,2026-07-27T04:10:12Z,180,0,0,0.1,0,29.66,False
13,2026-07-27T04:11:12Z,180,0,0,0.1,0,29.66,False
14,2026-07-27T04:12:12Z,164,0.3,0,0.1,0,29.66,False
15,2026-07-27T04:13:12Z,0,1.7,0,0.1,0,29.66,False
16,2026-07-27T04:14:12Z,0,2,0,0.1,0,29.66,False
17,2026-07-27T04:15:12Z,0,1.7,0,0.1,0,29.66,False
18,2026-07-27T04:16:12Z,0,1.9,0,0.1,0,29.66,False
19,2026-07-27T04:17:12Z,0,1.4,0,0.1,0,29.66,False
20,2026-07-27T04:18:12Z,0,0.6,0,0.1,0,29.66,False
21,2026-07-27T04:20:12Z,180,0.8,0,0.1,0,29.66,False
22,2026-07-27T04:21:12Z,180,1.2,0,0.1,0,29.66,False
23,2026-07-27T04:22:12Z,180,1.2,0,0.1,0,29.66,False
24,2026-07-27T04:23:12Z,180,0.9,0,0.1,0,29.66,False
25,2026-07-27T04:24:12Z,180,0.7,0,0.1,0,29.66,False
26,2026-07-27T04:25:12Z,180,0.8,0,0.1,0,29.66,False
27,2026-07-27T04:26:12Z,180,0.6,0,0.1,0,29.66,False
28,2026-07-27T04:27:12Z,180,0.6,0,0.1,0,29.66,False
29,2026-07-27T04:28:12Z,0,0,0,0.1,0,29.66,False
30,2026-07-27T04:30:12Z,0,0.3,0,0.1,0,29.66,False
31,2026-07-27T04:31:12Z,0,0.4,0,0.1,0,29.66,False
32,2026-07-27T04:32:12Z,0,1.2,0,0.1,0,29.67,False
33,2026-07-27T04:33:12Z,0,1.2,0,0.1,0,29.67,False
34,2026-07-27T04:34:12Z,0,1.1,0,0.1,0,29.67,False
35,2026-07-27T04:35:12Z,0,1,0,0.1,0,29.67,False
36,2026-07-27T04:36:12Z,0,0.8,0,0.1,0,29.67,False
37,2026-07-27T04:37:12Z,0,0.7,0,0.1,0,29.66,False
38,2026-07-27T04:38:12Z,0,0.6,0,0.1,0,29.66,False
39,2026-07-27T04:39:12Z,0,0.4,0,0.1,0,29.66,False
40,2026-07-27T04:41:12Z,0,1.3,0,0.1,0,29.66,False
41,2026-07-27T04:42:12Z,157,0.9,0,0.1,0,29.66,False
42,2026-07-27T04:43:12Z,0,0.2,0,0.1,0,29.66,False
43,2026-07-27T04:44:12Z,0,0.2,0,0.1,0,29.66,False
44,2026-07-27T04:45:12Z,0,0,0,0.1,0,29.66,False
45,2026-07-27T04:46:12Z,195,0.1,0,0.1,0,29.66,False
46,2026-07-27T04:47:12Z,180,1.1,0,0.1,0,29.66,False
47,2026-07-27T04:48:12Z,0,0.5,0,0.1,0,29.66,False
48,2026-07-27T04:49:12Z,180,0.5,0,0.1,0,29.66,False
49,2026-07-27T04:50:12Z,180,0.8,0,0.1,0,29.66,False
50,2026-07-27T04:51:12Z,180,0.8,0,0.1,0,29.66,False
51,2026-07-27T04:52:12Z,180,0.8,0,0.1,0,29.66,False
52,2026-07-27T04:53:12Z,0,0.8,0,0.1,0,29.66,False
53,2026-07-27T04:54:12Z,0,0.6,0,0.1,0,29.66,False
54,2026-07-27T04:55:12Z,0,1.1,0,0.1,0,29.66,False
55,2026-07-27T04:56:12Z,180,1.1,0,0.1,0,29.66,False
56,2026-07-27T04:57:12Z,102,0.9,0,0.1,0,29.66,False
57,2026-07-27T04:58:12Z,179,0.8,0,0.1,0,29.66,False
58,2026-07-27T04:59:12Z,180,0.8,0,0.1,0,29.66,False
59,2026-07-27T05:01:12Z,0,0.7,0,0.1,0,29.66,False
60,2026-07-27T05:02:12Z,0,0.8,0,0.1,0,29.66,False
61,2026-07-27T05:03:12Z,0,0.4,0,0.1,0,29.66,False
62,2026-07-27T05:04:12Z,180,0.2,0,0.1,0,29.66,False
63,2026-07-27T05:05:12Z,0,0,0,0.1,0,29.65,False
64,2026-07-27T05:06:12Z,113,0.3,0,0.1,0,29.65,False
65,2026-07-27T05:07:12Z,199,0.6,0,0.1,0,29.65,False
66,2026-07-27T05:08:12Z,203,0.3,0,0.1,0,29.65,False
67,2026-07-27T05:09:12Z,0,1,0,0.1,0,29.65,False
68,2026-07-27T05:10:12Z,0,0.9,0,0.1,0,29.65,False
69,2026-07-27T05:11:12Z,203,0.8,0,0.1,0,29.65,False
70,2026-07-27T05:12:12Z,203,0.5,0,0.1,0,29.65,False
71,2026-07-27T05:13:12Z,198,1.1,0,0.1,0,29.65,False
72,2026-07-27T05:14:12Z,111,1.1,0,0.1,0,29.65,False
73,2026-07-27T05:15:12Z,0,1.3,0,0.1,0,29.65,False
74,2026-07-27T05:16:12Z,0,0.7,0,0.1,0,29.65,False
75,2026-07-27T05:17:12Z,0,0.9,0,0.1,0,29.65,False
76,2026-07-27T05:18:12Z,0,1,0,0.1,0,29.65,False
77,2026-07-27T05:19:12Z,0,1,0,0.1,0,29.65,False
78,2026-07-27T05:20:12Z,0,0.8,0,0.1,0,29.65,False
79,2026-07-27T05:21:12Z,0,0.8,0,0.1,0,29.65,False
80,2026-07-27T05:22:12Z,0,0.5,0,0.1,0,29.65,False
81,2026-07-27T05:23:12Z,0,0.8,0,0.1,0,29.65,False
82,2026-07-27T05:24:12Z,0,0.7,0,0.1,0,29.65,False
83,2026-07-27T05:25:12Z,180,1.1,0,0.1,0,29.65,False
84,2026-07-27T05:26:12Z,0,1,0,0.1,0,29.65,False
85,2026-07-27T05:27:12Z,0,0.8,0,0.1,0,29.65,False
86,2026-07-27T05:28:12Z,0,0.7,0,0.1,0,29.65,False
87,2026-07-27T05:29:12Z,0,0.5,0,0.1,0,29.65,False
88,2026-07-27T05:30:12Z,0,0.7,0,0.1,0,29.65,False
89,2026-07-27T05:31:12Z,0,0.8,0,0.1,0,29.65,False
90,2026-07-27T05:32:12Z,0,0.8,0,0.1,0,29.65,False
91,2026-07-27T05:33:12Z,0,1,0,0.1,0,29.65,False
92,2026-07-27T05:34:12Z,0,0.8,0,0.1,0,29.65,False
93,2026-07-27T05:35:12Z,0,1.1,0,0.1,0,29.65,False
94,2026-07-27T05:36:12Z,0,0.5,0,0.1,0,29.65,False
95,2026-07-27T05:37:12Z,0,0.4,0,0.1,0,29.65,False
96,2026-07-27T05:38:12Z,0,0.9,0,0.1,0,29.65,False
97,2026-07-27T05:39:12Z,0,0.6,0,0.1,0,29.65,False
98,2026-07-27T05:40:12Z,0,0.5,0,0.1,0,29.65,False
99,2026-07-27T05:41:12Z,180,0.7,0,0.1,0,29.65,False
100,2026-07-27T05:42:12Z,180,0.7,0,0.1,0,29.65,False
101,2026-07-27T05:43:12Z,0,1.5,0,0.1,0,29.65,False
102,2026-07-27T05:44:12Z,0,1.2,0,0.1,0,29.65,False
103,2026-07-27T05:45:12Z,0,1.3,0,0.1,0,29.65,False
104,2026-07-27T05:46:12Z,0,1.6,0,0.1,0,29.65,False
105,2026-07-27T05:47:12Z,0,1.1,0,0.1,0,29.65,False
106,2026-07-27T05:48:12Z,109,1.3,0,0.1,0,29.65,False
107,2026-07-27T05:49:12Z,113,1.3,0,0.1,0,29.65,False
108,2026-07-27T05:50:12Z,113,1.4,0,0.1,0,29.65,False
109,2026-07-27T05:51:12Z,113,1.2,0,0.1,0,29.65,False
110,2026-07-27T05:52:12Z,113,1.3,0,0.1,0,29.65,False
111,2026-07-27T05:53:12Z,113,1.3,0,0.1,0,29.65,False
112,2026-07-27T05:54:12Z,0,1,0,0.1,0,29.65,False
113,2026-07-27T05:55:12Z,0,0.7,0,0.1,0,29.65,False
114,2026-07-27T05:56:12Z,113,1.8,0,0.1,0,29.65,False
115,2026-07-27T05:57:12Z,113,1.9,0,0.1,0,29.65,False
116,2026-07-27T05:58:12Z,0,1.3,0,0.1,0,29.65,False
117,2026-07-27T05:59:12Z,0,1.4,0,0.1,0,29.65,False
118,2026-07-27T06:01:12Z,0,1.6,0,0.1,0,29.65,False
119,2026-07-27T06:02:12Z,0,1.7,0,0.1,0,29.65,False
120,2026-07-27T06:03:12Z,0,1.3,0,0.1,0,29.65,False
121,2026-07-27T06:04:12Z,0,1.6,0,0.1,0,29.65,False
122,2026-07-27T06:05:12Z,0,1.1,0,0.1,0,29.65,False
123,2026-07-27T06:06:12Z,110,2.2,0,0.1,0,29.64,False
124,2026-07-27T06:07:12Z,0,2.8,0,0.1,0,29.64,False
125,2026-07-27T06:08:12Z,0,2.3,0,0.1,0,29.64,False
126,2026-07-27T06:09:12Z,0,2.6,0,0.1,0,29.64,False
127,2026-07-27T06:10:12Z,0,2.9,0,0.1,0,29.64,False
128,2026-07-27T06:11:12Z,0,2.2,0,0.1,0,29.64,False
129,2026-07-27T06:12:12Z,0,1.7,0,0.1,0,29.64,False
130,2026-07-27T06:13:12Z,0,1.9,0,0.1,0,29.64,False
131,2026-07-27T06:14:12Z,113,1.3,0,0.1,0,29.64,False
132,2026-07-27T06:15:12Z,0,1.3,0,0.1,0,29.64,False
133,2026-07-27T06:16:12Z,0,1.1,0,0.1,0,29.64,False
134,2026-07-27T06:17:12Z,0,1.3,0,0.1,0,29.64,False
135,2026-07-27T06:18:12Z,0,0.9,0,0.1,0,29.64,False
136,2026-07-27T06:19:12Z,0,0.7,0,0.1,0,29.64,False
137,2026-07-27T06:20:12Z,0,0.9,0,0.1,0,29.64,False
138,2026-07-27T06:21:12Z,0,1,0,0.1,0,29.64,False
139,2026-07-27T06:22:12Z,0,1.1,0,0.1,0,29.64,False
140,2026-07-27T06:23:12Z,0,1,0,0.1,0,29.64,False
141,2026-07-27T06:24:12Z,0,0.6,0,0.1,0,29.64,False
142,2026-07-27T06:25:12Z,0,1,0,0.1,0,29.64,False
143,2026-07-27T06:26:12Z,0,0.9,0,0.1,0,29.64,False
144,2026-07-27T06:27:12Z,113,1.1,0,0.1,0,29.64,False
145,2026-07-27T06:28:12Z,0,0.6,0,0.1,0,29.64,False
146,2026-07-27T06:29:12Z,0,0,0,0.1,0,29.64,False
147,2026-07-27T06:30:12Z,180,0,0,0.1,0,29.64,False
148,2026-07-27T06:31:12Z,180,0.4,0,0.1,0,29.64,False
149,2026-07-27T06:32:12Z,180,1.1,0,0.1,0,29.64,False
150,2026-07-27T06:33:12Z,180,1.5,0,0.1,0,29.64,False
151,2026-07-27T06:34:12Z,180,1.1,0,0.1,0,29.64,False
152,2026-07-27T06:35:12Z,180,1.3,0,0.1,0,29.64,False
153,2026-07-27T06:36:12Z,178,1.4,0,0.1,0,29.64,False
154,2026-07-27T06:37:12Z,180,1.5,0,0.1,0,29.64,False
155,2026-07-27T06:38:12Z,180,1.3,0,0.1,0,29.64,False
156,2026-07-27T06:40:12Z,180,0.9,0,0.1,0,29.64,False
157,2026-07-27T06:41:12Z,180,0.7,0,0.1,0,29.64,False
158,2026-07-27T06:42:12Z,180,0.7,0,0.1,0,29.64,False
159,2026-07-27T06:43:12Z,180,0.6,0,0.1,0,29.64,False
160,2026-07-27T06:44:12Z,180,0.7,0,0.1,0,29.64,False
161,2026-07-27T06:45:12Z,179,1,0,0.1,0,29.64,False
162,2026-07-27T06:46:12Z,180,1.3,0,0.1,0,29.64,False
163,2026-07-27T06:47:12Z,179,1.3,0,0.1,0,29.64,False
164,2026-07-27T06:48:12Z,176,1.8,0,0.1,0,29.64,False
165,2026-07-27T06:50:12Z,179,1.9,0,0.1,0,29.64,False
166,2026-07-27T06:51:12Z,180,1.6,0,0.1,0,29.64,False
167,2026-07-27T06:52:12Z,180,1.2,0,0.1,0,29.64,False
168,2026-07-27T06:53:12Z,180,0.8,0,0.1,0,29.64,False
169,2026-07-27T06:54:12Z,180,0.3,0,0.1,0,29.64,False
170,2026-07-27T06:55:12Z,180,0.1,0,0.1,0,29.64,False
171,2026-07-27T06:56:12Z,180,0.9,0,0.1,0,29.64,False
172,2026-07-27T06:57:12Z,180,0.9,0,0.1,0,29.64,False
173,2026-07-27T06:58:12Z,173,0.5,0,0.1,0,29.64,False
174,2026-07-27T06:59:12Z,180,0.1,0,0.1,0,29.64,False
175,2026-07-27T07:01:12Z,180,0,0,0.1,0,29.64,False
176,2026-07-27T07:02:12Z,180,0,0,0.1,0,29.64,False
177,2026-07-27T07:03:12Z,180,0,0,0.1,0,29.64,False
178,2026-07-27T07:04:12Z,124,0,0,0.1,0,29.64,False
179,2026-07-27T07:05:12Z,113,0,0,0.1,0,29.64,False
180,2026-07-27T07:06:12Z,161,0.1,0,0.1,0,29.64,False
181,2026-07-27T07:07:12Z,180,0.6,0,0.1,0,29.64,False
182,2026-07-27T07:08:12Z,0,0.4,0,0.1,0,29.64,False
183,2026-07-27T07:10:12Z,180,0,0,0.1,0,29.64,False
184,2026-07-27T07:11:12Z,180,0,0,0.1,0,29.64,False
185,2026-07-27T07:12:12Z,180,0,0,0.1,0,29.64,False
186,2026-07-27T07:13:12Z,0,0.7,0,0.1,0,29.64,False
187,2026-07-27T07:14:12Z,0,0.7,0,0.1,0,29.64,False
188,2026-07-27T07:15:12Z,180,0.9,0,0.1,0,29.64,False
189,2026-07-27T07:16:12Z,23,0.9,0,0.1,0,29.64,False
190,2026-07-27T07:17:12Z,23,0.7,0,0.1,0,29.64,False
191,2026-07-27T07:18:12Z,23,0.8,0,0.1,0,29.64,False
192,2026-07-27T07:19:12Z,0,0.6,0,0.1,0,29.64,False
193,2026-07-27T07:20:12Z,0,0.7,0,0.1,0,29.63,False
194,2026-07-27T07:21:12Z,0,0.7,0,0.1,0,29.63,False
195,2026-07-27T07:22:12Z,0,0.9,0,0.1,0,29.63,False
196,2026-07-27T07:23:12Z,164,0.3,0,0.1,0,29.63,False
197,2026-07-27T07:24:12Z,180,0.1,0,0.1,0,29.63,False
198,2026-07-27T07:25:12Z,180,0.5,0,0.1,0,29.63,False
199,2026-07-27T07:26:12Z,180,0.1,0,0.1,0,29.63,False
200,2026-07-27T07:27:12Z,0,0,0,0.1,0,29.63,False
201,2026-07-27T07:28:12Z,0,0,0,0.1,0,29.63,False
202,2026-07-27T07:29:12Z,0,0.1,0,0.1,0,29.63,False
203,2026-07-27T07:30:12Z,0,0.7,0,0.1,0,29.63,False
204,2026-07-27T07:31:12Z,0,1,0,0.1,0,29.63,False
205,2026-07-27T07:32:12Z,68,1,0,0.1,0,29.63,False
206,2026-07-27T07:33:12Z,0,0.7,0,0.1,0,29.63,False
207,2026-07-27T07:34:12Z,0,0.8,0,0.1,0,29.63,False
208,2026-07-27T07:35:12Z,0,0.6,0,0.1,0,29.63,False
209,2026-07-27T07:36:12Z,0,0.7,0,0.1,0,29.63,False
210,2026-07-27T07:37:12Z,189,1.3,0,0.1,0,29.63,False
211,2026-07-27T07:38:12Z,203,0.8,0,0.1,0,29.63,False
212,2026-07-27T07:39:12Z,203,0.5,0,0.1,0,29.63,False
213,2026-07-27T07:40:12Z,203,0.5,0,0.1,0,29.63,False
214,2026-07-27T07:41:12Z,203,0,0,0.1,0,29.63,False
215,2026-07-27T07:42:12Z,163,0.7,0,0.1,0,29.63,False
216,2026-07-27T07:43:12Z,0,0.6,0,0.1,0,29.63,False
217,2026-07-27T07:44:12Z,0,0.5,0,0.1,0,29.63,False
218,2026-07-27T07:45:12Z,180,0.4,0,0.1,0,29.63,False
219,2026-07-27T07:46:12Z,180,0.3,0,0.1,0,29.63,False
220,2026-07-27T07:47:12Z,0,0,0,0.1,0,29.63,False
221,2026-07-27T07:48:12Z,0,0.1,0,0.1,0,29.63,False
222,2026-07-27T07:49:12Z,169,0.2,0,0.1,0,29.63,False
223,2026-07-27T07:50:12Z,0,0,0,0.1,0,29.63,False
224,2026-07-27T07:51:12Z,0,0,0,0.1,0,29.63,False
225,2026-07-27T07:52:12Z,113,0.1,0,0.1,0,29.63,False
226,2026-07-27T07:53:12Z,109,1,0,0.1,0,29.63,False
227,2026-07-27T07:54:12Z,113,1.2,0,0.1,0,29.63,False
228,2026-07-27T07:55:12Z,113,1.4,0,0.1,0,29.63,False
229,2026-07-27T07:56:12Z,113,1,0,0.1,0,29.63,False
230,2026-07-27T07:57:12Z,113,0.9,0,0.1,0,29.63,False
231,2026-07-27T07:58:12Z,113,0.9,0,0.1,0,29.63,False
232,2026-07-27T07:59:12Z,113,1.3,0,0.1,0,29.63,False
233,2026-07-27T08:01:12Z,109,1.4,0,0.1,0,29.63,False
234,2026-07-27T08:02:12Z,110,1.5,0,0.1,0,29.63,False
235,2026-07-27T08:03:12Z,113,1.1,0,0.1,0,29.63,False
236,2026-07-27T08:04:12Z,113,1.9,0,0.1,0,29.63,False
237,2026-07-27T08:05:12Z,138,1.8,0,0.1,0,29.63,False
238,2026-07-27T08:06:12Z,109,2.1,0,0.1,0,29.63,False
239,2026-07-27T08:07:12Z,125,1.3,0,0.1,0,29.63,False
240,2026-07-27T08:08:12Z,109,1,0,0.1,0,29.63,False
241,2026-07-27T08:10:12Z,139,1.5,0,0.1,0,29.63,False
242,2026-07-27T08:11:12Z,184,0.9,0,0.1,0,29.63,False
243,2026-07-27T08:12:12Z,127,0.9,0,0.1,0,29.63,False
244,2026-07-27T08:13:12Z,158,1.2,0,0.1,0,29.63,False
245,2026-07-27T08:14:12Z,176,0.8,0,0.1,0,29.63,False
246,2026-07-27T08:15:12Z,113,0.9,0,0.1,0,29.63,False
247,2026-07-27T08:16:12Z,0,0.9,0,0.1,0,29.63,False
248,2026-07-27T08:17:12Z,106,1.3,0,0.1,0,29.63,False
249,2026-07-27T08:18:12Z,90,1.7,0,0.1,0,29.63,False
250,2026-07-27T08:20:12Z,108,0.9,0,0.1,0,29.63,False
251,2026-07-27T08:21:12Z,109,1.1,0,0.1,0,29.63,False
252,2026-07-27T08:22:12Z,113,0.7,0,0.1,0,29.63,False
253,2026-07-27T08:23:12Z,113,0.6,0,0.1,0,29.63,False
254,2026-07-27T08:24:12Z,124,0.4,0,0.1,0,29.63,False
255,2026-07-27T08:25:12Z,180,0.1,0,0.1,0,29.63,False
256,2026-07-27T08:26:12Z,180,0.1,0,0.1,0,29.63,False
257,2026-07-27T08:27:12Z,0,1.5,0,0.1,0,29.63,False
258,2026-07-27T08:28:12Z,0,2,0,0.1,0,29.63,False
259,2026-07-27T08:29:12Z,0,1.9,0,0.1,0,29.63,False
260,2026-07-27T08:30:12Z,0,1.6,0,0.1,0,29.63,False
261,2026-07-27T08:31:12Z,0,1.3,0,0.1,0,29.63,False
262,2026-07-27T08:32:12Z,0,1,0,0.1,0,29.63,False
263,2026-07-27T08:33:12Z,0,0.8,0,0.1,0,29.63,False
264,2026-07-27T08:34:12Z,0,0.7,0,0.1,0,29.63,False
265,2026-07-27T08:35:12Z,0,0.8,0,0.1,0,29.63,False
266,2026-07-27T08:36:12Z,0,0.7,0,0.1,0,29.63,False
267,2026-07-27T08:37:12Z,0,0.6,0,0.1,0,29.63,False
268,2026-07-27T08:38:12Z,0,0,0,0.1,0,29.63,False
269,2026-07-27T08:39:12Z,0,0,0,0.1,0,29.63,False
270,2026-07-27T08:40:12Z,0,0,0,0.1,0,29.63,False
271,2026-07-27T08:41:12Z,180,0,0,0.1,0,29.63,False
272,2026-07-27T08:42:12Z,144,0.6,0,0.1,0,29.63,False
273,2026-07-27T08:43:12Z,23,0.9,0,0.1,0,29.63,False
274,2026-07-27T08:44:12Z,121,0.6,0,0.1,0,29.63,False
275,2026-07-27T08:45:12Z,0,0,0,0.1,0,29.63,False
276,2026-07-27T08:46:12Z,0,0,0,0.1,0,29.63,False
277,2026-07-27T08:47:12Z,0,0,0,0.1,0,29.63,False
278,2026-07-27T08:48:12Z,136,0.2,0,0.1,0,29.63,False
279,2026-07-27T08:50:12Z,0,0.6,0,0.1,0,29.63,False
280,2026-07-27T08:51:12Z,0,0.8,0,0.1,0,29.63,False
281,2026-07-27T08:52:12Z,178,0.4,0,0.1,0,29.63,False
282,2026-07-27T08:53:12Z,50,0.5,0,0.1,0,29.63,False
283,2026-07-27T08:54:12Z,180,1.1,0,0.1,0,29.63,False
284,2026-07-27T08:55:12Z,180,1,0,0.1,0,29.63,False
285,2026-07-27T08:56:12Z,180,0.8,0,0.1,0,29.63,False
286,2026-07-27T08:57:12Z,177,1.2,0,0.1,0,29.63,False
287,2026-07-27T08:58:12Z,180,0.8,0,0.1,0,29.63,False
288,2026-07-27T08:59:12Z,180,1.6,0,0.1,0,29.63,False
289,2026-07-27T09:00:12Z,180,1.4,0,0.1,0,29.63,False
290,2026-07-27T09:01:12Z,179,1.6,0,0.1,0,29.63,False
291,2026-07-27T09:02:12Z,180,1.7,0,0.1,0,29.63,False
292,2026-07-27T09:03:12Z,180,1.7,0,0.1,0,29.63,False
293,2026-07-27T09:04:12Z,179,1.2,0,0.1,0,29.63,False
294,2026-07-27T09:05:12Z,180,1.3,0,0.1,0,29.63,False
295,2026-07-27T09:06:12Z,180,1.1,0,0.1,0,29.63,False
296,2026-07-27T09:07:12Z,180,1.3,0,0.1,0,29.63,False
297,2026-07-27T09:08:12Z,179,1.1,0,0.1,0,29.62,False
298,2026-07-27T09:10:12Z,179,0.8,0,0.1,0,29.62,False
299,2026-07-27T09:11:12Z,179,0.7,0,0.1,0,29.62,False
300,2026-07-27T09:12:12Z,179,1.1,0,0.1,0,29.63,False
301,2026-07-27T09:13:12Z,180,0.8,0,0.1,0,29.63,False
302,2026-07-27T09:14:12Z,180,1.1,0,0.1,0,29.63,False
303,2026-07-27T09:15:12Z,180,0.9,0,0.1,0,29.63,False
304,2026-07-27T09:16:12Z,180,0.6,0,0.1,0,29.63,False
305,2026-07-27T09:17:12Z,0,1.1,0,0.1,0,29.63,False
306,2026-07-27T09:18:12Z,0,1.1,0,0.1,0,29.63,False
307,2026-07-27T09:20:12Z,180,0.8,0,0.1,0,29.63,False
308,2026-07-27T09:21:12Z,180,1,0,0.1,0,29.63,False
309,2026-07-27T09:22:12Z,0,1.7,0,0.1,0,29.62,False
310,2026-07-27T09:23:12Z,0,1,0,0.1,0,29.63,False
311,2026-07-27T09:24:12Z,0,1,0,0.1,0,29.62,False
312,2026-07-27T09:25:12Z,0,0.8,0,0.1,0,29.62,False
313,2026-07-27T09:26:12Z,0,1,0,0.1,0,29.63,False
314,2026-07-27T09:27:12Z,0,1,0,0.1,0,29.63,False
315,2026-07-27T09:28:12Z,0,1,0,0.1,0,29.63,False
316,2026-07-27T09:30:12Z,180,1,0,0.1,0,29.63,False
317,2026-07-27T09:31:12Z,180,0.8,0,0.1,0,29.63,False
318,2026-07-27T09:32:12Z,23,0.5,0,0.1,0,29.63,False
319,2026-07-27T09:33:12Z,28,0,0,0.1,0,29.63,False
320,2026-07-27T09:34:12Z,180,0.1,0,0.1,0,29.63,False
321,2026-07-27T09:35:12Z,180,0.2,0,0.1,0,29.63,False
322,2026-07-27T09:36:12Z,176,0,0,0.1,0,29.63,False
323,2026-07-27T09:37:12Z,179,0.1,0,0.1,0,29.63,False
324,2026-07-27T09:38:12Z,180,0.3,0,0.1,0,29.63,False
325,2026-07-27T09:39:12Z,180,0.2,0,0.1,0,29.63,False
326,2026-07-27T09:40:12Z,0,0.5,0,0.1,0,29.63,False
327,2026-07-27T09:41:12Z,180,0.6,0,0.1,0,29.63,False
328,2026-07-27T09:42:12Z,180,1,0,0.1,0,29.63,False
329,2026-07-27T09:43:12Z,172,1,0,0.1,0,29.63,False
330,2026-07-27T09:44:12Z,180,1,0,0.1,0,29.63,False
331,2026-07-27T09:45:12Z,180,1,0,0.1,0,29.63,False
332,2026-07-27T09:46:12Z,180,0.8,0,0.1,0,29.63,False
333,2026-07-27T09:47:12Z,180,0.8,0,0.1,0,29.63,False
334,2026-07-27T09:48:12Z,180,0.8,0,0.1,0,29.63,False
335,2026-07-27T09:49:12Z,180,0.7,0,0.1,0,29.63,False
336,2026-07-27T09:50:12Z,180,0.7,0,0.1,0,29.63,False
337,2026-07-27T09:51:12Z,180,0.6,0,0.1,0,29.63,False
338,2026-07-27T09:52:12Z,180,0.7,0,0.1,0,29.63,False
339,2026-07-27T09:53:12Z,175,0.5,0,0.1,0,29.63,False
340,2026-07-27T09:54:12Z,180,0.8,0,0.1,0,29.63,False
341,2026-07-27T09:55:12Z,179,0.1,0,0.1,0,29.63,False
342,2026-07-27T09:56:12Z,169,0.4,0,0.1,0,29.63,False
343,2026-07-27T09:57:12Z,178,0.1,0,0.1,0,29.63,False
344,2026-07-27T09:58:12Z,177,0.3,0,0.1,0,29.63,False
345,2026-07-27T09:59:12Z,0,0.8,0,0.1,0,29.63,False
346,2026-07-27T10:00:12Z,0,1.4,0,0.1,0,29.63,False
347,2026-07-27T10:01:12Z,0,1.3,0,0.1,0,29.63,False
348,2026-07-27T10:02:12Z,0,1.3,0,0.1,0,29.63,False
349,2026-07-27T10:03:12Z,0,1.2,0,0.1,0,29.63,False
350,2026-07-27T10:04:12Z,0,0.7,0,0.1,0,29.63,False
351,2026-07-27T10:05:12Z,0,0.5,0,0.1,0,29.63,False
352,2026-07-27T10:06:12Z,0,0.7,0,0.1,0,29.63,False
353,2026-07-27T10:07:12Z,0,0.6,0,0.1,0,29.63,False
354,2026-07-27T10:08:12Z,0,0.8,0,0.1,0,29.63,False
355,2026-07-27T10:10:12Z,0,0.5,0,0.1,0,29.63,False
356,2026-07-27T10:11:12Z,0,0,0,0.1,0,29.63,False
357,2026-07-27T10:12:12Z,0,0,0,0.1,0,29.63,False
358,2026-07-27T10:13:12Z,0,0,0,0.1,0,29.63,False
359,2026-07-27T10:14:12Z,0,0.2,0,0.1,0,29.63,False
360,2026-07-27T10:15:12Z,113,0.9,0,0.1,0,29.63,False
361,2026-07-27T10:16:12Z,113,1,0,0.1,0,29.63,False
362,2026-07-27T10:17:12Z,110,0.7,0,0.1,0,29.63,False
363,2026-07-27T10:18:12Z,110,1.2,0,0.1,0,29.63,False
364,2026-07-27T10:20:12Z,0,0.9,0,0.1,0,29.63,False
365,2026-07-27T10:21:12Z,0,0.6,0,0.1,0,29.63,False
366,2026-07-27T10:22:12Z,0,0.4,0,0.1,0,29.63,False
367,2026-07-27T10:23:12Z,0,0.8,0,0.1,0,29.63,False
368,2026-07-27T10:24:12Z,0,0.8,0,0.1,0,29.63,False
369,2026-07-27T10:25:12Z,0,1.2,0,0.1,0,29.63,False
370,2026-07-27T10:26:12Z,0,1,0,0.1,0,29.63,False
371,2026-07-27T10:27:12Z,107,1.2,0,0.1,0,29.63,False
372,2026-07-27T10:28:12Z,110,1.3,0,0.1,0,29.63,False
373,2026-07-27T10:30:12Z,110,1.6,0,0.1,0,29.64,False
374,2026-07-27T10:31:12Z,111,1.4,0,0.1,0,29.64,False
375,2026-07-27T10:32:12Z,113,1.5,0,0.1,0,29.64,False
376,2026-07-27T10:33:12Z,107,1.6,0,0.1,0,29.64,False
377,2026-07-27T10:34:12Z,117,1.6,0,0.1,0,29.64,False
378,2026-07-27T10:35:12Z,110,1.3,0,0.1,0,29.64,False
379,2026-07-27T10:36:12Z,103,1.3,0,0.1,0,29.64,False
380,2026-07-27T10:37:12Z,110,1.2,0,0.1,0,29.64,False
381,2026-07-27T10:38:12Z,110,1.5,0,0.1,0,29.64,False
382,2026-07-27T10:40:12Z,109,1.5,0,0.1,0,29.64,False
383,2026-07-27T10:41:12Z,107,1.4,0,0.1,0,29.64,False
384,2026-07-27T10:42:12Z,113,1.6,0,0.1,0,29.64,False
385,2026-07-27T10:43:12Z,107,1.5,0,0.1,0,29.63,False
386,2026-07-27T10:44:12Z,0,1.9,0,0.1,0,29.63,False
387,2026-07-27T10:45:12Z,0,1.4,0,0.1,0,29.63,False
388,2026-07-27T10:46:12Z,113,1.1,0,0.1,0,29.63,False
389,2026-07-27T10:47:12Z,0,1,0,0.1,0,29.63,False
390,2026-07-27T10:48:12Z,0,1.5,0,0.1,0,29.63,False
391,2026-07-27T10:49:12Z,0,1.2,0,0.1,0,29.63,False
392,2026-07-27T10:50:12Z,0,0.9,0,0.1,0,29.63,False
393,2026-07-27T10:51:12Z,0,1.1,0,0.1,0,29.63,False
394,2026-07-27T10:52:12Z,0,1.3,0,0.1,0,29.63,False
395,2026-07-27T10:53:12Z,0,1.4,0,0.1,0,29.64,False
396,2026-07-27T10:54:12Z,0,1.8,0,0.1,0,29.64,False
397,2026-07-27T10:55:12Z,0,2.4,0,0.1,0,29.64,False
398,2026-07-27T10:56:12Z,113,2,0,0.1,0,29.64,False
399,2026-07-27T10:57:12Z,0,1.7,0,0.1,0,29.64,False
400,2026-07-27T10:58:12Z,0,2.5,0,0.1,0,29.64,False
401,2026-07-27T10:59:12Z,0,1.8,0,0.1,0,29.64,False
402,2026-07-27T11:00:12Z,0,0.8,0,0.1,0,29.64,False
403,2026-07-27T11:01:12Z,0,1.2,0,0.1,0,29.64,False
404,2026-07-27T11:02:12Z,0,2.6,0,0.1,0,29.64,False
405,2026-07-27T11:03:12Z,0,3.3,0,0.1,0,29.64,False
406,2026-07-27T11:04:12Z,0,2.7,0,0.1,0,29.64,False
407,2026-07-27T11:05:12Z,0,2.4,0,0.1,0,29.64,False
408,2026-07-27T11:06:12Z,0,2,0,0.1,0,29.64,False
409,2026-07-27T11:07:12Z,0,2.1,0,0.1,0,29.64,False
410,2026-07-27T11:08:12Z,0,1.7,0,0.1,0,29.64,False
411,2026-07-27T11:09:12Z,0,1.7,0,0.1,0,29.64,False
412,2026-07-27T11:11:12Z,0,1.2,0,0.1,0,29.64,False
413,2026-07-27T11:12:12Z,0,1.5,0,0.1,0,29.64,False
414,2026-07-27T11:13:12Z,0,1.1,0,0.1,0,29.64,False
415,2026-07-27T11:14:12Z,0,1.3,0,0.1,0,29.64,False
416,2026-07-27T11:15:12Z,0,1.8,0,0.1,0,29.64,False
417,2026-07-27T11:16:12Z,0,0.6,0,0.1,0,29.64,False
418,2026-07-27T11:17:12Z,0,1.1,0,0.1,0,29.64,False
419,2026-07-27T11:18:12Z,0,0.8,0,0.1,0,29.64,False
420,2026-07-27T11:19:12Z,0,0.4,0,0.1,0,29.64,False
421,2026-07-27T11:20:12Z,110,1,0,0.1,0,29.64,False
422,2026-07-27T11:21:12Z,108,0.8,0,0.1,0,29.64,False
423,2026-07-27T11:22:12Z,113,1.4,0,0.1,0,29.64,False
424,2026-07-27T11:23:12Z,111,1,0,0.1,0,29.64,False
425,2026-07-27T11:24:12Z,110,0.3,0,0.1,0,29.64,False
426,2026-07-27T11:25:12Z,113,0.8,0,0.1,0,29.64,False
427,2026-07-27T11:26:12Z,0,1.6,0,0.1,0,29.64,False
428,2026-07-27T11:27:12Z,0,1.2,0,0.1,0,29.64,False
429,2026-07-27T11:28:12Z,0,1,0,0.1,0,29.64,False
430,2026-07-27T11:29:12Z,0,0.6,0,0.1,0,29.64,False
431,2026-07-27T11:31:12Z,0,0.8,0,0.1,0,29.64,False
432,2026-07-27T11:32:12Z,0,0.4,0,0.1,0,29.64,False
433,2026-07-27T11:33:12Z,0,0.7,0,0.1,0,29.64,False
434,2026-07-27T11:34:12Z,0,0.2,0,0.1,0,29.64,False
435,2026-07-27T11:35:12Z,0,0.1,0,0.1,0,29.64,False
436,2026-07-27T11:36:12Z,0,0.6,0,0.1,0,29.64,False
437,2026-07-27T11:37:12Z,0,0.6,0,0.1,0,29.64,False
438,2026-07-27T11:38:12Z,0,0.3,0,0.1,0,29.64,False
439,2026-07-27T11:39:12Z,0,0.3,0,0.1,0,29.64,False
440,2026-07-27T11:40:12Z,180,0.7,0,0.1,0,29.64,False
441,2026-07-27T11:41:12Z,180,0.9,0,0.1,0,29.64,False
442,2026-07-27T11:42:12Z,180,0.4,0,0.1,0,29.64,False
443,2026-07-27T11:43:12Z,180,0.2,0,0.1,0,29.64,False
444,2026-07-27T11:44:12Z,180,0.6,0,0.1,0,29.64,False
445,2026-07-27T11:45:12Z,0,0.3,0,0.1,0,29.64,False
446,2026-07-27T11:46:12Z,0,0.8,0,0.1,0,29.64,False
447,2026-07-27T11:47:12Z,0,0.9,0,0.1,0,29.64,False
448,2026-07-27T11:48:12Z,0,0,0,0.1,0,29.64,False
449,2026-07-27T11:49:12Z,0,0.1,0,0.1,0,29.64,False
450,2026-07-27T11:50:12Z,180,0.3,0,0.1,0,29.64,False
451,2026-07-27T11:51:12Z,180,0.3,0,0.1,0,29.65,False
452,2026-07-27T11:52:12Z,180,0.1,0,0.1,0,29.65,False
453,2026-07-27T11:53:12Z,113,0.7,0,0.1,0,29.65,False
454,2026-07-27T11:54:12Z,113,0.5,0,0.1,0,29.65,False
455,2026-07-27T11:55:12Z,180,0.4,0,0.1,0,29.65,False
456,2026-07-27T11:56:12Z,0,0.8,0,0.1,0,29.65,False
457,2026-07-27T11:57:12Z,0,0.6,0,0.1,0,29.65,False
458,2026-07-27T11:58:12Z,0,1.2,0,0.1,0,29.65,False
459,2026-07-27T12:00:12Z,134,0.1,0,0.1,0,29.65,False
460,2026-07-27T12:01:12Z,161,0.8,0,0.1,0,29.65,False
461,2026-07-27T12:02:12Z,178,1.7,0,0.1,0,29.65,False
462,2026-07-27T12:03:12Z,0,0.8,0,0.1,0,29.65,False
463,2026-07-27T12:04:12Z,113,1.4,0,0.1,0,29.65,False
464,2026-07-27T12:05:12Z,173,2,0,0.1,0,29.65,False
465,2026-07-27T12:06:12Z,0,1.6,0,0.1,0,29.65,False
466,2026-07-27T12:07:12Z,0,2,0,0.1,0,29.65,False
467,2026-07-27T12:08:12Z,113,2.4,0,0.1,0,29.65,False
468,2026-07-27T12:09:12Z,0,2.7,0,0.1,0,29.65,False
469,2026-07-27T12:10:12Z,0,0.9,0,0.1,0,29.65,False
470,2026-07-27T12:11:12Z,0,1.3,0,0.1,0,29.65,False
471,2026-07-27T12:12:12Z,0,1.4,0,0.1,0,29.65,False
472,2026-07-27T12:13:12Z,0,1.1,0,0.1,0,29.65,False
473,2026-07-27T12:14:12Z,0,0.4,0,0.1,0,29.65,False
474,2026-07-27T12:15:12Z,0,0.2,0,0.1,0,29.65,False
475,2026-07-27T12:16:12Z,0,1,0,0.1,0,29.65,False
476,2026-07-27T12:17:12Z,0,1.7,0,0.1,0,29.65,False
477,2026-07-27T12:18:12Z,0,4.7,0,0.1,0,29.65,False
478,2026-07-27T12:20:12Z,0,6.1,0,0.1,0,29.65,False
479,2026-07-27T12:21:12Z,0,4.9,0,0.1,0,29.65,False
480,2026-07-27T12:22:12Z,0,4,0,0.1,0,29.65,False
481,2026-07-27T12:23:12Z,113,4,0,0.1,0,29.65,False
482,2026-07-27T12:24:12Z,113,2.3,0,0.1,0,29.65,False
483,2026-07-27T12:25:12Z,0,2.1,0,0.1,0,29.65,False
484,2026-07-27T12:26:12Z,0,2.4,0,0.1,0,29.65,False
485,2026-07-27T12:27:12Z,0,2.9,0,0.1,0,29.65,False
486,2026-07-27T12:28:12Z,0,2.3,0,0.1,0,29.65,False
487,2026-07-27T12:30:12Z,0,3.5,0,0.1,0,29.65,False
488,2026-07-27T12:31:12Z,0,3.3,0,0.1,0,29.65,False
489,2026-07-27T12:32:12Z,0,4.9,0,0.1,0,29.65,False
490,2026-07-27T12:33:12Z,113,5.6,0,0.1,0,29.65,False
491,2026-07-27T12:34:12Z,123,2.6,0,0.1,0,29.65,False
492,2026-07-27T12:35:12Z,113,1.4,0,0.1,0,29.65,False
493,2026-07-27T12:36:12Z,0,1.5,0,0.1,0,29.65,False
494,2026-07-27T12:37:12Z,113,1.6,0,0.1,0,29.65,False
495,2026-07-27T12:38:12Z,110,2.3,0,0.1,0,29.65,False
496,2026-07-27T12:39:12Z,113,1.7,0,0.1,0,29.65,False
497,2026-07-27T12:40:12Z,203,1.1,0,0.1,0,29.65,False
498,2026-07-27T12:41:12Z,116,1.5,0,0.1,0,29.65,False
499,2026-07-27T12:42:12Z,0,1.8,0,0.1,0,29.65,False
500,2026-07-27T12:43:12Z,0,2.2,0,0.1,0,29.65,False
501,2026-07-27T12:44:12Z,0,1.8,0,0.1,0,29.65,False
502,2026-07-27T12:45:12Z,0,2.4,0,0.1,0,29.65,False
503,2026-07-27T12:46:12Z,0,1.8,0,0.1,0,29.65,False
504,2026-07-27T12:47:12Z,0,1.5,0,0.1,0,29.65,False
505,2026-07-27T12:48:12Z,113,1,0,0.1,0,29.65,False
506,2026-07-27T12:49:12Z,0,2.7,0,0.1,0,29.65,False
507,2026-07-27T12:50:12Z,0,2.2,0,0.1,0,29.65,False
508,2026-07-27T12:51:12Z,0,2.7,0,0.1,0,29.65,False
509,2026-07-27T12:52:12Z,0,3.3,0,0.1,0,29.65,False
510,2026-07-27T12:53:12Z,0,3.5,0,0.1,0,29.65,False
511,2026-07-27T12:54:12Z,0,3,0,0.1,0,29.65,False
512,2026-07-27T12:55:12Z,0,1.2,0,0.1,0,29.65,False
513,2026-07-27T12:56:12Z,0,2.1,0,0.1,0,29.65,False
514,2026-07-27T12:57:12Z,0,1.2,0,0.1,0,29.65,False
515,2026-07-27T12:58:12Z,0,0.8,0,0.1,0,29.65,False
516,2026-07-27T12:59:12Z,179,0.7,0,0.1,0,29.65,False
517,2026-07-27T13:00:12Z,178,1.1,0,0.1,0,29.65,False
518,2026-07-27T13:01:12Z,176,2.2,0,0.1,0,29.65,False
519,2026-07-27T13:02:12Z,180,3.3,0,0.1,0,29.65,False
520,2026-07-27T13:03:12Z,134,4.2,0,0.1,0,29.65,False
521,2026-07-27T13:04:12Z,180,3.6,0,0.1,0,29.65,False
522,2026-07-27T13:05:12Z,180,2.9,0,0.1,0,29.65,False
523,2026-07-27T13:06:12Z,0,2.3,0,0.1,0,29.65,False
524,2026-07-27T13:07:12Z,113,2.3,0,0.1,0,29.65,False
525,2026-07-27T13:08:12Z,0,2.3,0,0.1,0,29.65,False
526,2026-07-27T13:09:12Z,0,2.3,0,0.1,0,29.65,False
527,2026-07-27T13:10:12Z,0,2.5,0,0.1,0,29.65,False
528,2026-07-27T13:11:12Z,113,2.1,0,0.1,0,29.65,False
529,2026-07-27T13:12:12Z,23,2.1,0,0.1,0,29.64,False
530,2026-07-27T13:13:12Z,0,2.4,0,0.1,0,29.64,False
531,2026-07-27T13:14:12Z,0,2.1,0,0.1,0,29.65,False
532,2026-07-27T13:15:12Z,180,1.1,0,0.1,0,29.65,False
533,2026-07-27T13:16:12Z,0,1.7,0,0.1,0,29.65,False
534,2026-07-27T13:17:12Z,0,1.8,0,0.1,0,29.65,False
535,2026-07-27T13:18:12Z,163,2.4,0,0.1,0,29.65,False
536,2026-07-27T13:19:12Z,179,0.8,0,0.1,0,29.65,False
537,2026-07-27T13:20:12Z,182,0.5,0,0.1,0,29.65,False
538,2026-07-27T13:21:12Z,179,1,0,0.1,0,29.65,False
539,2026-07-27T13:22:12Z,143,0.3,0,0.1,0,29.65,False
540,2026-07-27T13:23:12Z,113,1.3,0,0.1,0,29.65,False
541,2026-07-27T13:24:12Z,0,1.8,0,0.1,0,29.65,False
542,2026-07-27T13:25:12Z,110,2.7,0,0.1,0,29.65,False
543,2026-07-27T13:26:12Z,0,1.9,0,0.1,0,29.65,False
544,2026-07-27T13:27:12Z,113,1.6,0,0.1,0,29.65,False
545,2026-07-27T13:28:12Z,118,2.4,0,0.1,0,29.64,False
546,2026-07-27T13:29:12Z,113,1.3,0,0.1,0,29.64,False
547,2026-07-27T13:30:12Z,179,0.1,0,0.1,0,29.64,False
548,2026-07-27T13:31:12Z,0,0.4,0,0.1,0,29.64,False
549,2026-07-27T13:32:12Z,0,1.3,0,0.1,0,29.64,False
550,2026-07-27T13:33:12Z,0,1.9,0,0.1,0,29.64,False
551,2026-07-27T13:34:12Z,0,1.1,0,0.1,0,29.64,False
552,2026-07-27T13:35:12Z,0,1.4,0,0.1,0,29.64,False
553,2026-07-27T13:36:12Z,0,2.2,0,0.1,0,29.64,False
554,2026-07-27T13:37:12Z,113,2,0,0.1,0,29.64,False
555,2026-07-27T13:38:12Z,113,2.5,0,0.1,0,29.64,False
556,2026-07-27T13:40:12Z,176,0.6,0,0.1,0,29.64,False
557,2026-07-27T13:41:12Z,128,1.6,0,0.1,0,29.64,False
558,2026-07-27T13:42:12Z,113,1.7,0,0.1,0,29.64,False
559,2026-07-27T13:43:12Z,180,1.2,0,0.1,0,29.64,False
560,2026-07-27T13:44:12Z,113,0.4,0,0.1,0,29.64,False
561,2026-07-27T13:45:12Z,113,0,0,0.1,0,29.64,False
562,2026-07-27T13:46:12Z,176,0,0,0.1,0,29.64,False
563,2026-07-27T13:47:12Z,116,0,0,0.1,0,29.64,False
564,2026-07-27T13:48:12Z,23,0.1,0,0.1,0,29.64,False
565,2026-07-27T13:49:12Z,110,0.6,0,0.1,0,29.64,False
566,2026-07-27T13:50:12Z,158,0.7,0,0.1,0,29.64,False
567,2026-07-27T13:51:12Z,122,1.4,0,0.1,0,29.64,False
568,2026-07-27T13:52:12Z,113,1.1,0,0.1,0,29.64,False
569,2026-07-27T13:53:12Z,123,0.4,0,0.1,0,29.64,False
570,2026-07-27T13:54:12Z,180,0.4,0,0.1,0,29.64,False
571,2026-07-27T13:55:12Z,157,0.5,0,0.1,0,29.64,False
572,2026-07-27T13:56:12Z,120,2,0,0.1,0,29.64,False
573,2026-07-27T13:57:12Z,140,1.5,0,0.1,0,29.64,False
574,2026-07-27T13:58:12Z,180,0.9,0,0.1,0,29.64,False
575,2026-07-27T13:59:12Z,180,2.1,0,0.1,0,29.64,False
576,2026-07-27T14:00:12Z,0,1,0,0.1,0,29.64,False
577,2026-07-27T14:01:12Z,178,0.8,0,0.1,0,29.64,False
578,2026-07-27T14:02:12Z,0,0.5,0,0.1,0,29.64,False
579,2026-07-27T14:03:12Z,0,0.9,0,0.1,0,29.64,False
580,2026-07-27T14:04:12Z,113,1.3,0,0.1,0,29.64,False
581,2026-07-27T14:05:12Z,111,2,0,0.1,0,29.64,False
582,2026-07-27T14:06:12Z,114,1,0,0.1,0,29.64,False
583,2026-07-27T14:07:12Z,124,3,0,0.1,0,29.64,False
584,2026-07-27T14:08:12Z,0,2.5,0,0.1,0,29.64,False
585,2026-07-27T14:09:12Z,0,2.4,0,0.1,0,29.64,False
586,2026-07-27T14:10:12Z,0,1.4,0,0.1,0,29.64,False
587,2026-07-27T14:11:12Z,0,2.4,0,0.1,0,29.64,False
588,2026-07-27T14:12:12Z,113,1.9,0,0.1,0,29.64,False
589,2026-07-27T14:13:12Z,113,1.8,0,0.1,0,29.64,False
590,2026-07-27T14:14:12Z,113,0.8,0,0.1,0,29.64,False
591,2026-07-27T14:15:12Z,175,1.3,0,0.1,0,29.64,False
592,2026-07-27T14:16:12Z,167,0.9,0,0.1,0,29.64,False
593,2026-07-27T14:17:12Z,133,0.7,0,0.1,0,29.64,False
594,2026-07-27T14:18:12Z,160,1.3,0,0.1,0,29.64,False
595,2026-07-27T14:20:12Z,0,2.6,0,0.1,0,29.64,False
596,2026-07-27T14:21:12Z,0,2.1,0,0.1,0,29.64,False
597,2026-07-27T14:22:12Z,146,1.1,0,0.1,0,29.64,False
598,2026-07-27T14:23:12Z,173,0.5,0,0.1,0,29.64,False
599,2026-07-27T14:24:12Z,182,1.8,0,0.1,0,29.64,False
600,2026-07-27T14:25:12Z,180,1.6,0,0.1,0,29.64,False
601,2026-07-27T14:26:12Z,180,1.6,0,0.1,0,29.64,False
602,2026-07-27T14:27:12Z,178,2.8,0,0.1,0,29.64,False
603,2026-07-27T14:28:12Z,179,3.2,0,0.1,0,29.64,False
604,2026-07-27T14:29:12Z,173,1.7,0,0.1,0,29.64,False
605,2026-07-27T14:30:12Z,160,0.8,0,0.1,0,29.64,False
606,2026-07-27T14:31:12Z,180,1.6,0,0.1,0,29.64,False
607,2026-07-27T14:32:12Z,0,3.1,0,0.1,0,29.64,False
608,2026-07-27T14:33:12Z,113,2.4,0,0.1,0,29.65,False
609,2026-07-27T14:34:12Z,0,1.6,0,0.1,0,29.65,False
610,2026-07-27T14:35:12Z,0,1.6,0,0.1,0,29.64,False
611,2026-07-27T14:36:12Z,161,1,0,0.1,0,29.64,False
612,2026-07-27T14:37:12Z,180,2.1,0,0.1,0,29.64,False
613,2026-07-27T14:38:12Z,180,1.1,0,0.1,0,29.64,False
614,2026-07-27T14:39:12Z,180,0.5,0,0.1,0,29.64,False
615,2026-07-27T14:41:12Z,117,1.6,0,0.1,0,29.64,False
616,2026-07-27T14:42:12Z,159,0.9,0,0.1,0,29.64,False
617,2026-07-27T14:43:12Z,121,1,0,0.1,0,29.64,False
618,2026-07-27T14:44:12Z,180,1.2,0,0.1,0,29.64,False
619,2026-07-27T14:45:12Z,179,1.4,0,0.1,0,29.64,False
620,2026-07-27T14:46:12Z,186,1.1,0,0.1,0,29.64,False
621,2026-07-27T14:47:12Z,180,3,0,0.1,0,29.64,False
622,2026-07-27T14:48:12Z,180,3.7,0,0.1,0,29.64,False
623,2026-07-27T14:49:12Z,180,4.2,0,0.1,0,29.64,False
624,2026-07-27T14:50:12Z,175,2.6,0,0.1,0,29.64,False
625,2026-07-27T14:51:12Z,180,3,0,0.1,0,29.64,False
626,2026-07-27T14:52:12Z,180,2.8,0,0.1,0,29.64,False
627,2026-07-27T14:53:12Z,170,2.5,0,0.1,0,29.64,False
628,2026-07-27T14:54:12Z,147,1.7,0,0.1,0,29.64,False
629,2026-07-27T14:55:12Z,179,2.4,0,0.1,0,29.64,False
630,2026-07-27T14:56:12Z,188,1.1,0,0.1,0,29.64,False
631,2026-07-27T14:57:12Z,180,1.7,0,0.1,0,29.64,False
632,2026-07-27T14:58:12Z,179,2.3,0,0.1,0,29.64,False
633,2026-07-27T14:59:12Z,180,2.4,0,0.1,0,29.64,False
634,2026-07-27T15:01:12Z,113,1.9,0,0.1,0,29.64,False
635,2026-07-27T15:02:12Z,0,2.8,0,0.1,0,29.64,False
636,2026-07-27T15:03:12Z,180,2,0,0.1,0,29.64,False
637,2026-07-27T15:04:12Z,176,1.9,0,0.1,0,29.64,False
638,2026-07-27T15:05:12Z,146,1.2,0,0.1,0,29.64,False
639,2026-07-27T15:06:12Z,165,1.9,0,0.1,0,29.64,False
640,2026-07-27T15:07:12Z,180,2.4,0,0.1,0,29.64,False
641,2026-07-27T15:08:12Z,137,2.8,0,0.1,0,29.64,False
642,2026-07-27T15:10:12Z,176,0.6,0,0.1,0,29.64,False
643,2026-07-27T15:11:12Z,178,1.5,0,0.1,0,29.64,False
644,2026-07-27T15:12:12Z,180,2.2,0,0.1,0,29.64,False
645,2026-07-27T15:13:12Z,23,2.3,0,0.1,0,29.64,False
646,2026-07-27T15:14:12Z,190,0.9,0,0.1,0,29.64,False
647,2026-07-27T15:15:12Z,130,2,0,0.1,0,29.64,False
648,2026-07-27T15:16:12Z,113,2.5,0,0.1,0,29.64,False
649,2026-07-27T15:17:12Z,113,0.7,0,0.1,0,29.64,False
650,2026-07-27T15:18:12Z,175,2,0,0.1,0,29.64,False
651,2026-07-27T15:20:12Z,180,2.6,0,0.1,0,29.64,False
652,2026-07-27T15:21:12Z,179,3.2,0,0.1,0,29.64,False
653,2026-07-27T15:22:12Z,178,2.6,0,0.1,0,29.64,False
654,2026-07-27T15:23:12Z,180,2.4,0,0.1,0,29.64,False
655,2026-07-27T15:24:12Z,0,1.8,0,0.1,0,29.64,False
656,2026-07-27T15:25:12Z,172,1.9,0,0.1,0,29.64,False
657,2026-07-27T15:26:12Z,176,3.5,0,0.1,0,29.64,False
658,2026-07-27T15:27:12Z,167,2.4,0,0.1,0,29.64,False
659,2026-07-27T15:28:12Z,178,1.5,0,0.1,0,29.64,False
660,2026-07-27T15:29:12Z,180,1.8,0,0.1,0,29.63,False
661,2026-07-27T15:30:12Z,180,1.5,0,0.1,0,29.63,False
662,2026-07-27T15:31:12Z,180,1.6,0,0.1,0,29.63,False
663,2026-07-27T15:32:12Z,180,1.4,0,0.1,0,29.63,False
664,2026-07-27T15:33:12Z,94,1.7,0,0.1,0,29.63,False
665,2026-07-27T15:34:12Z,166,1.7,0,0.1,0,29.63,False
666,2026-07-27T15:35:12Z,57,1.5,0,0.1,0,29.63,False
667,2026-07-27T15:36:12Z,180,0.8,0,0.1,0,29.63,False
668,2026-07-27T15:37:12Z,113,1,0,0.1,0,29.63,False
669,2026-07-27T15:38:12Z,122,1.5,0,0.1,0,29.63,False
670,2026-07-27T15:39:12Z,113,3.7,0,0.1,0,29.63,False
671,2026-07-27T15:40:12Z,113,3.8,0,0.1,0,29.63,False
672,2026-07-27T15:41:12Z,0,4,0,0.1,0,29.63,False
673,2026-07-27T15:42:12Z,0,2,0,0.1,0,29.63,False
674,2026-07-27T15:43:12Z,146,1.4,0,0.1,0,29.63,False
675,2026-07-27T15:44:12Z,0,2.4,0,0.1,0,29.63,False
676,2026-07-27T15:45:12Z,0,3.6,0,0.1,0,29.63,False
677,2026-07-27T15:46:12Z,113,4.2,0,0.1,0,29.63,False
678,2026-07-27T15:47:12Z,113,3.8,0,0.1,0,29.63,False
679,2026-07-27T15:48:12Z,114,3.3,0,0.1,0,29.63,False
680,2026-07-27T15:50:12Z,111,2.9,0,0.1,0,29.63,False
681,2026-07-27T15:51:12Z,136,2.2,0,0.1,0,29.63,False
682,2026-07-27T15:52:12Z,0,2.6,0,0.1,0,29.63,False
683,2026-07-27T15:53:12Z,0,5.9,0,0.1,0,29.63,False
684,2026-07-27T15:54:12Z,113,5.2,0,0.1,0,29.63,False
685,2026-07-27T15:55:12Z,113,4.2,0,0.1,0,29.62,False
686,2026-07-27T15:56:12Z,113,4.8,0,0.1,0,29.63,False
687,2026-07-27T15:57:12Z,113,3.5,0,0.1,0,29.62,False
688,2026-07-27T15:58:12Z,0,3.4,0,0.1,0,29.63,False
689,2026-07-27T15:59:12Z,0,2.5,0,0.1,0,29.63,False
690,2026-07-27T16:01:12Z,0,2.2,0,0.1,0,29.63,False
691,2026-07-27T16:02:12Z,158,0.7,0,0.1,0,29.62,False
692,2026-07-27T16:03:12Z,155,0.7,0,0.1,0,29.62,False
693,2026-07-27T16:04:12Z,147,3,0,0.1,0,29.62,False
694,2026-07-27T16:05:12Z,113,2.4,0,0.1,0,29.62,False
695,2026-07-27T16:06:12Z,180,0.3,0,0.1,0,29.62,False
696,2026-07-27T16:07:12Z,172,1,0,0.1,0,29.62,False
697,2026-07-27T16:08:12Z,0,3.9,0,0.1,0,29.62,False
698,2026-07-27T16:09:12Z,113,2.9,0,0.1,0,29.62,False
699,2026-07-27T16:10:12Z,0,5.2,0,0.1,0,29.62,False
700,2026-07-27T16:11:12Z,113,4.3,0,0.1,0,29.62,False
701,2026-07-27T16:12:12Z,0,3,0,0.1,0,29.62,False
702,2026-07-27T16:13:12Z,192,1.5,0,0.1,0,29.62,False
703,2026-07-27T16:14:12Z,113,3.7,0,0.1,0,29.62,False
704,2026-07-27T16:15:12Z,119,3.2,0,0.1,0,29.62,False
705,2026-07-27T16:16:12Z,113,3.3,0,0.1,0,29.62,False
706,2026-07-27T16:17:12Z,0,4.4,0,0.1,0,29.62,False
707,2026-07-27T16:18:12Z,113,2.2,0,0.1,0,29.62,False
708,2026-07-27T16:20:12Z,178,1.2,0,0.1,0,29.62,False
709,2026-07-27T16:21:12Z,180,1.5,0,0.1,0,29.62,False
710,2026-07-27T16:22:12Z,129,1.2,0,0.1,0,29.62,False
711,2026-07-27T16:23:12Z,128,2.4,0,0.1,0,29.62,False
712,2026-07-27T16:24:12Z,138,4.9,0,0.1,0,29.62,False
713,2026-07-27T16:25:12Z,173,1.5,0,0.1,0,29.62,False
714,2026-07-27T16:26:12Z,180,1.3,0,0.1,0,29.62,False
715,2026-07-27T16:27:12Z,151,2.9,0,0.1,0,29.62,False
716,2026-07-27T16:28:12Z,136,2.4,0,0.1,0,29.62,False
717,2026-07-27T16:29:12Z,125,4.3,0,0.1,0,29.63,False
718,2026-07-27T16:30:12Z,133,3.1,0,0.1,0,29.63,False
719,2026-07-27T16:31:12Z,168,0.5,0,0.1,0,29.63,False
720,2026-07-27T16:32:12Z,113,3.2,0,0.1,0,29.63,False
721,2026-07-27T16:33:12Z,177,1.6,0,0.1,0,29.63,False
722,2026-07-27T16:34:12Z,136,1.7,0,0.1,0,29.63,False
723,2026-07-27T16:35:12Z,126,2.6,0,0.1,0,29.63,False
724,2026-07-27T16:36:12Z,127,2.8,0,0.1,0,29.62,False
725,2026-07-27T16:37:12Z,185,2.2,0,0.1,0,29.62,False
726,2026-07-27T16:38:12Z,114,3.9,0,0.1,0,29.62,False
727,2026-07-27T16:40:12Z,169,1.5,0,0.1,0,29.62,False
728,2026-07-27T16:41:12Z,178,1.7,0,0.1,0,29.62,False
729,2026-07-27T16:42:12Z,176,0.5,0,0.1,0,29.62,False
730,2026-07-27T16:43:12Z,179,1.1,0,0.1,0,29.62,False
731,2026-07-27T16:44:12Z,113,3.6,0,0.1,0,29.62,False
732,2026-07-27T16:45:12Z,116,2.3,0,0.1,0,29.62,False
733,2026-07-27T16:46:12Z,173,1.7,0,0.1,0,29.62,False
734,2026-07-27T16:47:12Z,131,1.9,0,0.1,0,29.62,False
735,2026-07-27T16:48:12Z,113,3.5,0,0.1,0,29.62,False
736,2026-07-27T16:50:12Z,113,2.3,0,0.1,0,29.62,False
737,2026-07-27T16:51:12Z,146,1.7,0,0.1,0,29.63,False
738,2026-07-27T16:52:12Z,0,4.2,0,0.1,0,29.63,False
739,2026-07-27T16:53:12Z,141,1.4,0,0.1,0,29.62,False
740,2026-07-27T16:54:12Z,176,2,0,0.1,0,29.62,False
741,2026-07-27T16:55:12Z,113,2.9,0,0.1,0,29.62,False
742,2026-07-27T16:56:12Z,145,2.5,0,0.1,0,29.62,False
743,2026-07-27T16:57:12Z,133,2.5,0,0.1,0,29.62,False
744,2026-07-27T16:58:12Z,161,1.4,0,0.1,0,29.62,False
745,2026-07-27T16:59:12Z,116,4.7,0,0.1,0,29.62,False
746,2026-07-27T17:01:12Z,135,3.3,0,0.1,0,29.62,False
747,2026-07-27T17:02:12Z,123,3.9,0,0.1,0,29.62,False
748,2026-07-27T17:03:12Z,144,3.6,0,0.1,0,29.62,False
749,2026-07-27T17:04:12Z,121,3.3,0,0.1,0,29.62,False
750,2026-07-27T17:05:12Z,122,2.7,0,0.1,0,29.62,False
751,2026-07-27T17:06:12Z,113,3.8,0,0.1,0,29.62,False
752,2026-07-27T17:07:12Z,0,3.9,0,0.1,0,29.62,False
753,2026-07-27T17:08:12Z,118,3,0,0.1,0,29.62,False
754,2026-07-27T17:09:12Z,113,2.4,0,0.1,0,29.62,False
755,2026-07-27T17:10:12Z,113,3.8,0,0.1,0,29.61,False
756,2026-07-27T17:11:12Z,113,4.7,0,0.1,0,29.61,False
757,2026-07-27T17:12:12Z,158,1.9,0,0.1,0,29.61,False
758,2026-07-27T17:13:12Z,194,0.8,0,0.1,0,29.61,False
759,2026-07-27T17:14:12Z,0,1.8,0,0.1,0,29.61,False
760,2026-07-27T17:15:12Z,0,3.1,0,0.1,0,29.61,False
761,2026-07-27T17:16:12Z,113,3.5,0,0.1,0,29.61,False
762,2026-07-27T17:17:12Z,118,2.8,0,0.1,0,29.61,False
763,2026-07-27T17:18:12Z,113,3.1,0,0.1,0,29.61,False
764,2026-07-27T17:19:12Z,113,5.4,0,0.1,0,29.61,False
765,2026-07-27T17:20:12Z,122,4.1,0,0.1,0,29.61,False
766,2026-07-27T17:21:12Z,117,3.6,0,0.1,0,29.61,False
767,2026-07-27T17:22:12Z,113,5.8,0,0.1,0,29.61,False
768,2026-07-27T17:23:12Z,113,4.4,0,0.1,0,29.61,False
769,2026-07-27T17:24:12Z,113,3.1,0,0.1,0,29.61,False
770,2026-07-27T17:25:12Z,178,4.1,0,0.1,0,29.61,False
771,2026-07-27T17:26:12Z,128,3.5,0,0.1,0,29.61,False
772,2026-07-27T17:27:12Z,122,2.6,0,0.1,0,29.61,False
773,2026-07-27T17:28:12Z,175,1.2,0,0.1,0,29.61,False
774,2026-07-27T17:29:12Z,113,2.8,0,0.1,0,29.61,False
775,2026-07-27T17:30:12Z,128,3,0,0.1,0,29.61,False
776,2026-07-27T17:31:12Z,129,5.3,0,0.1,0,29.61,False
777,2026-07-27T17:32:12Z,124,6.2,0,0.1,0,29.61,False
778,2026-07-27T17:33:12Z,113,8.300000000000001,0,0.1,0,29.61,False
779,2026-07-27T17:34:12Z,163,2.2,0,0.1,0,29.61,False
780,2026-07-27T17:35:12Z,0,3.2,0,0.1,0,29.61,False
781,2026-07-27T17:36:12Z,113,3.3,0,0.1,0,29.61,False
782,2026-07-27T17:37:12Z,113,2.6,0,0.1,0,29.61,False
783,2026-07-27T17:38:12Z,113,3.7,0,0.1,0,29.61,False
784,2026-07-27T17:39:12Z,0,3.3,0,0.1,0,29.61,False
785,2026-07-27T17:40:12Z,0,4,0,0.1,0,29.61,False
786,2026-07-27T17:41:12Z,203,1.4,0,0.1,0,29.61,False
787,2026-07-27T17:42:12Z,113,2.5,0,0.1,0,29.61,False
788,2026-07-27T17:43:12Z,113,2.7,0,0.1,0,29.61,False
789,2026-07-27T17:44:12Z,131,3.8,0,0.1,0,29.61,False
790,2026-07-27T17:45:12Z,125,4.6,0,0.1,0,29.61,False
791,2026-07-27T17:46:12Z,129,4.7,0,0.1,0,29.61,False
792,2026-07-27T17:47:12Z,142,3.3,0,0.1,0,29.61,False
793,2026-07-27T17:48:12Z,142,1.8,0,0.1,0,29.61,False
794,2026-07-27T17:49:12Z,118,1.6,0,0.1,0,29.61,False
795,2026-07-27T17:50:12Z,127,1.7,0,0.1,0,29.61,False
796,2026-07-27T17:51:12Z,66,1.4,0,0.1,0,29.61,False
797,2026-07-27T17:52:12Z,140,3.4,0,0.1,0,29.61,False
798,2026-07-27T17:53:12Z,167,1.3,0,0.1,0,29.61,False
799,2026-07-27T17:54:12Z,38,3.6,0,0.1,0,29.61,False
800,2026-07-27T17:55:12Z,147,2.4,0,0.1,0,29.61,False
801,2026-07-27T17:56:12Z,168,4.3,0,0.1,0,29.61,False
802,2026-07-27T17:57:12Z,176,2.8,0,0.1,0,29.61,False
803,2026-07-27T17:58:12Z,76,2.5,0,0.1,0,29.61,False
804,2026-07-27T17:59:12Z,187,2.5,0,0.1,0,29.61,False
805,2026-07-27T18:01:12Z,180,3.2,0,0.1,0,29.61,False
806,2026-07-27T18:02:12Z,180,3.9,0,0.1,0,29.61,False
807,2026-07-27T18:03:12Z,176,3.2,0,0.1,0,29.61,False
808,2026-07-27T18:04:12Z,102,2.1,0,0.1,0,29.61,False
809,2026-07-27T18:05:12Z,0,3.3,0,0.1,0,29.61,False
810,2026-07-27T18:06:12Z,113,2.6,0,0.1,0,29.61,False
811,2026-07-27T18:07:12Z,86,3,0,0.1,0,29.61,False
812,2026-07-27T18:08:12Z,113,5.5,0,0.1,0,29.6,False
813,2026-07-27T18:09:12Z,165,3.7,0,0.1,0,29.6,False
814,2026-07-27T18:11:12Z,203,4.6,0,0.1,0,29.6,False
815,2026-07-27T18:12:12Z,0,4.5,0,0.1,0,29.6,False
816,2026-07-27T18:13:12Z,0,4.8,0,0.1,0,29.6,False
817,2026-07-27T18:14:12Z,113,4.6,0,0.1,0,29.6,False
818,2026-07-27T18:15:12Z,113,3.9,0,0.1,0,29.6,False
819,2026-07-27T18:16:12Z,120,3.9,0,0.1,0,29.6,False
820,2026-07-27T18:17:12Z,113,4,0,0.1,0,29.6,False
821,2026-07-27T18:18:12Z,0,4,0,0.1,0,29.6,False
822,2026-07-27T18:19:12Z,171,2.8,0,0.1,0,29.6,False
823,2026-07-27T18:20:12Z,0,3.3,0,0.1,0,29.6,False
824,2026-07-27T18:21:12Z,0,3.9,0,0.1,0,29.6,False
825,2026-07-27T18:22:12Z,175,1.7,0,0.1,0,29.6,False
826,2026-07-27T18:23:12Z,148,1.1,0,0.1,0,29.6,False
827,2026-07-27T18:24:12Z,151,3.1,0,0.1,0,29.6,False
828,2026-07-27T18:25:12Z,113,3.9,0,0.1,0,29.59,False
829,2026-07-27T18:26:12Z,173,3.6,0,0.1,0,29.59,False
830,2026-07-27T18:27:12Z,113,3.3,0,0.1,0,29.59,False
831,2026-07-27T18:28:12Z,0,4.3,0,0.1,0,29.59,False
832,2026-07-27T18:29:12Z,152,2.1,0,0.1,0,29.59,False
833,2026-07-27T18:31:12Z,180,3.2,0,0.1,0,29.6,False
834,2026-07-27T18:32:12Z,0,2.2,0,0.1,0,29.6,False
835,2026-07-27T18:33:12Z,113,2.1,0,0.1,0,29.6,False
836,2026-07-27T18:34:12Z,176,0.8,0,0.1,0,29.6,False
837,2026-07-27T18:35:12Z,113,2.5,0,0.1,0,29.6,False
838,2026-07-27T18:36:12Z,122,2.2,0,0.1,0,29.6,False
839,2026-07-27T18:37:12Z,182,1.6,0,0.1,0,29.6,False
840,2026-07-27T18:38:12Z,180,2.4,0,0.1,0,29.59,False
841,2026-07-27T18:39:12Z,108,1.6,0,0.1,0,29.59,False
842,2026-07-27T18:40:12Z,0,4.2,0,0.1,0,29.59,False
843,2026-07-27T18:41:12Z,113,3,0,0.1,0,29.59,False
844,2026-07-27T18:42:12Z,0,4.5,0,0.1,0,29.59,False
845,2026-07-27T18:43:12Z,0,5.1,0,0.1,0,29.59,False
846,2026-07-27T18:44:12Z,113,6.1,0,0.1,0,29.59,False
847,2026-07-27T18:45:12Z,180,4.1,0,0.1,0,29.59,False
848,2026-07-27T18:46:12Z,0,4.2,0,0.1,0,29.59,False
849,2026-07-27T18:47:12Z,0,4.2,0,0.1,0,29.59,False
850,2026-07-27T18:48:12Z,0,5.7,0,0.1,0,29.59,False
851,2026-07-27T18:49:12Z,0,4.2,0,0.1,0,29.59,False
852,2026-07-27T18:50:12Z,0,4.7,0,0.1,0,29.59,False
853,2026-07-27T18:51:12Z,0,2.5,0,0.1,0,29.59,False
854,2026-07-27T18:52:12Z,180,3.4,0,0.1,0,29.59,False
855,2026-07-27T18:53:12Z,175,4.6,0,0.1,0,29.58,False
856,2026-07-27T18:54:12Z,0,6.1,0,0.1,0,29.58,False
857,2026-07-27T18:55:12Z,0,3.4,0,0.1,0,29.58,False
858,2026-07-27T18:56:12Z,0,3.1,0,0.1,0,29.58,False
859,2026-07-27T18:57:12Z,0,2.6,0,0.1,0,29.58,False
860,2026-07-27T18:58:12Z,203,2.4,0,0.1,0,29.58,False
861,2026-07-27T18:59:12Z,159,1.6,0,0.1,0,29.58,False
862,2026-07-27T19:01:12Z,180,1.6,0,0.1,0,29.58,False
863,2026-07-27T19:02:12Z,180,1.7,0,0.1,0,29.58,False
864,2026-07-27T19:03:12Z,0,3.4,0,0.1,0,29.58,False
865,2026-07-27T19:04:12Z,180,2.6,0,0.1,0,29.58,False
866,2026-07-27T19:05:12Z,0,3.3,0,0.1,0,29.58,False
867,2026-07-27T19:06:12Z,0,4.6,0,0.1,0,29.58,False
868,2026-07-27T19:07:12Z,113,3.6,0,0.1,0,29.58,False
869,2026-07-27T19:08:12Z,176,3.2,0,0.1,0,29.58,False
870,2026-07-27T19:10:12Z,153,5.6,0,0.1,0,29.58,False
871,2026-07-27T19:11:12Z,0,3.2,0,0.1,0,29.58,False
872,2026-07-27T19:12:12Z,117,3.7,0,0.1,0,29.58,False
873,2026-07-27T19:13:12Z,113,4.7,0,0.1,0,29.58,False
874,2026-07-27T19:14:12Z,0,3,0,0.1,0,29.58,False
875,2026-07-27T19:15:12Z,118,3.9,0,0.1,0,29.58,False
876,2026-07-27T19:16:12Z,0,3.3,0,0.1,0,29.58,False
877,2026-07-27T19:17:12Z,0,2.6,0,0.1,0,29.58,False
878,2026-07-27T19:18:12Z,0,1.5,0,0.1,0,29.58,False
879,2026-07-27T19:19:12Z,113,1.4,0,0.1,0,29.58,False
880,2026-07-27T19:21:12Z,176,0.8,0,0.1,0,29.58,False
881,2026-07-27T19:22:12Z,163,2.2,0,0.1,0,29.58,False
882,2026-07-27T19:23:12Z,143,3.3,0,0.1,0,29.58,False
883,2026-07-27T19:24:12Z,0,4.3,0,0.1,0,29.58,False
884,2026-07-27T19:25:12Z,113,5,0,0.1,0,29.58,False
885,2026-07-27T19:26:12Z,146,2.2,0,0.1,0,29.58,False
886,2026-07-27T19:27:12Z,118,4.4,0,0.1,0,29.58,False
887,2026-07-27T19:28:12Z,114,3.3,0,0.1,0,29.57,False
888,2026-07-27T19:30:12Z,121,2.2,0,0.1,0,29.57,False
889,2026-07-27T19:31:12Z,122,3.9,0,0.1,0,29.57,False
890,2026-07-27T19:32:12Z,149,2,0,0.1,0,29.57,False
891,2026-07-27T19:33:12Z,158,4.1,0,0.1,0,29.57,False
892,2026-07-27T19:34:12Z,153,4.5,0,0.1,0,29.57,False
893,2026-07-27T19:35:12Z,113,4.1,0,0.1,0,29.57,False
894,2026-07-27T19:36:12Z,113,3.2,0,0.1,0,29.57,False
895,2026-07-27T19:37:12Z,0,3.8,0,0.1,0,29.57,False
896,2026-07-27T19:38:12Z,113,3.2,0,0.1,0,29.57,False
897,2026-07-27T19:39:12Z,148,4.3,0,0.1,0,29.57,False
898,2026-07-27T19:40:12Z,113,4.2,0,0.1,0,29.57,False
899,2026-07-27T19:41:12Z,158,3.3,0,0.1,0,29.57,False
900,2026-07-27T19:42:12Z,113,2.8,0,0.1,0,29.57,False
901,2026-07-27T19:43:12Z,113,4.7,0,0.1,0,29.57,False
902,2026-07-27T19:44:12Z,146,3.2,0,0.1,0,29.57,False
903,2026-07-27T19:45:12Z,131,2.3,0,0.1,0,29.57,False
904,2026-07-27T19:46:12Z,113,2.7,0,0.1,0,29.57,False
905,2026-07-27T19:47:12Z,139,1.8,0,0.1,0,29.57,False
906,2026-07-27T19:48:12Z,113,4.2,0,0.1,0,29.57,False
907,2026-07-27T19:50:12Z,0,4.5,0,0.1,0,29.57,False
908,2026-07-27T19:51:12Z,0,4.1,0,0.1,0,29.57,False
909,2026-07-27T19:52:12Z,0,4,0,0.1,0,29.57,False
910,2026-07-27T19:53:12Z,0,2.9,0,0.1,0,29.57,False
911,2026-07-27T19:54:12Z,0,2.4,0,0.1,0,29.57,False
912,2026-07-27T19:55:12Z,173,2.4,0,0.1,0,29.57,False
913,2026-07-27T19:56:12Z,0,5.9,0,0.1,0,29.57,False
914,2026-07-27T19:57:12Z,0,5.7,0,0.1,0,29.57,False
915,2026-07-27T19:58:12Z,0,5.7,0,0.1,0,29.57,False
916,2026-07-27T19:59:12Z,0,5.1,0,0.1,0,29.57,False
917,2026-07-27T20:00:12Z,0,5.6,0,0.1,0,29.57,False
918,2026-07-27T20:01:12Z,113,5.5,0,0.1,0,29.57,False
919,2026-07-27T20:02:12Z,113,7.2,0,0.1,0,29.56,False
920,2026-07-27T20:03:12Z,0,6.9,0,0.1,0,29.56,False
921,2026-07-27T20:04:12Z,0,4.3,0,0.1,0,29.56,False
922,2026-07-27T20:05:12Z,113,3.6,0,0.1,0,29.56,False
923,2026-07-27T20:06:12Z,124,4.4,0,0.1,0,29.56,False
924,2026-07-27T20:07:12Z,0,3.7,0,0.1,0,29.56,False
925,2026-07-27T20:08:12Z,0,1.9,0,0.1,0,29.56,False
926,2026-07-27T20:09:12Z,177,0.7,0,0.1,0,29.56,False
927,2026-07-27T20:11:12Z,127,1.9,0,0.1,0,29.56,False
928,2026-07-27T20:12:12Z,48,0.7,0,0.1,0,29.56,False
929,2026-07-27T20:13:12Z,113,2.5,0,0.1,0,29.56,False
930,2026-07-27T20:14:12Z,0,2.9,0,0.1,0,29.56,False
931,2026-07-27T20:15:12Z,139,1.9,0,0.1,0,29.56,False
932,2026-07-27T20:16:12Z,0,5.2,0,0.1,0,29.56,False
933,2026-07-27T20:17:12Z,113,3.3,0,0.1,0,29.56,False
934,2026-07-27T20:18:12Z,113,1.8,0,0.1,0,29.56,False
935,2026-07-27T20:20:12Z,0,1.7,0,0.1,0,29.56,False
936,2026-07-27T20:21:12Z,180,2.5,0,0.1,0,29.56,False
937,2026-07-27T20:22:12Z,0,3.1,0,0.1,0,29.56,False
938,2026-07-27T20:23:12Z,0,4.4,0,0.1,0,29.56,False
939,2026-07-27T20:24:12Z,170,1.3,0,0.1,0,29.56,False
940,2026-07-27T20:25:12Z,173,1.3,0,0.1,0,29.56,False
941,2026-07-27T20:26:12Z,180,2.4,0,0.1,0,29.56,False
942,2026-07-27T20:27:12Z,113,2.3,0,0.1,0,29.56,False
943,2026-07-27T20:28:12Z,0,5.6,0,0.1,0,29.56,False
944,2026-07-27T20:29:12Z,0,3.9,0,0.1,0,29.56,False
945,2026-07-27T20:30:12Z,120,2.1,0,0.1,0,29.56,False
946,2026-07-27T20:31:12Z,0,5.7,0,0.1,0,29.57,False
947,2026-07-27T20:32:12Z,113,5.6,0,0.1,0,29.57,False
948,2026-07-27T20:33:12Z,113,4.8,0,0.1,0,29.57,False
949,2026-07-27T20:34:12Z,113,3.4,0,0.1,0,29.57,False
950,2026-07-27T20:35:12Z,0,3.3,0,0.1,0,29.57,False
951,2026-07-27T20:36:12Z,0,5.2,0,0.1,0,29.57,False
952,2026-07-27T20:37:12Z,113,5.6,0,0.1,0,29.57,False
953,2026-07-27T20:38:12Z,113,5.5,0,0.1,0,29.57,False
954,2026-07-27T20:40:12Z,0,3.9,0,0.1,0,29.57,False
955,2026-07-27T20:41:12Z,113,6,0,0.1,0,29.57,False
956,2026-07-27T20:42:12Z,127,5.9,0,0.1,0,29.57,False
957,2026-07-27T20:43:12Z,120,4.8,0,0.1,0,29.57,False
958,2026-07-27T20:44:12Z,113,5.9,0,0.1,0,29.57,False
959,2026-07-27T20:45:12Z,124,4.8,0,0.1,0,29.57,False
960,2026-07-27T20:46:12Z,113,5.4,0,0.1,0,29.57,False
961,2026-07-27T20:47:12Z,113,4.8,0,0.1,0,29.57,False
962,2026-07-27T20:48:12Z,109,6.1,0,0.1,0,29.57,False
963,2026-07-27T20:49:12Z,113,6.1,0,0.1,0,29.57,False
964,2026-07-27T20:50:12Z,111,4.6,0,0.1,0,29.57,False
965,2026-07-27T20:51:12Z,113,5,0,0.1,0,29.57,False
966,2026-07-27T20:52:12Z,115,5,0,0.1,0,29.57,False
967,2026-07-27T20:53:12Z,130,4.3,0,0.1,0,29.57,False
968,2026-07-27T20:54:12Z,115,6.6,0,0.1,0,29.57,False
969,2026-07-27T20:55:12Z,117,4.4,0,0.1,0,29.57,False
970,2026-07-27T20:56:12Z,113,4.2,0,0.1,0,29.57,False
971,2026-07-27T20:57:12Z,113,4.7,0,0.1,0,29.57,False
972,2026-07-27T20:58:12Z,113,3.6,0,0.1,0,29.57,False
973,2026-07-27T20:59:12Z,134,1.7,0,0.1,0,29.57,False
974,2026-07-27T21:01:12Z,173,2.1,0,0.1,0,29.56,False
975,2026-07-27T21:02:12Z,0,1.7,0,0.1,0,29.56,False
976,2026-07-27T21:03:12Z,203,3.6,0,0.1,0,29.56,False
977,2026-07-27T21:04:12Z,0,3.2,0,0.1,0,29.56,False
978,2026-07-27T21:05:12Z,134,1.9,0,0.1,0,29.56,False
979,2026-07-27T21:06:12Z,166,2.3,0,0.1,0,29.56,False
980,2026-07-27T21:07:12Z,176,2.8,0,0.1,0,29.56,False
981,2026-07-27T21:08:12Z,120,5,0,0.1,0,29.56,False
982,2026-07-27T21:10:12Z,114,3.2,0,0.1,0,29.56,False
983,2026-07-27T21:11:12Z,113,4.8,0,0.1,0,29.56,False
984,2026-07-27T21:12:12Z,132,5,0,0.1,0,29.56,False
985,2026-07-27T21:13:12Z,0,4.4,0,0.1,0,29.56,False
986,2026-07-27T21:14:12Z,0,4.4,0,0.1,0,29.56,False
987,2026-07-27T21:15:12Z,180,2.5,0,0.1,0,29.56,False
988,2026-07-27T21:16:12Z,174,1.8,0,0.1,0,29.56,False
989,2026-07-27T21:17:12Z,0,3.2,0,0.1,0,29.56,False
990,2026-07-27T21:18:12Z,0,2.8,0,0.1,0,29.56,False
991,2026-07-27T21:19:12Z,180,1.7,0,0.1,0,29.56,False
992,2026-07-27T21:20:12Z,180,3.7,0,0.1,0,29.56,False
993,2026-07-27T21:21:12Z,113,1.8,0,0.1,0,29.56,False
994,2026-07-27T21:22:12Z,0,6.2,0,0.1,0,29.56,False
995,2026-07-27T21:23:12Z,0,5.4,0,0.1,0,29.56,False
996,2026-07-27T21:24:12Z,113,4.7,0,0.1,0,29.56,False
997,2026-07-27T21:25:12Z,0,3.9,0,0.1,0,29.56,False
998,2026-07-27T21:26:12Z,0,2.5,0,0.1,0,29.56,False
999,2026-07-27T21:27:12Z,124,1.8,0,0.1,0,29.56,False
1000,2026-07-27T21:28:12Z,113,5,0,0.1,0,29.56,False
1001,2026-07-27T21:29:12Z,0,4.3,0,0.1,0,29.56,False
1002,2026-07-27T21:30:12Z,113,4,0,0.1,0,29.56,False
1003,2026-07-27T21:31:12Z,156,2,0,0.1,0,29.56,False
1004,2026-07-27T21:32:12Z,0,2.8,0,0.1,0,29.56,False
1005,2026-07-27T21:33:12Z,0,2.6,0,0.1,0,29.56,False
1006,2026-07-27T21:34:12Z,0,2.9,0,0.1,0,29.56,False
1007,2026-07-27T21:35:12Z,0,2.8,0,0.1,0,29.56,False
1008,2026-07-27T21:36:12Z,134,1.8,0,0.1,0,29.56,False
1009,2026-07-27T21:37:12Z,0,3,0,0.1,0,29.56,False
1010,2026-07-27T21:38:12Z,0,2.6,0,0.1,0,29.56,False
1011,2026-07-27T21:39:12Z,113,2.9,0,0.1,0,29.56,False
1012,2026-07-27T21:40:12Z,113,2.3,0,0.1,0,29.56,False
1013,2026-07-27T21:41:12Z,113,3.4,0,0.1,0,29.56,False
1014,2026-07-27T21:42:12Z,113,6,0,0.1,0,29.56,False
1015,2026-07-27T21:43:12Z,0,3.5,0,0.1,0,29.56,False
1016,2026-07-27T21:44:12Z,0,2.8,0,0.1,0,29.56,False
1017,2026-07-27T21:45:12Z,0,3.3,0,0.1,0,29.55,False
1018,2026-07-27T21:46:12Z,0,2.4,0,0.1,0,29.55,False
1019,2026-07-27T21:47:12Z,0,3.5,0,0.1,0,29.55,False
1020,2026-07-27T21:48:12Z,122,4.4,0,0.1,0,29.55,False
1021,2026-07-27T21:49:12Z,0,4,0,0.1,0,29.56,False
1022,2026-07-27T21:50:12Z,113,4.8,0,0.1,0,29.55,False
1023,2026-07-27T21:51:12Z,113,4.5,0,0.1,0,29.55,False
1024,2026-07-27T21:52:12Z,113,5.9,0,0.1,0,29.55,False
1025,2026-07-27T21:53:12Z,113,5,0,0.1,0,29.55,False
1026,2026-07-27T21:54:12Z,113,2.6,0,0.1,0,29.55,False
1027,2026-07-27T21:55:12Z,180,2,0,0.1,0,29.55,False
1028,2026-07-27T21:56:12Z,180,0.8,0,0.1,0,29.55,False
1029,2026-07-27T21:57:12Z,180,0.6,0,0.1,0,29.55,False
1030,2026-07-27T21:58:12Z,164,1.6,0,0.1,0,29.55,False
1031,2026-07-27T21:59:12Z,182,3.1,0,0.1,0,29.55,False
1032,2026-07-27T22:01:12Z,163,3.4,0,0.1,0,29.55,False
1033,2026-07-27T22:02:12Z,180,4,0,0.1,0,29.55,False
1034,2026-07-27T22:03:12Z,179,4.3,0,0.1,0,29.55,False
1035,2026-07-27T22:04:12Z,180,3.7,0,0.1,0,29.55,False
1036,2026-07-27T22:05:12Z,179,3.9,0,0.1,0,29.55,False
1037,2026-07-27T22:06:12Z,178,2.8,0,0.1,0,29.55,False
1038,2026-07-27T22:07:12Z,177,3.9,0,0.1,0,29.55,False
1039,2026-07-27T22:08:12Z,180,5.4,0,0.1,0,29.55,False
1040,2026-07-27T22:09:12Z,180,3.7,0,0.1,0,29.55,False
1041,2026-07-27T22:10:12Z,180,5.6,0,0.1,0,29.55,False
1042,2026-07-27T22:11:12Z,180,6.1,0,0.1,0,29.55,False
1043,2026-07-27T22:12:12Z,180,5.6,0,0.1,0,29.55,False
1044,2026-07-27T22:13:12Z,180,5.4,0,0.1,0,29.55,False
1045,2026-07-27T22:14:12Z,180,4.6,0,0.1,0,29.55,False
1046,2026-07-27T22:15:12Z,180,4.9,0,0.1,0,29.55,False
1047,2026-07-27T22:16:12Z,179,3.7,0,0.1,0,29.55,False
1048,2026-07-27T22:17:12Z,172,2.3,0,0.1,0,29.56,False
1049,2026-07-27T22:18:12Z,177,5.8,0,0.1,0,29.56,False
1050,2026-07-27T22:20:12Z,180,4.7,0,0.1,0,29.56,False
1051,2026-07-27T22:21:12Z,177,5.3,0,0.1,0,29.56,False
1052,2026-07-27T22:22:12Z,176,6.1,0,0.1,0,29.56,False
1053,2026-07-27T22:23:12Z,180,5.2,0,0.1,0,29.55,False
1054,2026-07-27T22:24:12Z,180,4.6,0,0.1,0,29.55,False
1055,2026-07-27T22:25:12Z,180,4.1,0,0.1,0,29.55,False
1056,2026-07-27T22:26:12Z,178,5,0,0.1,0,29.55,False
1057,2026-07-27T22:27:12Z,179,4,0,0.1,0,29.56,False
1058,2026-07-27T22:28:12Z,179,4.8,0,0.1,0,29.56,False
1059,2026-07-27T22:29:12Z,180,5,0,0.1,0,29.56,False
1060,2026-07-27T22:30:12Z,178,6.2,0,0.1,0,29.56,False
1061,2026-07-27T22:31:12Z,180,4.6,0,0.1,0,29.56,False
1062,2026-07-27T22:32:12Z,179,4.1,0,0.1,0,29.56,False
1063,2026-07-27T22:33:12Z,180,4.3,0,0.1,0,29.56,False
1064,2026-07-27T22:34:12Z,179,4.6,0,0.1,0,29.56,False
1065,2026-07-27T22:35:12Z,178,4.4,0,0.1,0,29.56,False
1066,2026-07-27T22:36:12Z,177,5.1,0,0.1,0,29.56,False
1067,2026-07-27T22:37:12Z,180,5.6,0,0.1,0,29.56,False
1068,2026-07-27T22:38:12Z,180,4.1,0,0.1,0,29.56,False
1069,2026-07-27T22:40:12Z,179,5.6,0,0.1,0,29.56,False
1070,2026-07-27T22:41:12Z,180,5.8,0,0.1,0,29.56,False
1071,2026-07-27T22:42:12Z,179,5.9,0,0.1,0,29.56,False
1072,2026-07-27T22:43:12Z,180,4.6,0,0.1,0,29.56,False
1073,2026-07-27T22:44:12Z,177,4.7,0,0.1,0,29.56,False
1074,2026-07-27T22:45:12Z,179,4.6,0,0.1,0,29.56,False
1075,2026-07-27T22:46:12Z,178,4.8,0,0.1,0,29.56,False
1076,2026-07-27T22:47:12Z,180,4.4,0,0.1,0,29.56,False
1077,2026-07-27T22:48:12Z,180,3.7,0,0.1,0,29.56,False
1078,2026-07-27T22:49:12Z,179,2.9,0,0.1,0,29.56,False
1079,2026-07-27T22:50:12Z,185,0.9,0,0.1,0,29.56,False
1080,2026-07-27T22:51:12Z,164,4,0,0.1,0,29.56,False
1081,2026-07-27T22:52:12Z,160,4.7,0,0.1,0,29.56,False
1082,2026-07-27T22:53:12Z,105,3.5,0,0.1,0,29.56,False
1083,2026-07-27T22:54:12Z,165,4.4,0,0.1,0,29.56,False
1084,2026-07-27T22:55:12Z,178,4.1,0,0.1,0,29.56,False
1085,2026-07-27T22:56:12Z,179,3.2,0,0.1,0,29.57,False
1086,2026-07-27T22:57:12Z,180,4.8,0,0.1,0,29.57,False
1087,2026-07-27T22:58:12Z,172,6.8,0,0.1,0,29.57,False
1088,2026-07-27T22:59:12Z,174,3.8,0,0.1,0,29.57,False
1089,2026-07-27T23:00:12Z,179,5.2,0,0.1,0,29.57,False
1090,2026-07-27T23:01:12Z,180,5.4,0,0.1,0,29.57,False
1091,2026-07-27T23:02:12Z,176,6,0,0.1,0,29.57,False
1092,2026-07-27T23:03:12Z,179,5.7,0,0.1,0,29.57,False
1093,2026-07-27T23:04:12Z,179,5.7,0,0.1,0,29.57,False
1094,2026-07-27T23:05:12Z,180,5.6,0,0.1,0,29.57,False
1095,2026-07-27T23:06:12Z,178,4.3,0,0.1,0,29.57,False
1096,2026-07-27T23:07:12Z,179,2.2,0,0.1,0,29.57,False
1097,2026-07-27T23:08:12Z,180,2.3,0,0.1,0,29.57,False
1098,2026-07-27T23:09:12Z,178,3.2,0,0.1,0,29.57,False
1099,2026-07-27T23:10:12Z,170,1.7,0,0.1,0,29.57,False
1100,2026-07-27T23:11:12Z,179,3,0,0.1,0,29.57,False
1101,2026-07-27T23:12:12Z,179,1.2,0,0.1,0,29.57,False
1102,2026-07-27T23:13:12Z,166,1.5,0,0.1,0,29.57,False
1103,2026-07-27T23:14:12Z,180,2.2,0,0.1,0,29.57,False
1104,2026-07-27T23:15:12Z,180,5.2,0,0.1,0,29.57,False
1105,2026-07-27T23:16:12Z,170,5.6,0,0.1,0,29.57,False
1106,2026-07-27T23:17:12Z,180,4.4,0,0.1,0,29.57,False
1107,2026-07-27T23:18:12Z,176,3.3,0,0.1,0,29.57,False
1108,2026-07-27T23:19:12Z,179,4.8,0,0.1,0,29.57,False
1109,2026-07-27T23:20:12Z,179,3.4,0,0.1,0,29.57,False
1110,2026-07-27T23:21:12Z,180,4,0,0.1,0,29.57,False
1111,2026-07-27T23:22:12Z,177,6.2,0,0.1,0,29.57,False
1112,2026-07-27T23:23:12Z,172,6.7,0,0.1,0,29.57,False
1113,2026-07-27T23:24:12Z,177,3.4,0,0.1,0,29.57,False
1114,2026-07-27T23:25:12Z,180,4.5,0,0.1,0,29.57,False
1115,2026-07-27T23:26:12Z,180,4.8,0,0.1,0,29.57,False
1116,2026-07-27T23:27:12Z,180,5.4,0,0.1,0,29.57,False
1117,2026-07-27T23:28:12Z,172,4.3,0,0.1,0,29.57,False
1118,2026-07-27T23:29:12Z,168,1.1,0,0.1,0,29.57,False
1119,2026-07-27T23:30:12Z,144,1,0,0.1,0,29.57,False
1120,2026-07-27T23:31:12Z,179,1.3,0,0.1,0,29.57,False
1121,2026-07-27T23:32:12Z,143,0.5,0,0.1,0,29.57,False
1122,2026-07-27T23:33:12Z,147,0.8,0,0.1,0,29.57,False
1123,2026-07-27T23:34:12Z,180,0.6,0,0.1,0,29.57,False
1124,2026-07-27T23:35:12Z,171,0.3,0,0.1,0,29.57,False
1125,2026-07-27T23:36:12Z,170,1.3,0,0.1,0,29.57,False
1126,2026-07-27T23:37:12Z,179,0.9,0,0.1,0,29.57,False
1127,2026-07-27T23:38:12Z,180,1,0,0.1,0,29.57,False
1128,2026-07-27T23:40:12Z,177,2.1,0,0.1,0,29.57,False
1129,2026-07-27T23:41:12Z,141,0.3,0,0.1,0,29.58,False
1130,2026-07-27T23:42:12Z,180,0.7,0,0.1,0,29.58,False
1131,2026-07-27T23:43:12Z,180,1.1,0,0.1,0,29.58,False
1132,2026-07-27T23:44:12Z,180,2.3,0,0.1,0,29.58,False
1133,2026-07-27T23:45:12Z,180,2.2,0,0.1,0,29.58,False
1134,2026-07-27T23:46:12Z,180,2.4,0,0.1,0,29.58,False
1135,2026-07-27T23:47:12Z,180,3.9,0,0.1,0,29.58,False
1136,2026-07-27T23:48:12Z,180,2,0,0.1,0,29.58,False
1137,2026-07-27T23:49:12Z,179,1.9,0,0.1,0,29.58,False
1138,2026-07-27T23:51:12Z,179,2.4,0,0.1,0,29.58,False
1139,2026-07-27T23:52:12Z,180,2.3,0,0.1,0,29.58,False
1140,2026-07-27T23:53:12Z,179,2.3,0,0.1,0,29.58,False
1141,2026-07-27T23:54:12Z,179,2.7,0,0.1,0,29.58,False
1142,2026-07-27T23:55:12Z,179,2.6,0,0.1,0,29.58,False
1143,2026-07-27T23:56:12Z,176,2.4,0,0.1,0,29.57,False
1144,2026-07-27T23:57:12Z,180,2.1,0,0.1,0,29.57,False
1145,2026-07-27T23:58:12Z,180,2.5,0,0.1,0,29.57,False
1146,2026-07-27T23:59:12Z,178,2.2,0,0.1,0,29.57,False
1147,2026-07-28T00:00:12Z,180,2,0,0.1,0,29.57,False
1148,2026-07-28T00:01:12Z,177,2.4,0,0.1,0,29.57,False
1149,2026-07-28T00:02:12Z,180,3,0,0.1,0,29.57,False
1150,2026-07-28T00:03:12Z,179,2.5,0,0.1,0,29.57,False
1151,2026-07-28T00:04:12Z,178,2.1,0,0.1,0,29.57,False
1152,2026-07-28T00:05:12Z,180,1.9,0,0.1,0,29.57,False
1153,2026-07-28T00:06:12Z,180,2.4,0,0.1,0,29.57,False
1154,2026-07-28T00:07:12Z,180,1.2,0,0.1,0,29.57,False
1155,2026-07-28T00:08:12Z,178,1.6,0,0.1,0,29.57,False
1156,2026-07-28T00:09:12Z,180,1.8,0,0.1,0,29.57,False
1157,2026-07-28T00:10:12Z,172,2,0,0.1,0,29.57,False
1158,2026-07-28T00:11:12Z,180,1.4,0,0.1,0,29.57,False
1159,2026-07-28T00:12:12Z,180,1.4,0,0.1,0,29.57,False
1160,2026-07-28T00:13:12Z,180,1,0,0.1,0,29.57,False
1161,2026-07-28T00:14:12Z,175,0.6,0,0.1,0,29.57,False
1162,2026-07-28T00:15:12Z,160,0.4,0,0.1,0,29.58,False
1163,2026-07-28T00:16:12Z,180,0.5,0,0.1,0,29.58,False
1164,2026-07-28T00:17:12Z,180,1,0,0.1,0,29.58,False
1165,2026-07-28T00:18:12Z,0,1.4,0,0.1,0,29.58,False
1166,2026-07-28T00:19:12Z,0,1.6,0,0.1,0,29.58,False
1167,2026-07-28T00:20:12Z,0,1.9,0,0.1,0,29.58,False
1168,2026-07-28T00:21:12Z,180,1.9,0,0.1,0,29.58,False
1169,2026-07-28T00:22:12Z,0,2.1,0,0.1,0,29.58,False
1170,2026-07-28T00:23:12Z,0,1.8,0,0.1,0,29.58,False
1171,2026-07-28T00:24:12Z,0,2.6,0,0.1,0,29.58,False
1172,2026-07-28T00:25:12Z,0,1.5,0,0.1,0,29.58,False
1173,2026-07-28T00:26:12Z,0,2.7,0,0.1,0,29.58,False
1174,2026-07-28T00:27:12Z,180,3.1,0,0.1,0,29.58,False
1175,2026-07-28T00:28:12Z,0,3.1,0,0.1,0,29.59,False
1176,2026-07-28T00:29:12Z,157,3.2,0,0.1,0,29.59,False
1177,2026-07-28T00:30:12Z,0,3.7,0,0.1,0,29.59,False
1178,2026-07-28T00:31:12Z,0,2.4,0,0.1,0,29.59,False
1179,2026-07-28T00:32:12Z,113,2.4,0,0.1,0,29.59,False
1180,2026-07-28T00:33:12Z,180,2.1,0,0.1,0,29.59,False
1181,2026-07-28T00:34:12Z,0,3,0,0.1,0,29.59,False
1182,2026-07-28T00:35:12Z,0,2.9,0,0.1,0,29.59,False
1183,2026-07-28T00:36:12Z,0,3.3,0,0.1,0,29.59,False
1184,2026-07-28T00:37:12Z,0,2.9,0,0.1,0,29.59,False
1185,2026-07-28T00:38:12Z,113,3.1,0,0.1,0,29.59,False
1186,2026-07-28T00:39:12Z,0,2.2,0,0.1,0,29.59,False
1187,2026-07-28T00:40:12Z,0,3,0,0.1,0,29.59,False
1188,2026-07-28T00:41:12Z,113,3.3,0,0.1,0,29.59,False
1189,2026-07-28T00:42:12Z,0,1,0,0.1,0,29.59,False
1190,2026-07-28T00:43:12Z,0,2.8,0,0.1,0,29.59,False
1191,2026-07-28T00:44:12Z,0,2.9,0,0.1,0,29.59,False
1192,2026-07-28T00:45:12Z,0,3,0,0.1,0,29.59,False
1193,2026-07-28T00:46:12Z,0,1.8,0,0.1,0,29.59,False
1194,2026-07-28T00:47:12Z,0,3.1,0,0.1,0,29.59,False
1195,2026-07-28T00:48:12Z,0,2.1,0,0.1,0,29.59,False
1196,2026-07-28T00:49:12Z,0,1.5,0,0.1,0,29.59,False
1197,2026-07-28T00:50:12Z,0,2.2,0,0.1,0,29.59,False
1198,2026-07-28T00:51:12Z,0,2.1,0,0.1,0,29.59,False
1199,2026-07-28T00:52:12Z,113,3.2,0,0.1,0,29.59,False
1200,2026-07-28T00:53:12Z,0,2.9,0,0.1,0,29.59,False
1201,2026-07-28T00:54:12Z,0,2.9,0,0.1,0,29.59,False
1202,2026-07-28T00:55:12Z,0,2,0,0.1,0,29.59,False
1203,2026-07-28T00:56:12Z,0,1.9,0,0.1,0,29.59,False
1204,2026-07-28T00:57:12Z,0,2.5,0,0.1,0,29.59,False
1205,2026-07-28T00:58:12Z,0,1.5,0,0.1,0,29.6,False
1206,2026-07-28T00:59:12Z,113,2.4,0,0.1,0,29.6,False
1207,2026-07-28T01:00:12Z,113,3.8,0,0.1,0,29.6,False
1208,2026-07-28T01:01:12Z,0,2.7,0,0.1,0,29.6,False
1209,2026-07-28T01:02:12Z,0,4.3,0,0.1,0,29.6,False
1210,2026-07-28T01:03:12Z,0,3.3,0,0.1,0,29.6,False
1211,2026-07-28T01:04:12Z,0,3.4,0,0.1,0,29.6,False
1212,2026-07-28T01:05:12Z,113,3,0,0.1,0,29.6,False
1213,2026-07-28T01:06:12Z,113,2.8,0,0.1,0,29.59,False
1214,2026-07-28T01:07:12Z,113,2.6,0,0.1,0,29.59,False
1215,2026-07-28T01:08:12Z,0,3.2,0,0.1,0,29.59,False
1216,2026-07-28T01:09:12Z,0,2.9,0,0.1,0,29.59,False
1217,2026-07-28T01:10:12Z,0,3.4,0,0.1,0,29.59,False
1218,2026-07-28T01:11:12Z,113,3.1,0,0.1,0,29.6,False
1219,2026-07-28T01:12:12Z,0,3.3,0,0.1,0,29.6,False
1220,2026-07-28T01:13:12Z,113,3.7,0,0.1,0,29.6,False
1221,2026-07-28T01:14:12Z,0,2.5,0,0.1,0,29.6,False
1222,2026-07-28T01:15:12Z,113,1,0,0.1,0,29.6,False
1223,2026-07-28T01:16:12Z,113,2.9,0,0.1,0,29.6,False
1224,2026-07-28T01:17:12Z,42,1.9,0,0.1,0,29.6,False
1225,2026-07-28T01:18:12Z,113,2.2,0,0.1,0,29.6,False
1226,2026-07-28T01:20:12Z,0,2.8,0,0.1,0,29.6,False
1227,2026-07-28T01:21:12Z,0,3.1,0,0.1,0,29.6,False
1228,2026-07-28T01:22:12Z,0,3.3,0,0.1,0,29.6,False
1229,2026-07-28T01:23:12Z,0,3.5,0,0.1,0,29.6,False
1230,2026-07-28T01:24:12Z,0,3.5,0,0.1,0,29.6,False
1231,2026-07-28T01:25:12Z,0,3.3,0,0.1,0,29.6,False
1232,2026-07-28T01:26:12Z,0,3.1,0,0.1,0,29.6,False
1233,2026-07-28T01:27:12Z,0,3.3,0,0.1,0,29.6,False
1234,2026-07-28T01:28:12Z,113,3.9,0,0.1,0,29.6,False
1235,2026-07-28T01:29:12Z,0,2.2,0,0.1,0,29.6,False
1236,2026-07-28T01:30:12Z,0,3.3,0,0.1,0,29.6,False
1237,2026-07-28T01:31:12Z,180,2.7,0,0.1,0,29.6,False
1238,2026-07-28T01:32:12Z,0,3,0,0.1,0,29.6,False
1239,2026-07-28T01:33:12Z,113,3.5,0,0.1,0,29.6,False
1240,2026-07-28T01:34:12Z,113,3.7,0,0.1,0,29.6,False
1241,2026-07-28T01:35:12Z,113,2.7,0,0.1,0,29.6,False
1242,2026-07-28T01:36:12Z,0,3,0,0.1,0,29.6,False
1243,2026-07-28T01:37:12Z,0,2.5,0,0.1,0,29.6,False
1244,2026-07-28T01:38:12Z,113,3.1,0,0.1,0,29.6,False
1245,2026-07-28T01:40:12Z,123,2.4,0,0.1,0,29.6,False
1246,2026-07-28T01:41:12Z,113,2.3,0,0.1,0,29.6,False
1247,2026-07-28T01:42:12Z,113,2.5,0,0.1,0,29.6,False
1248,2026-07-28T01:43:12Z,0,3.1,0,0.1,0,29.6,False
1249,2026-07-28T01:44:12Z,0,2.4,0,0.1,0,29.6,False
1250,2026-07-28T01:45:12Z,0,3.1,0,0.1,0,29.6,False
1251,2026-07-28T01:46:12Z,0,2.4,0,0.1,0,29.6,False
1252,2026-07-28T01:47:12Z,0,2.9,0,0.1,0,29.6,False
1253,2026-07-28T01:48:12Z,0,1.8,0,0.1,0,29.6,False
1254,2026-07-28T01:50:12Z,0,3.1,0,0.1,0,29.6,False
1255,2026-07-28T01:51:12Z,0,2.8,0,0.1,0,29.6,False
1256,2026-07-28T01:52:12Z,113,2.5,0,0.1,0,29.6,False
1257,2026-07-28T01:53:12Z,0,2.2,0,0.1,0,29.6,False
1258,2026-07-28T01:54:12Z,113,2.5,0,0.1,0,29.6,False
1259,2026-07-28T01:55:12Z,113,2.5,0,0.1,0,29.6,False
1260,2026-07-28T01:56:12Z,0,1.9,0,0.1,0,29.6,False
1261,2026-07-28T01:57:12Z,0,2.2,0,0.1,0,29.6,False
1262,2026-07-28T01:58:12Z,0,3.6,0,0.1,0,29.6,False
1263,2026-07-28T01:59:12Z,0,3.9,0,0.1,0,29.6,False
1264,2026-07-28T02:00:12Z,0,2.7,0,0.1,0,29.6,False
1265,2026-07-28T02:01:12Z,0,3.1,0,0.1,0,29.6,False
1266,2026-07-28T02:02:12Z,0,5.1,0,0.1,0,29.6,False
1267,2026-07-28T02:03:12Z,0,2.6,0,0.1,0,29.6,False
1268,2026-07-28T02:04:12Z,0,2.3,0,0.1,0,29.6,False
1269,2026-07-28T02:05:12Z,0,2.5,0,0.1,0,29.6,False
1270,2026-07-28T02:06:12Z,0,1.4,0,0.1,0,29.6,False
1271,2026-07-28T02:07:12Z,113,2.3,0,0.1,0,29.6,False
1272,2026-07-28T02:08:12Z,113,2.7,0,0.1,0,29.6,False
1273,2026-07-28T02:09:12Z,113,2.5,0,0.1,0,29.6,False
1274,2026-07-28T02:10:12Z,113,3.4,0,0.1,0,29.6,False
1275,2026-07-28T02:11:12Z,0,2,0,0.1,0,29.6,False
1276,2026-07-28T02:12:12Z,113,2.3,0,0.1,0,29.6,False
1277,2026-07-28T02:13:12Z,113,2.6,0,0.1,0,29.6,False
1278,2026-07-28T02:14:12Z,113,3.5,0,0.1,0,29.6,False
1279,2026-07-28T02:15:12Z,113,2,0,0.1,0,29.6,False
1280,2026-07-28T02:16:12Z,120,2.4,0,0.1,0,29.6,False
1281,2026-07-28T02:17:12Z,113,2.4,0,0.1,0,29.6,False
1282,2026-07-28T02:18:12Z,113,3.1,0,0.1,0,29.61,False
1283,2026-07-28T02:19:12Z,113,5.1,0,0.1,0,29.6,False
1284,2026-07-28T02:20:12Z,0,5.5,0,0.1,0,29.61,False
1285,2026-07-28T02:21:12Z,113,3.3,0,0.1,0,29.61,False
1286,2026-07-28T02:22:12Z,0,2.9,0,0.1,0,29.61,False
1287,2026-07-28T02:23:12Z,113,2.7,0,0.1,0,29.61,False
1288,2026-07-28T02:24:12Z,113,2.9,0,0.1,0,29.61,False
1289,2026-07-28T02:25:12Z,0,2.8,0,0.1,0,29.61,False
1290,2026-07-28T02:26:12Z,113,2.9,0,0.1,0,29.61,False
1291,2026-07-28T02:27:12Z,113,4.8,0,0.1,0,29.61,False
1292,2026-07-28T02:28:12Z,113,3.5,0,0.1,0,29.61,False
1293,2026-07-28T02:30:12Z,113,2.3,0,0.1,0,29.61,False
1294,2026-07-28T02:31:12Z,0,2.5,0,0.1,0,29.6,False
1295,2026-07-28T02:32:12Z,0,3.1,0,0.1,0,29.6,False
1296,2026-07-28T02:33:12Z,113,2.8,0,0.1,0,29.6,False
1297,2026-07-28T02:34:12Z,113,1.9,0,0.1,0,29.61,False
1298,2026-07-28T02:35:12Z,113,3.5,0,0.1,0,29.61,False
1299,2026-07-28T02:36:12Z,113,4.2,0,0.1,0,29.61,False
1300,2026-07-28T02:37:12Z,113,5.4,0,0.1,0,29.61,False
1301,2026-07-28T02:38:12Z,113,3.3,0,0.1,0,29.61,False
1302,2026-07-28T02:40:12Z,113,2.2,0,0.1,0,29.61,False
1303,2026-07-28T02:41:12Z,0,2.5,0,0.1,0,29.61,False
1304,2026-07-28T02:42:12Z,113,2.7,0,0.1,0,29.61,False
1305,2026-07-28T02:43:12Z,113,3.5,0,0.1,0,29.61,False
1306,2026-07-28T02:44:12Z,113,4.7,0,0.1,0,29.61,False
1307,2026-07-28T02:45:12Z,113,5.5,0,0.1,0,29.61,False
1308,2026-07-28T02:46:12Z,113,7,0,0.1,0,29.61,False
1309,2026-07-28T02:47:12Z,113,4.4,0,0.1,0,29.61,False
1310,2026-07-28T02:48:12Z,113,5.4,0,0.1,0,29.61,False
1311,2026-07-28T02:49:12Z,113,6.1,0,0.1,0,29.61,False
1312,2026-07-28T02:50:12Z,113,4.9,0,0.1,0,29.61,False
1313,2026-07-28T02:51:12Z,113,4,0,0.1,0,29.61,False
1314,2026-07-28T02:52:12Z,113,3.9,0,0.1,0,29.61,False
1315,2026-07-28T02:53:12Z,113,5.5,0,0.1,0,29.61,False
1316,2026-07-28T02:54:12Z,113,4.3,0,0.1,0,29.61,False
1317,2026-07-28T02:55:12Z,113,5.4,0,0.1,0,29.61,False
1318,2026-07-28T02:56:12Z,113,5.2,0,0.1,0,29.61,False
1319,2026-07-28T02:57:12Z,121,4.6,0,0.1,0,29.61,False
1320,2026-07-28T02:58:12Z,0,5.5,0,0.1,0,29.61,False
1321,2026-07-28T02:59:12Z,0,5.8,0,0.1,0,29.61,False
1322,2026-07-28T03:00:12Z,0,4.3,0,0.1,0,29.61,False
1323,2026-07-28T03:01:12Z,0,4.7,0,0.1,0,29.61,False
1324,2026-07-28T03:02:12Z,0,4,0,0.1,0,29.61,False
1325,2026-07-28T03:03:12Z,0,4.6,0,0.1,0,29.61,False
1326,2026-07-28T03:04:12Z,0,3.8,0,0.1,0,29.61,False
1327,2026-07-28T03:05:12Z,113,4.2,0,0.1,0,29.61,False
1328,2026-07-28T03:06:12Z,0,5.6,0,0.1,0,29.61,False
1329,2026-07-28T03:07:12Z,0,6,0,0.1,0,29.61,False
1330,2026-07-28T03:08:12Z,0,3.6,0,0.1,0,29.61,False
1331,2026-07-28T03:09:12Z,0,4.3,0,0.1,0,29.61,False
1332,2026-07-28T03:10:12Z,0,3.7,0,0.1,0,29.6,False
1333,2026-07-28T03:11:12Z,0,3,0,0.1,0,29.6,False
1334,2026-07-28T03:12:12Z,113,2.6,0,0.1,0,29.6,False
1335,2026-07-28T03:13:12Z,0,3,0,0.1,0,29.6,False
1336,2026-07-28T03:14:12Z,0,3.8,0,0.1,0,29.6,False
1337,2026-07-28T03:15:12Z,0,2.5,0,0.1,0,29.6,False
1338,2026-07-28T03:16:12Z,0,3.4,0,0.1,0,29.6,False
1339,2026-07-28T03:17:12Z,113,3.4,0,0.1,0,29.6,False
1340,2026-07-28T03:18:12Z,0,2.6,0,0.1,0,29.6,False
1341,2026-07-28T03:19:12Z,0,3.2,0,0.1,0,29.6,False
1342,2026-07-28T03:20:12Z,0,2.6,0,0.1,0,29.6,False
1343,2026-07-28T03:21:12Z,0,3.3,0,0.1,0,29.6,False
1344,2026-07-28T03:22:12Z,98,3.4,0,0.1,0,29.6,False
1345,2026-07-28T03:23:12Z,0,3.1,0,0.1,0,29.6,False
1346,2026-07-28T03:24:12Z,0,2.3,0,0.1,0,29.6,False
1347,2026-07-28T03:25:12Z,113,3.2,0,0.1,0,29.6,False
1348,2026-07-28T03:26:12Z,0,2.5,0,0.1,0,29.6,False
1349,2026-07-28T03:27:12Z,0,2.4,0,0.1,0,29.6,False
1350,2026-07-28T03:28:12Z,0,2.3,0,0.1,0,29.6,False
1351,2026-07-28T03:29:12Z,0,2.2,0,0.1,0,29.6,False
1352,2026-07-28T03:30:12Z,0,2.7,0,0.1,0,29.6,False
1353,2026-07-28T03:31:12Z,0,1.5,0,0.1,0,29.6,False
1354,2026-07-28T03:32:12Z,0,1.9,0,0.1,0,29.6,False
1355,2026-07-28T03:33:12Z,113,1.9,0,0.1,0,29.6,False
1356,2026-07-28T03:34:12Z,0,1.3,0,0.1,0,29.6,False
1357,2026-07-28T03:35:12Z,0,3.3,0,0.1,0,29.6,False
1358,2026-07-28T03:36:12Z,0,3.5,0,0.1,0,29.6,False
1359,2026-07-28T03:37:12Z,0,2.6,0,0.1,0,29.6,False
1360,2026-07-28T03:38:12Z,0,2.2,0,0.1,0,29.6,False
1361,2026-07-28T03:39:12Z,0,1.8,0,0.1,0,29.6,False
1362,2026-07-28T03:40:12Z,0,1.6,0,0.1,0,29.6,False
1363,2026-07-28T03:41:12Z,0,2.7,0,0.1,0,29.6,False
1364,2026-07-28T03:42:12Z,0,2.1,0,0.1,0,29.6,False
1365,2026-07-28T03:43:12Z,0,2.3,0,0.1,0,29.6,False
1366,2026-07-28T03:44:12Z,0,4,0,0.1,0,29.6,False
1367,2026-07-28T03:45:12Z,113,4,0,0.1,0,29.6,False
1368,2026-07-28T03:46:12Z,0,4,0,0.1,0,29.6,False
1369,2026-07-28T03:47:12Z,113,2.1,0,0.1,0,29.6,False
1370,2026-07-28T03:48:12Z,113,2.8,0,0.1,0,29.6,False
1371,2026-07-28T03:49:12Z,0,1.3,0,0.1,0,29.6,False
1372,2026-07-28T03:50:12Z,113,2.2,0,0.1,0,29.6,False
1373,2026-07-28T03:51:12Z,0,3.1,0,0.1,0,29.6,False
1374,2026-07-28T03:52:12Z,0,5.4,0,0.1,0,29.6,False
1375,2026-07-28T03:53:12Z,0,3.7,0,0.1,0,29.6,False
1376,2026-07-28T03:54:12Z,0,4,0,0.1,0,29.6,False
1377,2026-07-28T03:55:12Z,0,3.7,0,0.1,0,29.6,False
1378,2026-07-28T03:56:12Z,0,3.1,0,0.1,0,29.6,False
1379,2026-07-28T03:57:12Z,0,3.1,0,0.1,0,29.6,False
1380,2026-07-28T03:58:12Z,0,2,0,0.1,0,29.6,False
1381,2026-07-28T03:59:12Z,0,3.6,0,0.1,0,29.59,False
1382,2026-07-28T04:01:12Z,0,2.3,0,0.1,0,29.59,False
1383,2026-07-28T04:02:12Z,113,2.8,0,0.1,0,29.6,False
1384,2026-07-28T04:03:12Z,113,2.4,0,0.1,0,29.6,False
1385,2026-07-28T04:04:12Z,0,1.4,0,0.1,0,29.6,False
1386,2026-07-28T04:05:12Z,0,1.9,0,0.1,0,29.6,False
1387,2026-07-28T04:06:12Z,113,3.4,0,0.1,0,29.59,False
1388,2026-07-28T04:07:12Z,113,4.3,0,0.1,0,29.6,False
1389,2026-07-28T04:08:12Z,124,3.1,0,0.1,0,29.6,False
1390,2026-07-28T04:09:12Z,0,3.2,0,0.1,0,29.6,False
1391,2026-07-28T04:10:12Z,113,4,0,0.1,0,29.6,False
1392,2026-07-28T04:11:12Z,0,3.2,0,0.1,0,29.59,False
1393,2026-07-28T04:12:12Z,0,3.2,0,0.1,0,29.59,False
1394,2026-07-28T04:13:12Z,0,2.8,0,0.1,0,29.59,False
1395,2026-07-28T04:14:12Z,0,3.4,0,0.1,0,29.59,False
1396,2026-07-28T04:15:12Z,0,3.7,0,0.1,0,29.59,False
1397,2026-07-28T04:16:12Z,0,4.2,0,0.1,0,29.59,False
1398,2026-07-28T04:17:12Z,0,3.4,0,0.1,0,29.59,False
1399,2026-07-28T04:18:12Z,0,3,0,0.1,0,29.59,False
1400,2026-07-28T04:19:12Z,0,2.7,0,0.1,0,29.59,False
1401,2026-07-28T04:20:12Z,113,3.9,0,0.1,0,29.59,False
1402,2026-07-28T04:21:12Z,113,4,0,0.1,0,29.59,False
1403,2026-07-28T04:22:12Z,0,2.9,0,0.1,0,29.59,False
1404,2026-07-28T04:23:12Z,0,3.2,0,0.1,0,29.59,False
1405,2026-07-28T04:24:12Z,0,1.7,0,0.1,0,29.59,False
1406,2026-07-28T04:25:12Z,0,3.6,0,0.1,0,29.59,False
1407,2026-07-28T04:26:12Z,0,4.1,0,0.1,0,29.59,False
1408,2026-07-28T04:27:12Z,113,4.2,0,0.1,0,29.59,False
1409,2026-07-28T04:28:12Z,0,3.7,0,0.1,0,29.59,False
1410,2026-07-28T04:29:12Z,113,6,0,0.1,0,29.59,False
1411,2026-07-28T04:30:12Z,113,5.6,0,0.1,0,29.59,False
1412,2026-07-28T04:31:12Z,113,3.1,0,0.1,0,29.59,False
1413,2026-07-28T04:32:12Z,113,3.4,0,0.1,0,29.59,False
1414,2026-07-28T04:33:12Z,113,4,0,0.1,0,29.59,False
1415,2026-07-28T04:34:12Z,0,3.6,0,0.1,0,29.59,False
1416,2026-07-28T04:35:12Z,113,4.4,0,0.1,0,29.59,False
1417,2026-07-28T04:36:12Z,113,4.4,0,0.1,0,29.59,False
1418,2026-07-28T04:37:12Z,113,5.2,0,0.1,0,29.59,False
1419,2026-07-28T04:38:12Z,113,4.4,0,0.1,0,29.58,False
1420,2026-07-28T04:39:12Z,113,4.7,0,0.1,0,29.59,False
1421,2026-07-28T04:40:12Z,0,3.4,0,0.1,0,29.58,False
1422,2026-07-28T04:41:12Z,113,5.3,0,0.1,0,29.58,False
1423,2026-07-28T04:42:12Z,0,3.4,0,0.1,0,29.58,False
1424,2026-07-28T04:43:12Z,113,3.6,0,0.1,0,29.58,False
1425,2026-07-28T04:44:12Z,113,2.5,0,0.1,0,29.58,False
1426,2026-07-28T04:45:12Z,0,3.5,0,0.1,0,29.58,False
1427,2026-07-28T04:46:12Z,113,2.6,0,0.1,0,29.58,False
1428,2026-07-28T04:47:12Z,0,3,0,0.1,0,29.58,False
1429,2026-07-28T04:48:12Z,0,2.8,0,0.1,0,29.58,False
1430,2026-07-28T04:49:12Z,0,3.6,0,0.1,0,29.58,False
1431,2026-07-28T04:50:12Z,0,1.8,0,0.1,0,29.58,False
1432,2026-07-28T04:51:12Z,0,3.3,0,0.1,0,29.58,False
1433,2026-07-28T04:52:12Z,0,2,0,0.1,0,29.58,False
1434,2026-07-28T04:53:12Z,0,2.3,0,0.1,0,29.58,False
1435,2026-07-28T04:54:12Z,0,3,0,0.1,0,29.58,False
1436,2026-07-28T04:55:12Z,0,1.7,0,0.1,0,29.58,False
1437,2026-07-28T04:56:12Z,0,1,0,0.1,0,29.57,False
1438,2026-07-28T04:57:12Z,0,0.4,0,0.1,0,29.57,False
1439,2026-07-28T04:58:12Z,0,0.7,0,0.1,0,29.57,False
1440,2026-07-28T04:59:12Z,0,0.9,0,0.1,0,29.57,False
1441,2026-07-28T05:01:12Z,113,1.4,0,0.1,0,29.57,False
1442,2026-07-28T05:02:12Z,0,1.3,0,0.1,0,29.57,False
1443,2026-07-28T05:03:12Z,0,1.3,0,0.1,0,29.57,False
1444,2026-07-28T05:04:12Z,0,1.9,0,0.1,0,29.57,False
1445,2026-07-28T05:05:12Z,0,1.5,0,0.1,0,29.57,False
1446,2026-07-28T05:06:12Z,0,1.4,0,0.1,0,29.57,False
1447,2026-07-28T05:07:12Z,0,0.9,0,0.1,0,29.57,False
1448,2026-07-28T05:08:12Z,0,1.6,0,0.1,0,29.57,False
1449,2026-07-28T05:09:12Z,0,1.9,0,0.1,0,29.57,False
1450,2026-07-28T05:10:12Z,0,0.9,0,0.1,0,29.57,False
1451,2026-07-28T05:11:12Z,0,1.4,0,0.1,0,29.57,False
1452,2026-07-28T05:12:12Z,0,0.8,0,0.1,0,29.57,False
1453,2026-07-28T05:13:12Z,0,1,0,0.1,0,29.57,False
1454,2026-07-28T05:14:12Z,0,1.1,0,0.1,0,29.57,False
1455,2026-07-28T05:15:12Z,0,1,0,0.1,0,29.57,False
1456,2026-07-28T05:16:12Z,0,0.9,0,0.1,0,29.57,False
1457,2026-07-28T05:17:12Z,0,0.8,0,0.1,0,29.57,False
1458,2026-07-28T05:18:12Z,0,1,0,0.1,0,29.57,False
1459,2026-07-28T05:19:12Z,0,1,0,0.1,0,29.57,False
1460,2026-07-28T05:20:12Z,0,1.1,0,0.1,0,29.57,False
1461,2026-07-28T05:21:12Z,157,1.4,0,0.1,0,29.57,False
1462,2026-07-28T05:22:12Z,0,1.2,0,0.1,0,29.57,False
1463,2026-07-28T05:23:12Z,0,1.2,0,0.1,0,29.56,False
1464,2026-07-28T05:24:12Z,0,1.5,0,0.1,0,29.56,False
1465,2026-07-28T05:25:12Z,0,1,0,0.1,0,29.56,False
1466,2026-07-28T05:26:12Z,0,1.4,0,0.1,0,29.56,False
1467,2026-07-28T05:27:12Z,0,1,0,0.1,0,29.56,False
1468,2026-07-28T05:28:12Z,0,0.8,0,0.1,0,29.56,False
1469,2026-07-28T05:29:12Z,0,1,0,0.1,0,29.56,False
1470,2026-07-28T05:30:12Z,0,0.2,0,0.1,0,29.56,False
1471,2026-07-28T05:31:12Z,0,1.4,0,0.1,0,29.56,False
1472,2026-07-28T05:32:12Z,0,1.4,0,0.1,0,29.56,False
1473,2026-07-28T05:33:12Z,0,1.7,0,0.1,0,29.56,False
1474,2026-07-28T05:34:12Z,0,1.6,0,0.1,0,29.56,False
1475,2026-07-28T05:35:12Z,0,1.7,0,0.1,0,29.56,False
1476,2026-07-28T05:36:12Z,0,1.2,0,0.1,0,29.56,False
1477,2026-07-28T05:37:12Z,113,1.2,0,0.1,0,29.56,False
1478,2026-07-28T05:39:12Z,113,1.2,0,0.1,0,29.56,False
1479,2026-07-28T05:40:12Z,0,1.3,0,0.1,0,29.56,False
1480,2026-07-28T05:41:12Z,113,1.1,0,0.1,0,29.56,False
1481,2026-07-28T05:42:12Z,0,1.5,0,0.1,0,29.56,False
1482,2026-07-28T05:43:12Z,0,1.5,0,0.1,0,29.56,False
1483,2026-07-28T05:44:12Z,0,2,0,0.1,0,29.56,False
1484,2026-07-28T05:45:12Z,0,1.6,0,0.1,0,29.56,False
1485,2026-07-28T05:46:12Z,0,1.8,0,0.1,0,29.56,False
1486,2026-07-28T05:47:12Z,0,1.2,0,0.1,0,29.56,False
1487,2026-07-28T05:48:12Z,0,1.8,0,0.1,0,29.56,False
1488,2026-07-28T05:49:12Z,0,1.9,0,0.1,0,29.56,False
1489,2026-07-28T05:50:12Z,0,1.5,0,0.1,0,29.56,False
1490,2026-07-28T05:51:12Z,0,1.6,0,0.1,0,29.56,False
1491,2026-07-28T05:52:12Z,0,1.3,0,0.1,0,29.56,False
1492,2026-07-28T05:53:12Z,0,1.1,0,0.1,0,29.56,False
1493,2026-07-28T05:54:12Z,123,1.1,0,0.1,0,29.56,False
1494,2026-07-28T05:55:12Z,113,1.2,0,0.1,0,29.56,False
1495,2026-07-28T05:56:12Z,133,1.6,0,0.1,0,29.56,False
1496,2026-07-28T05:57:12Z,113,0.6,0,0.1,0,29.56,False
1497,2026-07-28T05:58:12Z,113,1.3,0,0.1,0,29.56,False
1498,2026-07-28T05:59:12Z,0,1.1,0,0.1,0,29.56,False
1499,2026-07-28T06:00:12Z,180,0.6,0,0.1,0,29.56,False
1500,2026-07-28T06:01:12Z,102,0.6,0,0.1,0,29.56,False
1501,2026-07-28T06:02:12Z,0,1.8,0,0.1,0,29.56,False
1502,2026-07-28T06:03:12Z,0,1.4,0,0.1,0,29.56,False
1503,2026-07-28T06:04:12Z,0,1.6,0,0.1,0,29.56,False
1504,2026-07-28T06:05:12Z,0,1.6,0,0.1,0,29.56,False
1505,2026-07-28T06:06:12Z,0,1.5,0,0.1,0,29.56,False
1506,2026-07-28T06:07:12Z,0,1.2,0,0.1,0,29.56,False
1507,2026-07-28T06:08:12Z,0,0.8,0,0.1,0,29.56,False
1508,2026-07-28T06:09:12Z,0,0.8,0,0.1,0,29.56,False
1509,2026-07-28T06:10:12Z,0,1.1,0,0.1,0,29.56,False
1510,2026-07-28T06:11:12Z,157,0.9,0,0.1,0,29.55,False
1511,2026-07-28T06:12:12Z,0,1.2,0,0.1,0,29.56,False
1512,2026-07-28T06:13:12Z,113,1.6,0,0.1,0,29.56,False
1513,2026-07-28T06:14:12Z,0,1.5,0,0.1,0,29.56,False
1514,2026-07-28T06:15:12Z,113,1.6,0,0.1,0,29.56,False
1515,2026-07-28T06:16:12Z,113,2.3,0,0.1,0,29.56,False
1516,2026-07-28T06:17:12Z,113,2.4,0,0.1,0,29.56,False
1517,2026-07-28T06:18:12Z,113,2.2,0,0.1,0,29.56,False
1518,2026-07-28T06:19:12Z,113,2.6,0,0.1,0,29.56,False
1519,2026-07-28T06:20:12Z,127,3.7,0,0.1,0,29.56,False
1520,2026-07-28T06:21:12Z,113,3.3,0,0.1,0,29.56,False
1521,2026-07-28T06:22:12Z,113,3.2,0,0.1,0,29.56,False
1522,2026-07-28T06:23:12Z,0,3.1,0,0.1,0,29.56,False
1523,2026-07-28T06:24:12Z,113,3.7,0,0.1,0,29.56,False
1524,2026-07-28T06:25:12Z,113,3.4,0,0.1,0,29.56,False
1525,2026-07-28T06:26:12Z,113,2.5,0,0.1,0,29.56,False
1526,2026-07-28T06:27:12Z,113,1.6,0,0.1,0,29.56,False
1527,2026-07-28T06:28:12Z,0,1.5,0,0.1,0,29.56,False
1528,2026-07-28T06:29:12Z,113,3.1,0,0.1,0,29.56,False
1529,2026-07-28T06:31:12Z,131,3.5,0,0.1,0,29.56,False
1530,2026-07-28T06:32:12Z,113,3.8,0,0.1,0,29.56,False
1531,2026-07-28T06:33:12Z,113,3.7,0,0.1,0,29.56,False
1532,2026-07-28T06:34:12Z,113,2.2,0,0.1,0,29.56,False
1533,2026-07-28T06:35:12Z,134,3.2,0,0.1,0,29.56,False
1534,2026-07-28T06:36:12Z,113,2.8,0,0.1,0,29.56,False
1535,2026-07-28T06:37:12Z,113,3.7,0,0.1,0,29.56,False
1536,2026-07-28T06:38:12Z,113,3.7,0,0.1,0,29.56,False
1537,2026-07-28T06:39:12Z,203,3.2,0,0.1,0,29.56,False
1538,2026-07-28T06:40:12Z,0,2.7,0,0.1,0,29.56,False
1539,2026-07-28T06:41:12Z,0,3.6,0,0.1,0,29.56,False
1540,2026-07-28T06:42:12Z,0,3.5,0,0.1,0,29.56,False
1541,2026-07-28T06:43:12Z,0,2.2,0,0.1,0,29.56,False
1542,2026-07-28T06:44:12Z,0,3.7,0,0.1,0,29.56,False
1543,2026-07-28T06:45:12Z,0,3.5,0,0.1,0,29.56,False
1544,2026-07-28T06:46:12Z,0,2.9,0,0.1,0,29.56,False
1545,2026-07-28T06:47:12Z,113,4.1,0,0.1,0,29.56,False
1546,2026-07-28T06:48:12Z,0,3.1,0,0.1,0,29.56,False
1547,2026-07-28T06:49:12Z,0,3.9,0,0.1,0,29.56,False
1548,2026-07-28T06:50:12Z,0,3.9,0,0.1,0,29.56,False
1549,2026-07-28T06:51:12Z,0,3.8,0,0.1,0,29.56,False
1550,2026-07-28T06:52:12Z,0,4.3,0,0.1,0,29.56,False
1551,2026-07-28T06:53:12Z,113,3.8,0,0.1,0,29.56,False
1552,2026-07-28T06:54:12Z,0,3.6,0,0.1,0,29.56,False
1553,2026-07-28T06:55:12Z,0,4.4,0,0.1,0,29.56,False
1554,2026-07-28T06:56:12Z,0,3.9,0,0.1,0,29.56,False
1555,2026-07-28T06:57:12Z,113,4.8,0,0.1,0,29.56,False
1556,2026-07-28T06:58:12Z,113,5.5,0,0.1,0,29.56,False
1557,2026-07-28T06:59:12Z,113,3.9,0,0.1,0,29.56,False
1558,2026-07-28T07:01:12Z,113,3.9,0,0.1,0,29.56,False
1559,2026-07-28T07:02:12Z,113,5.6,0,0.1,0,29.55,False
1560,2026-07-28T07:03:12Z,106,4.1,0,0.1,0,29.55,False
1561,2026-07-28T07:04:12Z,113,3.6,0,0.1,0,29.55,False
1562,2026-07-28T07:05:12Z,0,3.5,0,0.1,0,29.55,False
1563,2026-07-28T07:06:12Z,0,5.4,0,0.1,0,29.55,False
1564,2026-07-28T07:07:12Z,113,4.2,0,0.1,0,29.55,False
1565,2026-07-28T07:08:12Z,0,4,0,0.1,0,29.55,False
1566,2026-07-28T07:09:12Z,113,3.8,0,0.1,0,29.55,False
1567,2026-07-28T07:10:12Z,0,3.4,0,0.1,0,29.55,False
1568,2026-07-28T07:11:12Z,0,2.5,0,0.1,0,29.55,False
1569,2026-07-28T07:12:12Z,113,5.4,0,0.1,0,29.55,False
1570,2026-07-28T07:13:12Z,113,4.5,0,0.1,0,29.55,False
1571,2026-07-28T07:14:12Z,113,2,0,0.1,0,29.55,False
1572,2026-07-28T07:15:12Z,113,4.2,0,0.1,0,29.55,False
1573,2026-07-28T07:16:12Z,123,3,0,0.1,0,29.55,False
1574,2026-07-28T07:17:12Z,113,3.3,0,0.1,0,29.55,False
1575,2026-07-28T07:18:12Z,113,3.5,0,0.1,0,29.55,False
1576,2026-07-28T07:19:12Z,113,3.9,0,0.1,0,29.55,False
1577,2026-07-28T07:20:12Z,116,3.4,0,0.1,0,29.55,False
1578,2026-07-28T07:21:12Z,113,3.4,0,0.1,0,29.55,False
1579,2026-07-28T07:22:12Z,113,3.1,0,0.1,0,29.55,False
1580,2026-07-28T07:23:12Z,124,2.8,0,0.1,0,29.55,False
1581,2026-07-28T07:24:12Z,113,2.2,0,0.1,0,29.55,False
1582,2026-07-28T07:25:12Z,113,2.5,0,0.1,0,29.55,False
1583,2026-07-28T07:26:12Z,131,4,0,0.1,0,29.55,False
1584,2026-07-28T07:27:12Z,0,3.2,0,0.1,0,29.55,False
1585,2026-07-28T07:28:12Z,0,3.7,0,0.1,0,29.55,False
1586,2026-07-28T07:29:12Z,113,2.7,0,0.1,0,29.55,False
1587,2026-07-28T07:30:12Z,113,3.4,0,0.1,0,29.55,False
1588,2026-07-28T07:31:12Z,113,3.7,0,0.1,0,29.55,False
1589,2026-07-28T07:32:12Z,113,4.2,0,0.1,0,29.55,False
1590,2026-07-28T07:33:12Z,113,3.2,0,0.1,0,29.55,False
1591,2026-07-28T07:34:12Z,0,2.7,0,0.1,0,29.55,False
1592,2026-07-28T07:35:12Z,0,3.7,0,0.1,0,29.55,False
1593,2026-07-28T07:36:12Z,0,3.7,0,0.1,0,29.55,False
1594,2026-07-28T07:37:12Z,0,3.5,0,0.1,0,29.55,False
1595,2026-07-28T07:38:12Z,0,3.5,0,0.1,0,29.55,False
1596,2026-07-28T07:39:12Z,113,3.5,0,0.1,0,29.55,False
1597,2026-07-28T07:40:12Z,0,3.3,0,0.1,0,29.55,False
1598,2026-07-28T07:41:12Z,0,4.2,0,0.1,0,29.55,False
1599,2026-07-28T07:42:12Z,0,3.2,0,0.1,0,29.55,False
1600,2026-07-28T07:43:12Z,113,2.9,0,0.1,0,29.55,False
1601,2026-07-28T07:44:12Z,113,2.7,0,0.1,0,29.55,False
1602,2026-07-28T07:45:12Z,0,4.4,0,0.1,0,29.55,False
1603,2026-07-28T07:46:12Z,0,4.3,0,0.1,0,29.55,False
1604,2026-07-28T07:47:12Z,0,5.3,0,0.1,0,29.55,False
1605,2026-07-28T07:48:12Z,0,2.6,0,0.1,0,29.55,False
1606,2026-07-28T07:49:12Z,0,1.8,0,0.1,0,29.55,False
1607,2026-07-28T07:50:12Z,0,1.4,0,0.1,0,29.55,False
1608,2026-07-28T07:51:12Z,0,1.5,0,0.1,0,29.55,False
1609,2026-07-28T07:52:12Z,0,3.1,0,0.1,0,29.55,False
1610,2026-07-28T07:53:12Z,0,3,0,0.1,0,29.55,False
1611,2026-07-28T07:54:12Z,0,3.6,0,0.1,0,29.55,False
1612,2026-07-28T07:55:12Z,0,4.1,0,0.1,0,29.55,False
1613,2026-07-28T07:56:12Z,0,2.4,0,0.1,0,29.55,False
1614,2026-07-28T07:57:12Z,113,2.5,0,0.1,0,29.55,False
1615,2026-07-28T07:58:12Z,0,2.4,0,0.1,0,29.55,False
1616,2026-07-28T07:59:12Z,0,2.8,0,0.1,0,29.55,False
1617,2026-07-28T08:00:12Z,0,3.3,0,0.1,0,29.55,False
1618,2026-07-28T08:01:12Z,0,2,0,0.1,0,29.55,False
1619,2026-07-28T08:02:12Z,0,2.7,0,0.1,0,29.55,False
1620,2026-07-28T08:03:12Z,0,2.2,0,0.1,0,29.55,False
1621,2026-07-28T08:04:12Z,0,1.5,0,0.1,0,29.55,False
1622,2026-07-28T08:05:12Z,165,1.1,0,0.1,0,29.55,False
1623,2026-07-28T08:06:12Z,146,1.2,0,0.1,0,29.55,False
1624,2026-07-28T08:07:12Z,0,1.9,0,0.1,0,29.55,False
1625,2026-07-28T08:08:12Z,113,1.9,0,0.1,0,29.55,False
1626,2026-07-28T08:09:12Z,113,2,0,0.1,0,29.55,False
1627,2026-07-28T08:10:12Z,0,2.2,0,0.1,0,29.55,False
1628,2026-07-28T08:11:12Z,0,1.9,0,0.1,0,29.55,False
1629,2026-07-28T08:12:12Z,113,2,0,0.1,0,29.55,False
1630,2026-07-28T08:13:12Z,0,3.6,0,0.1,0,29.55,False
1631,2026-07-28T08:14:12Z,0,2.8,0,0.1,0,29.55,False
1632,2026-07-28T08:15:12Z,0,3.1,0,0.1,0,29.55,False
1633,2026-07-28T08:16:12Z,113,2.8,0,0.1,0,29.55,False
1634,2026-07-28T08:17:12Z,0,3.7,0,0.1,0,29.55,False
1635,2026-07-28T08:18:12Z,0,2.7,0,0.1,0,29.55,False
1636,2026-07-28T08:19:12Z,0,2.5,0,0.1,0,29.55,False
1637,2026-07-28T08:20:12Z,0,3.7,0,0.1,0,29.55,False
1638,2026-07-28T08:21:12Z,113,4.1,0,0.1,0,29.55,False
1639,2026-07-28T08:22:12Z,113,3.2,0,0.1,0,29.55,False
1640,2026-07-28T08:23:12Z,113,2.8,0,0.1,0,29.55,False
1641,2026-07-28T08:24:12Z,0,2.9,0,0.1,0,29.55,False
1642,2026-07-28T08:25:12Z,113,2.7,0,0.1,0,29.55,False
1643,2026-07-28T08:26:12Z,0,3.7,0,0.1,0,29.55,False
1644,2026-07-28T08:27:12Z,0,3.7,0,0.1,0,29.55,False
1645,2026-07-28T08:28:12Z,0,3,0,0.1,0,29.55,False
1646,2026-07-28T08:29:12Z,0,2.8,0,0.1,0,29.55,False
1647,2026-07-28T08:30:12Z,0,3.4,0,0.1,0,29.55,False
1648,2026-07-28T08:31:12Z,113,2.5,0,0.1,0,29.55,False
1649,2026-07-28T08:32:12Z,0,2.6,0,0.1,0,29.55,False
1650,2026-07-28T08:33:12Z,113,3,0,0.1,0,29.55,False
1651,2026-07-28T08:34:12Z,113,2.8,0,0.1,0,29.55,False
1652,2026-07-28T08:35:12Z,0,2.5,0,0.1,0,29.55,False
1653,2026-07-28T08:36:12Z,113,3.7,0,0.1,0,29.55,False
1654,2026-07-28T08:37:12Z,0,2.8,0,0.1,0,29.55,False
1655,2026-07-28T08:38:12Z,113,2.7,0,0.1,0,29.55,False
1656,2026-07-28T08:39:12Z,0,3.7,0,0.1,0,29.55,False
1657,2026-07-28T08:40:12Z,0,5.4,0,0.1,0,29.55,False
1658,2026-07-28T08:41:12Z,124,5,0,0.1,0,29.55,False
1659,2026-07-28T08:42:12Z,102,4.4,0,0.1,0,29.55,False
1660,2026-07-28T08:43:12Z,0,4.9,0,0.1,0,29.55,False
1661,2026-07-28T08:44:12Z,113,3.1,0,0.1,0,29.55,False
1662,2026-07-28T08:45:12Z,113,2.6,0,0.1,0,29.55,False
1663,2026-07-28T08:46:12Z,113,2.9,0,0.1,0,29.55,False
1664,2026-07-28T08:47:12Z,146,2,0,0.1,0,29.56,False
1665,2026-07-28T08:48:12Z,113,3.3,0,0.1,0,29.56,False
1666,2026-07-28T08:50:12Z,113,3.3,0,0.1,0,29.56,False
1667,2026-07-28T08:51:12Z,113,5.2,0,0.1,0,29.56,False
1668,2026-07-28T08:52:12Z,0,5,0,0.1,0,29.56,False
1669,2026-07-28T08:53:12Z,0,5.1,0,0.1,0,29.56,False
1670,2026-07-28T08:54:12Z,113,4.1,0,0.1,0,29.56,False
1671,2026-07-28T08:55:12Z,113,5.2,0,0.1,0,29.56,False
1672,2026-07-28T08:56:12Z,0,5.9,0,0.1,0,29.56,False
1673,2026-07-28T08:57:12Z,113,6.1,0,0.1,0,29.56,False
1674,2026-07-28T08:58:12Z,104,5.7,0,0.1,0,29.56,False
1675,2026-07-28T08:59:12Z,113,4.9,0,0.1,0,29.56,False
1676,2026-07-28T09:01:12Z,119,7.1,0,0.1,0,29.56,False
1677,2026-07-28T09:02:12Z,113,4.9,0,0.1,0,29.56,False
1678,2026-07-28T09:03:12Z,113,5.3,0,0.1,0,29.56,False
1679,2026-07-28T09:04:12Z,113,6.1,0,0.1,0,29.56,False
1680,2026-07-28T09:05:12Z,0,6,0,0.1,0,29.56,False
1681,2026-07-28T09:06:12Z,0,4.8,0,0.1,0,29.56,False
1682,2026-07-28T09:07:12Z,113,4.4,0,0.1,0,29.56,False
1683,2026-07-28T09:08:12Z,113,4.9,0,0.1,0,29.56,False
1684,2026-07-28T09:09:12Z,113,3.3,0,0.1,0,29.56,False
1685,2026-07-28T09:10:12Z,113,4.9,0,0.1,0,29.56,False
1686,2026-07-28T09:11:12Z,113,4.4,0,0.1,0,29.56,False
1687,2026-07-28T09:12:12Z,113,3.3,0,0.1,0,29.56,False
1688,2026-07-28T09:13:12Z,113,2,0,0.1,0,29.56,False
1689,2026-07-28T09:14:12Z,113,4.2,0,0.1,0,29.56,False
1690,2026-07-28T09:15:12Z,113,4.5,0,0.1,0,29.56,False
1691,2026-07-28T09:16:12Z,113,2.6,0,0.1,0,29.56,False
1692,2026-07-28T09:17:12Z,113,5.5,0,0.1,0,29.56,False
1693,2026-07-28T09:18:12Z,0,5,0,0.1,0,29.56,False
1694,2026-07-28T09:20:12Z,113,4,0,0.1,0,29.56,False
1695,2026-07-28T09:21:12Z,113,4.6,0,0.1,0,29.56,False
1696,2026-07-28T09:22:12Z,0,8,0,0.1,0,29.56,False
1697,2026-07-28T09:23:12Z,113,6.6,0,0.1,0,29.56,False
1698,2026-07-28T09:24:12Z,113,5.9,0,0.1,0,29.56,False
1699,2026-07-28T09:25:12Z,113,6.3,0,0.1,0,29.56,False
1700,2026-07-28T09:26:12Z,113,4.8,0,0.1,0,29.56,False
1701,2026-07-28T09:27:12Z,113,3.9,0,0.1,0,29.56,False
1702,2026-07-28T09:28:12Z,113,5.3,0,0.1,0,29.56,False
1703,2026-07-28T09:29:12Z,0,5.4,0,0.1,0,29.56,False
1704,2026-07-28T09:31:12Z,113,5.9,0,0.1,0,29.56,False
1705,2026-07-28T09:32:12Z,113,4.6,0,0.1,0,29.56,False
1706,2026-07-28T09:33:12Z,203,4.2,0,0.1,0,29.56,False
1707,2026-07-28T09:34:12Z,113,5.1,0,0.1,0,29.56,False
1708,2026-07-28T09:35:12Z,113,3.6,0,0.1,0,29.56,False
1709,2026-07-28T09:36:12Z,113,3.6,0,0.1,0,29.56,False
1710,2026-07-28T09:37:12Z,113,4.2,0,0.1,0,29.56,False
1711,2026-07-28T09:38:12Z,113,6.4,0,0.1,0,29.56,False
1712,2026-07-28T09:40:12Z,0,5,0,0.1,0,29.56,False
1713,2026-07-28T09:41:12Z,0,3.5,0,0.1,0,29.56,False
1714,2026-07-28T09:42:12Z,0,2.6,0,0.1,0,29.56,False
1715,2026-07-28T09:43:12Z,0,5.7,0,0.1,0,29.56,False
1716,2026-07-28T09:44:12Z,124,4.9,0,0.1,0,29.56,False
1717,2026-07-28T09:45:12Z,113,4.7,0,0.1,0,29.56,False
1718,2026-07-28T09:46:12Z,113,4,0,0.1,0,29.56,False
1719,2026-07-28T09:47:12Z,113,3.5,0,0.1,0,29.56,False
1720,2026-07-28T09:48:12Z,113,3.2,0,0.1,0,29.56,False
1721,2026-07-28T09:49:12Z,113,5.3,0,0.1,0,29.56,False
1722,2026-07-28T09:50:12Z,113,7.1,0,0.1,0,29.56,False
1723,2026-07-28T09:51:12Z,113,3,0,0.1,0,29.56,False
1724,2026-07-28T09:52:12Z,104,4.2,0,0.1,0,29.56,False
1725,2026-07-28T09:53:12Z,167,5.1,0,0.1,0,29.56,False
1726,2026-07-28T09:54:12Z,113,4.6,0,0.1,0,29.56,False
1727,2026-07-28T09:55:12Z,113,4.2,0,0.1,0,29.56,False
1728,2026-07-28T09:56:12Z,113,3.2,0,0.1,0,29.56,False
1729,2026-07-28T09:57:12Z,158,3.8,0,0.1,0,29.56,False
1730,2026-07-28T09:58:12Z,180,2.3,0,0.1,0,29.56,False
1731,2026-07-28T09:59:12Z,113,3.4,0,0.1,0,29.56,False
1732,2026-07-28T10:01:12Z,88,5.7,0,0.1,0,29.56,False
1733,2026-07-28T10:02:12Z,113,4.1,0,0.1,0,29.56,False
1734,2026-07-28T10:03:12Z,113,3.9,0,0.1,0,29.56,False
1735,2026-07-28T10:04:12Z,113,3.5,0,0.1,0,29.56,False
1736,2026-07-28T10:05:12Z,113,3.7,0,0.1,0,29.56,False
1737,2026-07-28T10:06:12Z,0,4.1,0,0.1,0,29.56,False
1738,2026-07-28T10:07:12Z,113,5.4,0,0.1,0,29.56,False
1739,2026-07-28T10:08:12Z,113,3.7,0,0.1,0,29.56,False
1740,2026-07-28T10:10:12Z,113,4.4,0,0.1,0,29.56,False
1741,2026-07-28T10:11:12Z,107,4.2,0,0.1,0,29.56,False
1742,2026-07-28T10:12:12Z,115,5.1,0,0.1,0,29.56,False
1743,2026-07-28T10:13:12Z,113,4.5,0,0.1,0,29.56,False
1744,2026-07-28T10:14:12Z,154,2.8,0,0.1,0,29.56,False
1745,2026-07-28T10:15:12Z,113,4,0,0.1,0,29.56,False
1746,2026-07-28T10:16:12Z,109,3.5,0,0.1,0,29.56,False
1747,2026-07-28T10:17:12Z,113,6.5,0,0.1,0,29.56,False
1748,2026-07-28T10:18:12Z,113,5.1,0,0.1,0,29.56,False
1749,2026-07-28T10:19:12Z,113,3.8,0,0.1,0,29.56,False
1750,2026-07-28T10:20:12Z,113,3.9,0,0.1,0,29.56,False
1751,2026-07-28T10:21:12Z,0,3.4,0,0.1,0,29.56,False
1752,2026-07-28T10:22:12Z,113,3.6,0,0.1,0,29.57,False
1753,2026-07-28T10:23:12Z,113,2.7,0,0.1,0,29.57,False
1754,2026-07-28T10:24:12Z,120,5.3,0,0.1,0,29.57,False
1755,2026-07-28T10:25:12Z,120,5.1,0,0.1,0,29.57,False
1756,2026-07-28T10:26:12Z,113,4.5,0,0.1,0,29.57,False
1757,2026-07-28T10:27:12Z,118,3.6,0,0.1,0,29.57,False
1758,2026-07-28T10:28:12Z,113,3.6,0,0.1,0,29.57,False
1759,2026-07-28T10:29:12Z,116,3.4,0,0.1,0,29.57,False
1760,2026-07-28T10:30:12Z,109,3.2,0,0.1,0,29.57,False
1761,2026-07-28T10:31:12Z,122,3.3,0,0.1,0,29.57,False
1762,2026-07-28T10:32:12Z,113,3,0,0.1,0,29.57,False
1763,2026-07-28T10:33:12Z,113,3,0,0.1,0,29.57,False
1764,2026-07-28T10:34:12Z,113,7,0,0.1,0,29.57,False
1765,2026-07-28T10:35:12Z,113,5.4,0,0.1,0,29.57,False
1766,2026-07-28T10:36:12Z,116,2.3,0,0.1,0,29.57,False
1767,2026-07-28T10:37:12Z,0,3.2,0,0.1,0,29.57,False
1768,2026-07-28T10:38:12Z,113,3,0,0.1,0,29.57,False
1769,2026-07-28T10:40:12Z,113,2.8,0,0.1,0,29.58,False
1770,2026-07-28T10:41:12Z,113,3.1,0,0.1,0,29.58,False
1771,2026-07-28T10:42:12Z,0,3.3,0,0.1,0,29.58,False
1772,2026-07-28T10:43:12Z,113,3.9,0,0.1,0,29.57,False
1773,2026-07-28T10:44:12Z,117,4.5,0,0.1,0,29.57,False
1774,2026-07-28T10:45:12Z,113,3.4,0,0.1,0,29.58,False
1775,2026-07-28T10:46:12Z,0,3.3,0,0.1,0,29.58,False
1776,2026-07-28T10:47:12Z,119,3.1,0,0.1,0,29.58,False
1777,2026-07-28T10:48:12Z,113,2.1,0,0.1,0,29.58,False
1778,2026-07-28T10:49:12Z,113,1.5,0,0.1,0,29.57,False
1779,2026-07-28T10:50:12Z,113,2.8,0,0.1,0,29.57,False
1780,2026-07-28T10:51:12Z,113,2.2,0,0.1,0,29.57,False
1781,2026-07-28T10:52:12Z,113,1.7,0,0.1,0,29.57,False
1782,2026-07-28T10:53:12Z,113,3.4,0,0.1,0,29.57,False
1783,2026-07-28T10:54:12Z,0,3.5,0,0.1,0,29.57,False
1784,2026-07-28T10:55:12Z,0,2.5,0,0.1,0,29.57,False
1785,2026-07-28T10:56:12Z,0,1.6,0,0.1,0,29.57,False
1786,2026-07-28T10:57:12Z,113,2.4,0,0.1,0,29.57,False
1787,2026-07-28T10:58:12Z,113,2,0,0.1,0,29.57,False
1788,2026-07-28T10:59:12Z,0,2,0,0.1,0,29.56,False
1789,2026-07-28T11:00:12Z,0,1.8,0,0.1,0,29.56,False
1790,2026-07-28T11:01:12Z,0,1.7,0,0.1,0,29.56,False
1791,2026-07-28T11:02:12Z,147,2.2,0,0.1,0,29.56,False
1792,2026-07-28T11:03:12Z,0,2.8,0,0.1,0,29.56,False
1793,2026-07-28T11:04:12Z,0,2.3,0,0.1,0,29.56,False
1794,2026-07-28T11:05:12Z,113,2.3,0,0.1,0,29.56,False
1795,2026-07-28T11:06:12Z,115,3.7,0,0.1,0,29.56,False
1796,2026-07-28T11:07:12Z,113,3.6,0,0.1,0,29.56,False
1797,2026-07-28T11:08:12Z,108,4.5,0,0.1,0,29.56,False
1798,2026-07-28T11:10:12Z,113,2.4,0,0.1,0,29.56,False
1799,2026-07-28T11:11:12Z,113,3.5,0,0.1,0,29.56,False
1800,2026-07-28T11:12:12Z,113,2.5,0,0.1,0,29.56,False
1801,2026-07-28T11:13:12Z,113,2.8,0,0.1,0,29.56,False
1802,2026-07-28T11:14:12Z,113,2.7,0,0.1,0,29.56,False
1803,2026-07-28T11:15:12Z,113,2.9,0,0.1,0,29.56,False
1804,2026-07-28T11:16:12Z,113,3.4,0,0.1,0,29.56,False
1805,2026-07-28T11:17:12Z,159,2.1,0,0.1,0,29.56,False
1806,2026-07-28T11:18:12Z,113,3.2,0,0.1,0,29.56,False
1807,2026-07-28T11:19:12Z,107,2.2,0,0.1,0,29.56,False
1808,2026-07-28T11:21:12Z,0,2.2,0,0.1,0,29.56,False
1809,2026-07-28T11:22:12Z,203,1.9,0,0.1,0,29.56,False
1810,2026-07-28T11:23:12Z,134,1.2,0,0.1,0,29.56,False
1811,2026-07-28T11:24:12Z,0,2.1,0,0.1,0,29.56,False
1812,2026-07-28T11:25:12Z,113,2.7,0,0.1,0,29.56,False
1813,2026-07-28T11:26:12Z,113,2.7,0,0.1,0,29.56,False
1814,2026-07-28T11:27:12Z,113,2.2,0,0.1,0,29.56,False
1815,2026-07-28T11:28:12Z,126,1.9,0,0.1,0,29.56,False
1816,2026-07-28T11:29:12Z,139,3.5,0,0.1,0,29.56,False
1817,2026-07-28T11:30:12Z,113,2.3,0,0.1,0,29.56,False
1818,2026-07-28T11:31:12Z,180,1.5,0,0.1,0,29.56,False
1819,2026-07-28T11:32:12Z,0,2.1,0,0.1,0,29.56,False
1820,2026-07-28T11:33:12Z,113,2.5,0,0.1,0,29.56,False
1821,2026-07-28T11:34:12Z,157,1.2,0,0.1,0,29.56,False
1822,2026-07-28T11:35:12Z,113,1.7,0,0.1,0,29.56,False
1823,2026-07-28T11:36:12Z,180,1.3,0,0.1,0,29.56,False
1824,2026-07-28T11:37:12Z,113,2.7,0,0.1,0,29.56,False
1825,2026-07-28T11:38:12Z,113,2.6,0,0.1,0,29.56,False
1826,2026-07-28T11:39:12Z,0,3.8,0,0.1,0,29.55,False
1827,2026-07-28T11:40:12Z,0,3.2,0,0.1,0,29.55,False
1828,2026-07-28T11:41:12Z,0,4.1,0,0.1,0,29.55,False
1829,2026-07-28T11:42:12Z,0,2.4,0,0.1,0,29.55,False
1830,2026-07-28T11:43:12Z,0,2.4,0,0.1,0,29.55,False
1831,2026-07-28T11:44:12Z,0,4.6,0,0.1,0,29.55,False
1832,2026-07-28T11:45:12Z,0,3.6,0,0.1,0,29.55,False
1833,2026-07-28T11:46:12Z,0,3.1,0,0.1,0,29.55,False
1834,2026-07-28T11:47:12Z,0,2.2,0,0.1,0,29.55,False
1835,2026-07-28T11:48:12Z,113,2,0,0.1,0,29.55,False
1836,2026-07-28T11:50:12Z,0,2.4,0,0.1,0,29.55,False
1837,2026-07-28T11:51:12Z,0,3.6,0,0.1,0,29.55,False
1838,2026-07-28T11:52:12Z,0,3.3,0,0.1,0,29.55,False
1839,2026-07-28T11:53:12Z,0,2.7,0,0.1,0,29.55,False
1840,2026-07-28T11:54:12Z,113,3,0,0.1,0,29.56,False
1841,2026-07-28T11:55:12Z,119,2.5,0,0.1,0,29.56,False
1842,2026-07-28T11:56:12Z,0,2.7,0,0.1,0,29.56,False
1843,2026-07-28T11:57:12Z,0,2.9,0,0.1,0,29.56,False
1844,2026-07-28T11:58:12Z,113,2.7,0,0.1,0,29.56,False
1845,2026-07-28T11:59:12Z,0,1.2,0,0.1,0,29.56,False
1846,2026-07-28T12:00:12Z,0,1.8,0,0.1,0,29.56,False
1847,2026-07-28T12:01:12Z,0,3.2,0,0.1,0,29.56,False
1848,2026-07-28T12:02:12Z,0,3.5,0,0.1,0,29.56,False
1849,2026-07-28T12:03:12Z,117,3.4,0,0.1,0,29.56,False
1850,2026-07-28T12:04:12Z,113,2.8,0,0.1,0,29.56,False
1851,2026-07-28T12:05:12Z,113,3.5,0,0.1,0,29.56,False
1852,2026-07-28T12:06:12Z,113,4.3,0,0.1,0,29.56,False
1853,2026-07-28T12:07:12Z,0,3.3,0,0.1,0,29.56,False
1854,2026-07-28T12:08:12Z,113,3.7,0,0.1,0,29.56,False
1855,2026-07-28T12:09:12Z,113,3.4,0,0.1,0,29.56,False
1856,2026-07-28T12:10:12Z,107,2.9,0,0.1,0,29.56,False
1857,2026-07-28T12:11:12Z,107,4.2,0,0.1,0,29.56,False
1858,2026-07-28T12:12:12Z,113,3.8,0,0.1,0,29.56,False
1859,2026-07-28T12:13:12Z,113,5,0,0.1,0,29.56,False
1860,2026-07-28T12:14:12Z,113,2.6,0,0.1,0,29.56,False
1861,2026-07-28T12:15:12Z,134,3,0,0.1,0,29.56,False
1862,2026-07-28T12:16:12Z,180,3.4,0,0.1,0,29.56,False
1863,2026-07-28T12:17:12Z,0,5.2,0,0.1,0,29.56,False
1864,2026-07-28T12:18:12Z,158,3.4,0,0.1,0,29.56,False
1865,2026-07-28T12:19:12Z,0,5.1,0,0.1,0,29.56,False
1866,2026-07-28T12:20:12Z,113,5.8,0,0.1,0,29.56,False
1867,2026-07-28T12:21:12Z,110,4.7,0,0.1,0,29.56,False
1868,2026-07-28T12:22:12Z,0,3.1,0,0.1,0,29.56,False
1869,2026-07-28T12:23:12Z,0,3.7,0,0.1,0,29.56,False
1870,2026-07-28T12:24:12Z,106,3.7,0,0.1,0,29.56,False
1871,2026-07-28T12:25:12Z,0,5.1,0,0.1,0,29.56,False
1872,2026-07-28T12:26:12Z,98,2.9,0,0.1,0,29.56,False
1873,2026-07-28T12:27:12Z,113,4.3,0,0.1,0,29.56,False
1874,2026-07-28T12:28:12Z,0,3.8,0,0.1,0,29.56,False
1875,2026-07-28T12:29:12Z,0,5.4,0,0.1,0,29.56,False
1876,2026-07-28T12:31:12Z,0,3,0,0.1,0,29.56,False
1877,2026-07-28T12:32:12Z,0,5.7,0,0.1,0,29.56,False
1878,2026-07-28T12:33:12Z,113,5.6,0,0.1,0,29.56,False
1879,2026-07-28T12:34:12Z,113,5.1,0,0.1,0,29.56,False
1880,2026-07-28T12:35:12Z,145,2.5,0,0.1,0,29.56,False
1881,2026-07-28T12:36:12Z,125,2.5,0,0.1,0,29.56,False
1882,2026-07-28T12:37:12Z,109,2.2,0,0.1,0,29.56,False
1883,2026-07-28T12:38:12Z,158,2.7,0,0.1,0,29.56,False
1884,2026-07-28T12:39:12Z,147,3.1,0,0.1,0,29.56,False
1885,2026-07-28T12:40:12Z,115,2.5,0,0.1,0,29.56,False
1886,2026-07-28T12:41:12Z,138,4,0,0.1,0,29.56,False
1887,2026-07-28T12:42:12Z,0,6.1,0,0.1,0,29.56,False
1888,2026-07-28T12:43:12Z,127,2.9,0,0.1,0,29.56,False
1889,2026-07-28T12:44:12Z,113,5.1,0,0.1,0,29.56,False
1890,2026-07-28T12:45:12Z,113,5.6,0,0.1,0,29.56,False
1891,2026-07-28T12:46:12Z,113,5.5,0,0.1,0,29.56,False
1892,2026-07-28T12:47:12Z,109,5.7,0,0.1,0,29.56,False
1893,2026-07-28T12:48:12Z,113,6.1,0,0.1,0,29.56,False
1894,2026-07-28T12:50:12Z,113,2.9,0,0.1,0,29.56,False
1895,2026-07-28T12:51:12Z,113,3.2,0,0.1,0,29.56,False
1896,2026-07-28T12:52:12Z,121,3,0,0.1,0,29.56,False
1897,2026-07-28T12:53:12Z,116,3.1,0,0.1,0,29.56,False
1898,2026-07-28T12:54:12Z,104,4,0,0.1,0,29.56,False
1899,2026-07-28T12:55:12Z,0,3.8,0,0.1,0,29.56,False
1900,2026-07-28T12:56:12Z,113,2.8,0,0.1,0,29.56,False
1901,2026-07-28T12:57:12Z,113,4.9,0,0.1,0,29.56,False
1902,2026-07-28T12:58:12Z,113,5.2,0,0.1,0,29.56,False
1903,2026-07-28T12:59:12Z,113,4.5,0,0.1,0,29.56,False
1904,2026-07-28T13:00:12Z,0,2.7,0,0.1,0,29.56,False
1905,2026-07-28T13:01:12Z,121,3,0,0.1,0,29.56,False
1906,2026-07-28T13:02:12Z,0,4.3,0,0.1,0,29.56,False
1907,2026-07-28T13:03:12Z,113,5,0,0.1,0,29.56,False
1908,2026-07-28T13:04:12Z,113,3.9,0,0.1,0,29.55,False
1909,2026-07-28T13:05:12Z,0,4.9,0,0.1,0,29.55,False
1910,2026-07-28T13:06:12Z,113,3.4,0,0.1,0,29.55,False
1911,2026-07-28T13:07:12Z,113,3.9,0,0.1,0,29.55,False
1912,2026-07-28T13:08:12Z,113,5.5,0,0.1,0,29.55,False
1913,2026-07-28T13:09:12Z,122,3.4,0,0.1,0,29.55,False
1914,2026-07-28T13:10:12Z,113,4.5,0,0.1,0,29.55,False
1915,2026-07-28T13:11:12Z,0,3.6,0,0.1,0,29.55,False
1916,2026-07-28T13:12:12Z,128,2.5,0,0.1,0,29.55,False
1917,2026-07-28T13:13:12Z,113,4,0,0.1,0,29.55,False
1918,2026-07-28T13:14:12Z,113,6.5,0,0.1,0,29.55,False
1919,2026-07-28T13:15:12Z,113,2.8,0,0.1,0,29.55,False
1920,2026-07-28T13:16:12Z,0,3,0,0.1,0,29.55,False
1921,2026-07-28T13:17:12Z,134,3.4,0,0.1,0,29.55,False
1922,2026-07-28T13:18:12Z,139,1.4,0,0.1,0,29.55,False
1923,2026-07-28T13:20:12Z,0,5.1,0,0.1,0,29.55,False
1924,2026-07-28T13:21:12Z,113,6.4,0,0.1,0,29.54,False
1925,2026-07-28T13:22:12Z,180,4.2,0,0.1,0,29.54,False
1926,2026-07-28T13:23:12Z,0,4.3,0,0.1,0,29.54,False
1927,2026-07-28T13:24:12Z,0,4.3,0,0.1,0,29.54,False
1928,2026-07-28T13:25:12Z,124,4.5,0,0.1,0,29.54,False
1929,2026-07-28T13:26:12Z,0,3.5,0,0.1,0,29.54,False
1930,2026-07-28T13:27:12Z,0,3.9,0,0.1,0,29.54,False
1931,2026-07-28T13:28:12Z,113,7.5,0,0.1,0,29.54,False
1932,2026-07-28T13:29:12Z,117,6.3,0,0.1,0,29.54,False
1933,2026-07-28T13:31:12Z,128,5.7,0,0.1,0,29.54,False
1934,2026-07-28T13:32:12Z,0,5.3,0,0.1,0,29.54,False
1935,2026-07-28T13:33:12Z,0,5.5,0,0.1,0,29.54,False
1936,2026-07-28T13:34:12Z,113,5.5,0,0.1,0,29.54,False
1937,2026-07-28T13:35:12Z,121,5,0,0.1,0,29.54,False
1938,2026-07-28T13:36:12Z,0,4.7,0,0.1,0,29.54,False
1939,2026-07-28T13:37:12Z,68,3.1,0,0.1,0,29.54,False
1940,2026-07-28T13:38:12Z,180,3.3,0,0.1,0,29.54,False
1941,2026-07-28T13:39:12Z,0,1.9,0,0.1,0,29.54,False
1942,2026-07-28T13:40:12Z,113,2.3,0,0.1,0,29.54,False
1943,2026-07-28T13:41:12Z,113,2.3,0,0.1,0,29.54,False
1944,2026-07-28T13:42:12Z,0,7,0,0.1,0,29.54,False
1945,2026-07-28T13:43:12Z,113,8.5,0,0.1,0,29.54,False
1946,2026-07-28T13:44:12Z,113,12.1,0,0.1,0,29.54,False
1947,2026-07-28T13:45:12Z,157,8.6,0,0.1,0,29.54,False
1948,2026-07-28T13:46:12Z,133,7.4,0,0.1,0,29.54,False
1949,2026-07-28T13:47:12Z,113,7.8,0,0.1,0,29.54,False
1950,2026-07-28T13:48:12Z,0,2.3,0,0.1,0,29.54,False
1951,2026-07-28T13:49:12Z,113,2.9,0,0.1,0,29.54,False
1952,2026-07-28T13:50:12Z,113,3.1,0,0.1,0,29.54,False
1953,2026-07-28T13:51:12Z,113,4.2,0,0.1,0,29.54,False
1954,2026-07-28T13:52:12Z,0,2.6,0,0.1,0,29.54,False
1955,2026-07-28T13:53:12Z,0,2.5,0,0.1,0,29.54,False
1956,2026-07-28T13:54:12Z,113,3.4,0,0.1,0,29.54,False
1957,2026-07-28T13:55:12Z,180,6,0,0.1,0,29.54,False
1958,2026-07-28T13:56:12Z,113,2.9,0,0.1,0,29.54,False
1959,2026-07-28T13:57:12Z,113,2.8,0,0.1,0,29.54,False
1960,2026-07-28T13:58:12Z,0,4.2,0,0.1,0,29.54,False
1961,2026-07-28T13:59:12Z,180,3.1,0,0.1,0,29.54,False
1962,2026-07-28T14:00:12Z,113,4.3,0,0.1,0,29.54,False
1963,2026-07-28T14:01:12Z,113,4.2,0,0.1,0,29.54,False
1964,2026-07-28T14:02:12Z,113,5.3,0,0.1,0,29.54,False
1965,2026-07-28T14:03:12Z,113,3.8,0,0.1,0,29.54,False
1966,2026-07-28T14:04:12Z,176,3.9,0,0.1,0,29.54,False
1967,2026-07-28T14:05:12Z,113,3.5,0,0.1,0,29.54,False
1968,2026-07-28T14:06:12Z,113,2.2,0,0.1,0,29.54,False
1969,2026-07-28T14:07:12Z,113,3.6,0,0.1,0,29.54,False
1970,2026-07-28T14:08:12Z,113,3.8,0,0.1,0,29.54,False
1971,2026-07-28T14:09:12Z,113,5.8,0,0.1,0,29.54,False
1972,2026-07-28T14:10:12Z,0,4.7,0,0.1,0,29.54,False
1973,2026-07-28T14:11:12Z,0,3.5,0,0.1,0,29.54,False
1974,2026-07-28T14:12:12Z,180,3.1,0,0.1,0,29.54,False
1975,2026-07-28T14:13:12Z,113,2,0,0.1,0,29.54,False
1976,2026-07-28T14:14:12Z,0,3.2,0,0.1,0,29.54,False
1977,2026-07-28T14:15:12Z,113,4.3,0,0.1,0,29.54,False
1978,2026-07-28T14:16:12Z,113,3.1,0,0.1,0,29.54,False
1979,2026-07-28T14:17:12Z,113,2.6,0,0.1,0,29.54,False
1980,2026-07-28T14:18:12Z,0,4,0,0.1,0,29.54,False
1981,2026-07-28T14:19:12Z,113,5.4,0,0.1,0,29.54,False
1982,2026-07-28T14:20:12Z,113,5.1,0,0.1,0,29.54,False
1983,2026-07-28T14:21:12Z,113,4.1,0,0.1,0,29.54,False
1984,2026-07-28T14:22:12Z,113,3.5,0,0.1,0,29.54,False
1985,2026-07-28T14:23:12Z,113,3.6,0,0.1,0,29.54,False
1986,2026-07-28T14:24:12Z,113,5.1,0,0.1,0,29.54,False
1987,2026-07-28T14:25:12Z,0,4.9,0,0.1,0,29.54,False
1988,2026-07-28T14:26:12Z,113,3,0,0.1,0,29.54,False
1989,2026-07-28T14:27:12Z,0,4.1,0,0.1,0,29.54,False
1990,2026-07-28T14:28:12Z,146,1.7,0,0.1,0,29.54,False
1991,2026-07-28T14:29:12Z,131,4,0,0.1,0,29.54,False
1992,2026-07-28T14:30:12Z,116,5.1,0,0.1,0,29.54,False
1993,2026-07-28T14:31:12Z,122,2.5,0,0.1,0,29.54,False
1994,2026-07-28T14:32:12Z,113,4.1,0,0.1,0,29.54,False
1995,2026-07-28T14:33:12Z,113,4.2,0,0.1,0,29.54,False
1996,2026-07-28T14:34:12Z,126,4.3,0,0.1,0,29.54,False
1997,2026-07-28T14:35:12Z,113,3.3,0,0.1,0,29.54,False
1998,2026-07-28T14:36:12Z,113,4,0,0.1,0,29.54,False
1999,2026-07-28T14:37:12Z,113,8.6,0,0.1,0,29.54,False
2000,2026-07-28T14:38:12Z,113,10.7,0,0.1,0,29.54,False
2001,2026-07-28T14:39:12Z,113,4.7,0,0.1,0,29.54,False
2002,2026-07-28T14:40:12Z,113,3.8,0,0.1,0,29.54,False
2003,2026-07-28T14:41:12Z,0,6.5,0,0.1,0,29.54,False
2004,2026-07-28T14:42:12Z,0,6.5,0,0.1,0,29.54,False
2005,2026-07-28T14:43:12Z,113,3.4,0,0.1,0,29.54,False
2006,2026-07-28T14:44:12Z,0,4.3,0,0.1,0,29.54,False
2007,2026-07-28T14:45:12Z,0,6.8,0,0.1,0,29.54,False
2008,2026-07-28T14:46:12Z,113,10.5,0,0.1,0,29.54,False
2009,2026-07-28T14:47:12Z,0,6,0,0.1,0,29.54,False
2010,2026-07-28T14:48:12Z,113,5.7,0,0.1,0,29.54,False
2011,2026-07-28T14:49:12Z,0,5.5,0,0.1,0,29.54,False
2012,2026-07-28T14:50:12Z,0,6.5,0,0.1,0,29.54,False
2013,2026-07-28T14:51:12Z,0,4.9,0,0.1,0,29.54,False
2014,2026-07-28T14:52:12Z,113,4.9,0,0.1,0,29.54,False
2015,2026-07-28T14:53:12Z,122,3.9,0,0.1,0,29.54,False
2016,2026-07-28T14:54:12Z,120,3.9,0,0.1,0,29.54,False
2017,2026-07-28T14:55:12Z,123,5.4,0,0.1,0,29.54,False
2018,2026-07-28T14:56:12Z,113,7.9,0,0.1,0,29.54,False
2019,2026-07-28T14:57:12Z,151,4.7,0,0.1,0,29.54,False
2020,2026-07-28T14:58:12Z,126,5.6,0,0.1,0,29.54,False
2021,2026-07-28T14:59:12Z,113,5.2,0,0.1,0,29.54,False
2022,2026-07-28T15:01:12Z,0,6.4,0,0.1,0,29.54,False
2023,2026-07-28T15:02:12Z,113,4.8,0,0.1,0,29.54,False
2024,2026-07-28T15:03:12Z,144,3.4,0,0.1,0,29.54,False
2025,2026-07-28T15:04:12Z,135,3.2,0,0.1,0,29.54,False
2026,2026-07-28T15:05:12Z,124,3.7,0,0.1,0,29.54,False
2027,2026-07-28T15:06:12Z,113,5,0,0.1,0,29.55,False
2028,2026-07-28T15:07:12Z,113,4.4,0,0.1,0,29.55,False
2029,2026-07-28T15:08:12Z,113,2.8,0,0.1,0,29.55,False
2030,2026-07-28T15:09:12Z,142,1.4,0,0.1,0,29.55,False
2031,2026-07-28T15:10:12Z,128,1.3,0,0.1,0,29.55,False
2032,2026-07-28T15:11:12Z,124,1.7,0,0.1,0,29.55,False
2033,2026-07-28T15:12:12Z,113,3.1,0,0.1,0,29.54,False
2034,2026-07-28T15:13:12Z,120,3.5,0,0.1,0,29.54,False
2035,2026-07-28T15:14:12Z,0,3.8,0,0.1,0,29.54,False
2036,2026-07-28T15:15:12Z,113,5.6,0,0.1,0,29.54,False
2037,2026-07-28T15:16:12Z,128,6.9,0,0.1,0,29.54,False
2038,2026-07-28T15:17:12Z,115,5.5,0,0.1,0,29.54,False
2039,2026-07-28T15:18:12Z,131,3.1,0,0.1,0,29.54,False
2040,2026-07-28T15:19:12Z,113,5,0,0.1,0,29.54,False
2041,2026-07-28T15:20:12Z,113,7.1,0,0.1,0,29.54,False
2042,2026-07-28T15:21:12Z,0,8.9,0,0.1,0,29.54,False
2043,2026-07-28T15:22:12Z,0,9.1,0,0.1,0,29.54,False
2044,2026-07-28T15:23:12Z,119,5,0,0.1,0,29.54,False
2045,2026-07-28T15:24:12Z,122,4.6,0,0.1,0,29.54,False
2046,2026-07-28T15:25:12Z,121,3.5,0,0.1,0,29.54,False
2047,2026-07-28T15:26:12Z,167,4,0,0.1,0,29.54,False
2048,2026-07-28T15:27:12Z,113,4.1,0,0.1,0,29.54,False
2049,2026-07-28T15:28:12Z,113,3.7,0,0.1,0,29.54,False
2050,2026-07-28T15:29:12Z,113,2.7,0,0.1,0,29.54,False
2051,2026-07-28T15:30:12Z,131,2.9,0,0.1,0,29.54,False
2052,2026-07-28T15:31:12Z,0,4,0,0.1,0,29.54,False
2053,2026-07-28T15:32:12Z,0,6,0,0.1,0,29.54,False
2054,2026-07-28T15:33:12Z,0,5.8,0,0.1,0,29.54,False
2055,2026-07-28T15:34:12Z,0,5.4,0,0.1,0,29.54,False
2056,2026-07-28T15:35:12Z,113,5.8,0,0.1,0,29.54,False
2057,2026-07-28T15:36:12Z,113,4.5,0,0.1,0,29.54,False
2058,2026-07-28T15:37:12Z,113,5.3,0,0.1,0,29.54,False
2059,2026-07-28T15:38:12Z,113,4.1,0,0.1,0,29.54,False
2060,2026-07-28T15:39:12Z,0,3.8,0,0.1,0,29.54,False
2061,2026-07-28T15:40:12Z,0,3.1,0,0.1,0,29.54,False
2062,2026-07-28T15:41:12Z,0,2.3,0,0.1,0,29.54,False
2063,2026-07-28T15:42:12Z,113,3.4,0,0.1,0,29.54,False
2064,2026-07-28T15:43:12Z,144,2.3,0,0.1,0,29.54,False
2065,2026-07-28T15:44:12Z,113,4.7,0,0.1,0,29.54,False
2066,2026-07-28T15:45:12Z,123,6.4,0,0.1,0,29.54,False
2067,2026-07-28T15:46:12Z,139,4.4,0,0.1,0,29.54,False
2068,2026-07-28T15:47:12Z,138,4.5,0,0.1,0,29.53,False
2069,2026-07-28T15:48:12Z,121,5.4,0,0.1,0,29.54,False
2070,2026-07-28T15:49:12Z,120,6.5,0,0.1,0,29.54,False
2071,2026-07-28T15:50:12Z,113,11.2,0,0.1,0,29.53,False
2072,2026-07-28T15:51:12Z,113,9.800000000000001,0,0.1,0,29.53,False
2073,2026-07-28T15:52:12Z,0,5.8,0,0.1,0,29.53,False
2074,2026-07-28T15:53:12Z,121,5.8,0,0.1,0,29.53,False
2075,2026-07-28T15:54:12Z,115,7.9,0,0.1,0,29.53,False
2076,2026-07-28T15:55:12Z,113,6.4,0,0.1,0,29.53,False
2077,2026-07-28T15:56:12Z,113,7.3,0,0.1,0,29.53,False
2078,2026-07-28T15:57:12Z,114,3,0,0.1,0,29.54,False
2079,2026-07-28T15:58:12Z,113,7.1,0,0.1,0,29.54,False
2080,2026-07-28T15:59:12Z,113,4.1,0,0.1,0,29.54,False
2081,2026-07-28T16:00:12Z,122,3.2,0,0.1,0,29.54,False
2082,2026-07-28T16:01:12Z,113,4,0,0.1,0,29.54,False
2083,2026-07-28T16:02:12Z,146,3.2,0,0.1,0,29.53,False
2084,2026-07-28T16:03:12Z,152,2.3,0,0.1,0,29.53,False
2085,2026-07-28T16:04:12Z,113,4,0,0.1,0,29.53,False
2086,2026-07-28T16:05:12Z,113,4.4,0,0.1,0,29.53,False
2087,2026-07-28T16:06:12Z,167,5.5,0,0.1,0,29.53,False
2088,2026-07-28T16:07:12Z,139,5.7,0,0.1,0,29.53,False
2089,2026-07-28T16:08:12Z,158,4.1,0,0.1,0,29.53,False
2090,2026-07-28T16:10:12Z,113,5.8,0,0.1,0,29.53,False
2091,2026-07-28T16:11:12Z,113,5.7,0,0.1,0,29.53,False
2092,2026-07-28T16:12:12Z,113,5,0,0.1,0,29.52,False
2093,2026-07-28T16:13:12Z,0,7.1,0,0.1,0,29.52,False
2094,2026-07-28T16:14:12Z,147,6.7,0,0.1,0,29.52,False
2095,2026-07-28T16:15:12Z,113,5.8,0,0.1,0,29.52,False
2096,2026-07-28T16:16:12Z,173,4.7,0,0.1,0,29.52,False
2097,2026-07-28T16:17:12Z,146,4.7,0,0.1,0,29.52,False
2098,2026-07-28T16:18:12Z,113,5.1,0,0.1,0,29.52,False
2099,2026-07-28T16:19:12Z,113,8.300000000000001,0,0.1,0,29.52,False
2100,2026-07-28T16:20:12Z,113,4.3,0,0.1,0,29.52,False
2101,2026-07-28T16:21:12Z,113,6.6,0,0.1,0,29.52,False
2102,2026-07-28T16:22:12Z,128,2.6,0,0.1,0,29.52,False
2103,2026-07-28T16:23:12Z,139,2.3,0,0.1,0,29.52,False
2104,2026-07-28T16:24:12Z,158,2.4,0,0.1,0,29.52,False
2105,2026-07-28T16:25:12Z,0,2.4,0,0.1,0,29.52,False
2106,2026-07-28T16:26:12Z,177,2.3,0,0.1,0,29.52,False
2107,2026-07-28T16:27:12Z,180,4.6,0,0.1,0,29.52,False
2108,2026-07-28T16:28:12Z,113,7.7,0,0.1,0,29.52,False
2109,2026-07-28T16:29:12Z,113,5,0,0.1,0,29.52,False
2110,2026-07-28T16:30:12Z,113,5.6,0,0.1,0,29.52,False
2111,2026-07-28T16:31:12Z,120,5.1,0,0.1,0,29.52,False
2112,2026-07-28T16:32:12Z,113,6,0,0.1,0,29.52,False
2113,2026-07-28T16:33:12Z,0,6.2,0,0.1,0,29.52,False
2114,2026-07-28T16:34:12Z,113,8.6,0,0.1,0,29.52,False
2115,2026-07-28T16:35:12Z,113,7.8,0,0.1,0,29.52,False
2116,2026-07-28T16:36:12Z,0,7.8,0,0.1,0,29.52,False
2117,2026-07-28T16:37:12Z,0,8.300000000000001,0,0.1,0,29.52,False
2118,2026-07-28T16:38:12Z,122,5.2,0,0.1,0,29.52,False
2119,2026-07-28T16:39:12Z,113,2.8,0,0.1,0,29.52,False
2120,2026-07-28T16:40:12Z,0,4.8,0,0.1,0,29.52,False
2121,2026-07-28T16:41:12Z,0,9.800000000000001,0,0.1,0,29.52,False
2122,2026-07-28T16:42:12Z,0,5.5,0,0.1,0,29.52,False
2123,2026-07-28T16:43:12Z,113,6.6,0,0.1,0,29.52,False
2124,2026-07-28T16:44:12Z,113,4.4,0,0.1,0,29.52,False
2125,2026-07-28T16:45:12Z,163,2.3,0,0.1,0,29.52,False
2126,2026-07-28T16:46:12Z,113,3.5,0,0.1,0,29.52,False
2127,2026-07-28T16:47:12Z,0,1.6,0,0.1,0,29.52,False
2128,2026-07-28T16:48:12Z,113,3.4,0,0.1,0,29.52,False
2129,2026-07-28T16:49:12Z,0,4.6,0,0.1,0,29.52,False
2130,2026-07-28T16:50:12Z,180,2.7,0,0.1,0,29.52,False
2131,2026-07-28T16:51:12Z,163,3.3,0,0.1,0,29.52,False
2132,2026-07-28T16:52:12Z,180,5.1,0,0.1,0,29.52,False
2133,2026-07-28T16:53:12Z,203,6.1,0,0.1,0,29.52,False
2134,2026-07-28T16:54:12Z,0,9.699999999999999,0,0.1,0,29.52,False
2135,2026-07-28T16:55:12Z,113,8.4,0,0.1,0,29.52,False
2136,2026-07-28T16:56:12Z,0,10.4,0,0.1,0,29.52,False
2137,2026-07-28T16:57:12Z,134,5.7,0,0.1,0,29.52,False
2138,2026-07-28T16:58:12Z,113,6.6,0,0.1,0,29.52,False
2139,2026-07-28T16:59:12Z,131,6.5,0,0.1,0,29.52,False
2140,2026-07-28T17:01:12Z,113,9.5,0,0.1,0,29.52,False
2141,2026-07-28T17:02:12Z,0,8.1,0,0.1,0,29.52,False
2142,2026-07-28T17:03:12Z,0,8.699999999999999,0,0.1,0,29.52,False
2143,2026-07-28T17:04:12Z,0,9.1,0,0.1,0,29.52,False
2144,2026-07-28T17:05:12Z,0,6.6,0,0.1,0,29.52,False
2145,2026-07-28T17:06:12Z,0,9.300000000000001,0,0.1,0,29.52,False
2146,2026-07-28T17:07:12Z,0,14,0,0.1,0,29.52,False
2147,2026-07-28T17:08:12Z,158,6.3,0,0.1,0,29.52,False
2148,2026-07-28T17:10:12Z,0,5.2,0,0.1,0,29.52,False
2149,2026-07-28T17:11:12Z,113,3.7,0,0.1,0,29.52,False
2150,2026-07-28T17:12:12Z,0,3.6,0,0.1,0,29.51,False
2151,2026-07-28T17:13:12Z,0,3.9,0,0.1,0,29.51,False
2152,2026-07-28T17:14:12Z,0,5.2,0,0.1,0,29.51,False
2153,2026-07-28T17:15:12Z,0,4.5,0,0.1,0,29.51,False
2154,2026-07-28T17:16:12Z,0,4.5,0,0.1,0,29.51,False
2155,2026-07-28T17:17:12Z,113,3.1,0,0.1,0,29.52,False
2156,2026-07-28T17:18:12Z,0,5.1,0,0.1,0,29.52,False
2157,2026-07-28T17:19:12Z,113,5.9,0,0.1,0,29.52,False
2158,2026-07-28T17:20:12Z,0,7.2,0,0.1,0,29.52,False
2159,2026-07-28T17:21:12Z,127,6.7,0,0.1,0,29.52,False
2160,2026-07-28T17:22:12Z,0,8.199999999999999,0,0.1,0,29.52,False
2161,2026-07-28T17:23:12Z,147,5.8,0,0.1,0,29.52,False
2162,2026-07-28T17:24:12Z,113,6.7,0,0.1,0,29.52,False
2163,2026-07-28T17:25:12Z,121,5.6,0,0.1,0,29.52,False
2164,2026-07-28T17:26:12Z,113,4.7,0,0.1,0,29.52,False
2165,2026-07-28T17:27:12Z,143,2.2,0,0.1,0,29.52,False
2166,2026-07-28T17:28:12Z,112,2.5,0,0.1,0,29.52,False
2167,2026-07-28T17:29:12Z,113,6.2,0,0.1,0,29.52,False
2168,2026-07-28T17:31:12Z,113,5.2,0,0.1,0,29.51,False
2169,2026-07-28T17:32:12Z,0,8,0,0.1,0,29.52,False
2170,2026-07-28T17:33:12Z,113,8,0,0.1,0,29.52,False
2171,2026-07-28T17:34:12Z,147,8.1,0,0.1,0,29.52,False
2172,2026-07-28T17:35:12Z,180,9.1,0,0.1,0,29.52,False
2173,2026-07-28T17:36:12Z,147,6.5,0,0.1,0,29.52,False
2174,2026-07-28T17:37:12Z,0,6.3,0,0.1,0,29.52,False
2175,2026-07-28T17:38:12Z,113,6.3,0,0.1,0,29.52,False
2176,2026-07-28T17:39:12Z,0,9,0,0.1,0,29.52,False
2177,2026-07-28T17:40:12Z,113,12.8,0,0.1,0,29.51,False
2178,2026-07-28T17:41:12Z,113,11.8,0,0.1,0,29.51,False
2179,2026-07-28T17:42:12Z,0,11.6,0,0.1,0,29.51,False
2180,2026-07-28T17:43:12Z,0,15.5,0,0.1,0,29.51,False
2181,2026-07-28T17:44:12Z,0,8.6,0,0.1,0,29.51,False
2182,2026-07-28T17:45:12Z,0,14,0,0.1,0,29.51,False
2183,2026-07-28T17:46:12Z,0,10.1,0,0.1,0,29.51,False
2184,2026-07-28T17:47:12Z,113,10.6,0,0.1,0,29.51,False
2185,2026-07-28T17:48:12Z,0,5.1,0,0.1,0,29.51,False
2186,2026-07-28T17:49:12Z,0,4.7,0,0.1,0,29.51,False
2187,2026-07-28T17:50:12Z,0,7.4,0,0.1,0,29.51,False
2188,2026-07-28T17:51:12Z,180,8.6,0,0.1,0,29.51,False
2189,2026-07-28T17:52:12Z,113,6.9,0,0.1,0,29.51,False
2190,2026-07-28T17:53:12Z,0,7.8,0,0.1,0,29.51,False
2191,2026-07-28T17:54:12Z,0,7.5,0,0.1,0,29.51,False
2192,2026-07-28T17:55:12Z,134,5.8,0,0.1,0,29.51,False
2193,2026-07-28T17:56:12Z,113,6.2,0,0.1,0,29.51,False
2194,2026-07-28T17:57:12Z,0,8.6,0,0.1,0,29.51,False
2195,2026-07-28T17:58:12Z,113,6.8,0,0.1,0,29.51,False
2196,2026-07-28T17:59:12Z,128,5.1,0,0.1,0,29.51,False
2197,2026-07-28T18:00:12Z,113,7.3,0,0.1,0,29.51,False
2198,2026-07-28T18:01:12Z,113,9.1,0,0.1,0,29.51,False
2199,2026-07-28T18:02:12Z,0,7.1,0,0.1,0,29.51,False
2200,2026-07-28T18:03:12Z,124,7.5,0,0.1,0,29.51,False
2201,2026-07-28T18:04:12Z,113,6.4,0,0.1,0,29.51,False
2202,2026-07-28T18:05:12Z,113,6.9,0,0.1,0,29.51,False
2203,2026-07-28T18:06:12Z,0,8.699999999999999,0,0.1,0,29.51,False
2204,2026-07-28T18:07:12Z,0,8.5,0,0.1,0,29.51,False
2205,2026-07-28T18:08:12Z,147,8,0,0.1,0,29.51,False
2206,2026-07-28T18:09:12Z,0,8,0,0.1,0,29.51,False
2207,2026-07-28T18:10:12Z,0,6.1,0,0.1,0,29.51,False
2208,2026-07-28T18:11:12Z,0,8.199999999999999,0,0.1,0,29.51,False
2209,2026-07-28T18:12:12Z,113,5.8,0,0.1,0,29.51,False
2210,2026-07-28T18:13:12Z,167,5.1,0,0.1,0,29.51,False
2211,2026-07-28T18:14:12Z,0,6.2,0,0.1,0,29.51,False
2212,2026-07-28T18:15:12Z,113,6,0,0.1,0,29.51,False
2213,2026-07-28T18:16:12Z,113,7.1,0,0.1,0,29.51,False
2214,2026-07-28T18:17:12Z,113,9.300000000000001,0,0.1,0,29.51,False
2215,2026-07-28T18:18:12Z,113,9.1,0,0.1,0,29.51,False
2216,2026-07-28T18:19:12Z,113,8.9,0,0.1,0,29.51,False
2217,2026-07-28T18:20:12Z,0,9.300000000000001,0,0.1,0,29.51,False
2218,2026-07-28T18:21:12Z,0,6.2,0,0.1,0,29.51,False
2219,2026-07-28T18:22:12Z,0,4.3,0,0.1,0,29.51,False
2220,2026-07-28T18:23:12Z,113,6.1,0,0.1,0,29.5,False
2221,2026-07-28T18:24:12Z,113,7.3,0,0.1,0,29.5,False
2222,2026-07-28T18:25:12Z,139,4.9,0,0.1,0,29.5,False
2223,2026-07-28T18:26:12Z,113,5,0,0.1,0,29.5,False
2224,2026-07-28T18:27:12Z,101,3.7,0,0.1,0,29.5,False
2225,2026-07-28T18:28:12Z,136,5.7,0,0.1,0,29.5,False
2226,2026-07-28T18:30:12Z,113,6.2,0,0.1,0,29.51,False
2227,2026-07-28T18:31:12Z,113,5.8,0,0.1,0,29.51,False
2228,2026-07-28T18:32:12Z,139,8.300000000000001,0,0.1,0,29.5,False
2229,2026-07-28T18:33:12Z,203,6.4,0,0.1,0,29.51,False
2230,2026-07-28T18:34:12Z,113,7.5,0,0.1,0,29.5,False
2231,2026-07-28T18:35:12Z,113,6.9,0,0.1,0,29.5,False
2232,2026-07-28T18:36:12Z,113,4.1,0,0.1,0,29.5,False
2233,2026-07-28T18:37:12Z,98,4.5,0,0.1,0,29.5,False
2234,2026-07-28T18:38:12Z,124,5.9,0,0.1,0,29.5,False
2235,2026-07-28T18:40:12Z,113,4.5,0,0.1,0,29.5,False
2236,2026-07-28T18:41:12Z,113,10.3,0,0.1,0,29.5,False
2237,2026-07-28T18:42:12Z,113,12.7,0,0.1,0,29.5,False
2238,2026-07-28T18:43:12Z,147,7.2,0,0.1,0,29.5,False
2239,2026-07-28T18:44:12Z,113,6.2,0,0.1,0,29.5,False
2240,2026-07-28T18:45:12Z,0,5.9,0,0.1,0,29.5,False
2241,2026-07-28T18:46:12Z,113,7,0,0.1,0,29.5,False
2242,2026-07-28T18:47:12Z,113,7.3,0,0.1,0,29.5,False
2243,2026-07-28T18:48:12Z,113,8.300000000000001,0,0.1,0,29.5,False
2244,2026-07-28T18:49:12Z,113,6.1,0,0.1,0,29.5,False
2245,2026-07-28T18:51:12Z,113,6.3,0,0.1,0,29.5,False
2246,2026-07-28T18:52:12Z,0,7.8,0,0.1,0,29.5,False
2247,2026-07-28T18:53:12Z,113,10.3,0,0.1,0,29.5,False
2248,2026-07-28T18:54:12Z,113,5.6,0,0.1,0,29.5,False
2249,2026-07-28T18:55:12Z,113,3.3,0,0.1,0,29.5,False
2250,2026-07-28T18:56:12Z,177,1.8,0,0.1,0,29.5,False
2251,2026-07-28T18:57:12Z,113,4.6,0,0.1,0,29.5,False
2252,2026-07-28T18:58:12Z,113,3.4,0,0.1,0,29.5,False
2253,2026-07-28T18:59:12Z,175,2.4,0,0.1,0,29.5,False
2254,2026-07-28T19:01:12Z,113,2.5,0,0.1,0,29.5,False
2255,2026-07-28T19:02:12Z,121,2.4,0,0.1,0,29.5,False
2256,2026-07-28T19:03:12Z,0,4.4,0,0.1,0,29.5,False
2257,2026-07-28T19:04:12Z,0,5.7,0,0.1,0,29.5,False
2258,2026-07-28T19:05:12Z,113,9.5,0,0.1,0,29.5,False
2259,2026-07-28T19:06:12Z,113,6.7,0,0.1,0,29.5,False
2260,2026-07-28T19:07:12Z,124,7.4,0,0.1,0,29.5,False
2261,2026-07-28T19:08:12Z,0,9.699999999999999,0,0.1,0,29.5,False
2262,2026-07-28T19:09:12Z,113,18.8,0,0.1,0,29.5,False
2263,2026-07-28T19:11:12Z,0,14.4,0,0.1,0,29.5,False
2264,2026-07-28T19:12:12Z,113,10.9,0,0.1,0,29.5,False
2265,2026-07-28T19:13:12Z,113,10.1,0,0.1,0,29.5,False
2266,2026-07-28T19:14:12Z,113,12.8,0,0.1,0,29.5,False
2267,2026-07-28T19:15:12Z,113,5.3,0,0.1,0,29.5,False
2268,2026-07-28T19:16:12Z,134,7,0,0.1,0,29.5,False
2269,2026-07-28T19:17:12Z,0,14.1,0,0.1,0,29.5,False
2270,2026-07-28T19:18:12Z,113,18,0,0.1,0,29.5,False
2271,2026-07-28T19:19:12Z,0,11.8,0,0.1,0,29.5,False
2272,2026-07-28T19:21:12Z,113,7.1,0,0.1,0,29.5,False
2273,2026-07-28T19:22:12Z,113,10.1,0,0.1,0,29.5,False
2274,2026-07-28T19:23:12Z,203,11.9,0,0.1,0,29.5,False
2275,2026-07-28T19:24:12Z,113,14.2,0,0.1,0,29.5,False
2276,2026-07-28T19:25:12Z,0,7.8,0,0.1,0,29.5,False
2277,2026-07-28T19:26:12Z,180,10.1,0,0.1,0,29.5,False
2278,2026-07-28T19:27:12Z,113,14.4,0,0.1,0,29.5,False
2279,2026-07-28T19:28:12Z,131,11.1,0,0.1,0,29.5,False
2280,2026-07-28T19:29:12Z,113,10.7,0,0.1,0,29.5,False
2281,2026-07-28T19:30:12Z,113,16.3,0,0.1,0,29.5,False
2282,2026-07-28T19:31:12Z,0,18,0,0.1,0,29.5,False
2283,2026-07-28T19:32:12Z,0,10.8,0,0.1,0,29.5,False
2284,2026-07-28T19:33:12Z,113,5.1,0,0.1,0,29.5,False
2285,2026-07-28T19:34:12Z,113,5.5,0,0.1,0,29.5,False
2286,2026-07-28T19:35:12Z,113,10.8,0,0.1,0,29.5,False
2287,2026-07-28T19:36:12Z,0,14.2,0,0.1,0,29.5,False
2288,2026-07-28T19:37:12Z,113,13.1,0,0.1,0,29.5,False
2289,2026-07-28T19:38:12Z,113,6,0,0.1,0,29.5,False
2290,2026-07-28T19:39:12Z,113,3.8,0,0.1,0,29.5,False
2291,2026-07-28T19:40:12Z,0,15.1,0,0.1,0,29.5,False
2292,2026-07-28T19:41:12Z,113,14.8,0,0.1,0,29.5,False
2293,2026-07-28T19:42:12Z,0,15,0,0.1,0,29.5,False
2294,2026-07-28T19:43:12Z,0,13.6,0,0.1,0,29.5,False
2295,2026-07-28T19:44:12Z,113,4.4,0,0.1,0,29.5,False
2296,2026-07-28T19:45:12Z,0,9.5,0,0.1,0,29.5,False
2297,2026-07-28T19:46:12Z,113,18.2,0,0.1,0,29.5,False
2298,2026-07-28T19:47:12Z,0,10.2,0,0.1,0,29.5,False
2299,2026-07-28T19:48:12Z,113,8,0,0.1,0,29.5,False
2300,2026-07-28T19:49:12Z,113,4.9,0,0.1,0,29.5,False
2301,2026-07-28T19:51:12Z,113,6.8,0,0.1,0,29.5,False
2302,2026-07-28T19:52:12Z,0,10,0,0.1,0,29.5,False
2303,2026-07-28T19:53:12Z,0,9.5,0,0.1,0,29.5,False
2304,2026-07-28T19:54:12Z,113,4.8,0,0.1,0,29.5,False
2305,2026-07-28T19:55:12Z,157,4.4,0,0.1,0,29.5,False
2306,2026-07-28T19:56:12Z,113,5.4,0,0.1,0,29.5,False
2307,2026-07-28T19:57:12Z,113,7.4,0,0.1,0,29.5,False
2308,2026-07-28T19:58:12Z,113,6.2,0,0.1,0,29.51,False
2309,2026-07-28T19:59:12Z,113,9,0,0.1,0,29.51,False
2310,2026-07-28T20:00:12Z,154,9.699999999999999,0,0.1,0,29.51,False
2311,2026-07-28T20:01:12Z,0,9.4,0,0.1,0,29.51,False
2312,2026-07-28T20:02:12Z,0,18,0,0.1,0,29.51,False
2313,2026-07-28T20:03:12Z,113,12.3,0,0.1,0,29.51,False
2314,2026-07-28T20:04:12Z,0,13.8,0,0.1,0,29.51,False
2315,2026-07-28T20:05:12Z,0,13.5,0,0.1,0,29.51,False
2316,2026-07-28T20:06:12Z,113,11.9,0,0.1,0,29.51,False
2317,2026-07-28T20:07:12Z,113,10.8,0,0.1,0,29.51,False
2318,2026-07-28T20:08:12Z,0,9.9,0,0.1,0,29.51,False
2319,2026-07-28T20:09:12Z,113,13,0,0.1,0,29.51,False
2320,2026-07-28T20:10:12Z,113,14.9,0,0.1,0,29.51,False
2321,2026-07-28T20:11:12Z,113,11.9,0,0.1,0,29.51,False
2322,2026-07-28T20:12:12Z,0,9.300000000000001,0,0.1,0,29.51,False
2323,2026-07-28T20:13:12Z,0,7.6,0,0.1,0,29.51,False
2324,2026-07-28T20:14:12Z,0,13.7,0,0.1,0,29.51,False
2325,2026-07-28T20:15:12Z,113,11,0,0.1,0,29.51,False
2326,2026-07-28T20:16:12Z,125,9.300000000000001,0,0.1,0,29.51,False
2327,2026-07-28T20:17:12Z,157,7.1,0,0.1,0,29.51,False
2328,2026-07-28T20:18:12Z,192,11.4,0,0.1,0,29.51,False
2329,2026-07-28T20:20:12Z,158,8.9,0,0.1,0,29.51,False
2330,2026-07-28T20:21:12Z,113,13.2,0,0.1,0,29.51,False
2331,2026-07-28T20:22:12Z,0,15.7,0,0.1,0,29.51,False
2332,2026-07-28T20:23:12Z,0,13.6,0,0.1,0,29.51,False
2333,2026-07-28T20:24:12Z,0,10.9,0,0.1,0,29.51,False
2334,2026-07-28T20:25:12Z,113,10.4,0,0.1,0,29.51,False
2335,2026-07-28T20:26:12Z,113,14.9,0,0.1,0,29.51,False
2336,2026-07-28T20:27:12Z,113,11.2,0,0.1,0,29.51,False
2337,2026-07-28T20:28:12Z,0,13.6,0,0.1,0,29.51,False
2338,2026-07-28T20:29:12Z,180,11.6,0,0.1,0,29.51,False
2339,2026-07-28T20:30:12Z,0,9,0,0.1,0,29.51,False
2340,2026-07-28T20:31:12Z,154,5.7,0,0.1,0,29.51,False
2341,2026-07-28T20:32:12Z,0,11.5,0,0.1,0,29.51,False
2342,2026-07-28T20:33:12Z,0,11.5,0,0.1,0,29.51,False
2343,2026-07-28T20:34:12Z,0,11.1,0,0.1,0,29.51,False
2344,2026-07-28T20:35:12Z,0,12.9,0,0.1,0,29.51,False
2345,2026-07-28T20:36:12Z,113,10.3,0,0.1,0,29.51,False
2346,2026-07-28T20:37:12Z,113,7.4,0,0.1,0,29.51,False
2347,2026-07-28T20:38:12Z,0,9.5,0,0.1,0,29.51,False
2348,2026-07-28T20:39:12Z,0,13.7,0,0.1,0,29.51,False
2349,2026-07-28T20:40:12Z,113,12.6,0,0.1,0,29.51,False
2350,2026-07-28T20:41:12Z,0,16.8,0,0.1,0,29.51,False
2351,2026-07-28T20:42:12Z,0,8.699999999999999,0,0.1,0,29.51,False
2352,2026-07-28T20:43:12Z,113,10,0,0.1,0,29.51,False
2353,2026-07-28T20:44:12Z,0,9.800000000000001,0,0.1,0,29.51,False
2354,2026-07-28T20:45:12Z,158,11.8,0,0.1,0,29.51,False
2355,2026-07-28T20:46:12Z,113,7.8,0,0.1,0,29.51,False
2356,2026-07-28T20:47:12Z,113,6,0,0.1,0,29.51,False
2357,2026-07-28T20:48:12Z,113,6.1,0,0.1,0,29.51,False
2358,2026-07-28T20:49:12Z,180,5.3,0,0.1,0,29.51,False
2359,2026-07-28T20:50:12Z,0,10.4,0,0.1,0,29.51,False
2360,2026-07-28T20:51:12Z,0,8.199999999999999,0,0.1,0,29.51,False
2361,2026-07-28T20:52:12Z,0,6.4,0,0.1,0,29.51,False
2362,2026-07-28T20:53:12Z,0,10.1,0,0.1,0,29.51,False
2363,2026-07-28T20:54:12Z,0,7.7,0,0.1,0,29.51,False
2364,2026-07-28T20:55:12Z,113,8.1,0,0.1,0,29.51,False
2365,2026-07-28T20:56:12Z,195,6.6,0,0.1,0,29.51,False
2366,2026-07-28T20:57:12Z,113,9.199999999999999,0,0.1,0,29.51,False
2367,2026-07-28T20:58:12Z,0,9.199999999999999,0,0.1,0,29.51,False
2368,2026-07-28T20:59:12Z,0,9.300000000000001,0,0.1,0,29.51,False
2369,2026-07-28T21:00:12Z,113,6.1,0,0.1,0,29.51,False
2370,2026-07-28T21:01:12Z,180,4.8,0,0.1,0,29.51,False
2371,2026-07-28T21:02:12Z,158,4.1,0,0.1,0,29.51,False
2372,2026-07-28T21:03:12Z,147,5.2,0,0.1,0,29.51,False
2373,2026-07-28T21:04:12Z,0,15.5,0,0.1,0,29.51,False
2374,2026-07-28T21:05:12Z,0,12.5,0,0.1,0,29.51,False
2375,2026-07-28T21:06:12Z,0,16.1,0,0.1,0,29.51,False
2376,2026-07-28T21:07:12Z,0,16.2,0,0.1,0,29.51,False
2377,2026-07-28T21:08:12Z,180,7.1,0,0.1,0,29.51,False
2378,2026-07-28T21:09:12Z,158,11.8,0,0.1,0,29.51,False
2379,2026-07-28T21:11:12Z,139,9.6,0,0.1,0,29.51,False
2380,2026-07-28T21:12:12Z,113,12.5,0,0.1,0,29.51,False
2381,2026-07-28T21:13:12Z,0,13.9,0,0.1,0,29.51,False
2382,2026-07-28T21:14:12Z,113,11.4,0,0.1,0,29.51,False
2383,2026-07-28T21:15:12Z,113,9.6,0,0.1,0,29.51,False
2384,2026-07-28T21:16:12Z,159,3.3,0,0.1,0,29.51,False
2385,2026-07-28T21:17:12Z,113,6.6,0,0.1,0,29.51,False
2386,2026-07-28T21:18:12Z,113,3.4,0,0.1,0,29.51,False
2387,2026-07-28T21:20:12Z,180,12.1,0,0.1,0,29.51,False
2388,2026-07-28T21:21:12Z,0,8.800000000000001,0,0.1,0,29.51,False
2389,2026-07-28T21:22:12Z,0,10.5,0,0.1,0,29.51,False
2390,2026-07-28T21:23:12Z,139,8.9,0,0.1,0,29.51,False
2391,2026-07-28T21:24:12Z,0,11.5,0,0.1,0,29.51,False
2392,2026-07-28T21:25:12Z,113,12.7,0,0.1,0,29.51,False
2393,2026-07-28T21:26:12Z,139,11.5,0,0.1,0,29.51,False
2394,2026-07-28T21:27:12Z,113,9.300000000000001,0,0.1,0,29.51,False
2395,2026-07-28T21:28:12Z,113,9.300000000000001,0,0.1,0,29.51,False
2396,2026-07-28T21:29:12Z,113,7.5,0,0.1,0,29.51,False
2397,2026-07-28T21:30:12Z,0,9,0,0.1,0,29.51,False
2398,2026-07-28T21:31:12Z,0,6.3,0,0.1,0,29.51,False
2399,2026-07-28T21:32:12Z,128,9.199999999999999,0,0.1,0,29.51,False
2400,2026-07-28T21:33:12Z,113,9.5,0,0.1,0,29.51,False
2401,2026-07-28T21:34:12Z,0,8.9,0,0.1,0,29.51,False
2402,2026-07-28T21:35:12Z,0,11,0,0.1,0,29.51,False
2403,2026-07-28T21:36:12Z,113,8,0,0.1,0,29.51,False
2404,2026-07-28T21:37:12Z,0,15.1,0,0.1,0,29.51,False
2405,2026-07-28T21:38:12Z,113,14.1,0,0.1,0,29.51,False
2406,2026-07-28T21:39:12Z,0,9.199999999999999,0,0.1,0,29.51,False
2407,2026-07-28T21:40:12Z,0,15.6,0,0.1,0,29.51,False
2408,2026-07-28T21:41:12Z,113,18.2,0,0.1,0,29.51,False
2409,2026-07-28T21:42:12Z,0,10.7,0,0.1,0,29.51,False
2410,2026-07-28T21:43:12Z,113,14.8,0,0.1,0,29.51,False
2411,2026-07-28T21:44:12Z,167,3.5,0,0.1,0,29.51,False
2412,2026-07-28T21:45:12Z,147,4.4,0,0.1,0,29.51,False
2413,2026-07-28T21:46:12Z,113,7.8,0,0.1,0,29.51,False
2414,2026-07-28T21:47:12Z,113,13.1,0,0.1,0,29.51,False
2415,2026-07-28T21:48:12Z,131,13.2,0,0.1,0,29.51,False
2416,2026-07-28T21:49:12Z,0,13.1,0,0.1,0,29.51,False
2417,2026-07-28T21:50:12Z,0,8.199999999999999,0,0.1,0,29.51,False
2418,2026-07-28T21:51:12Z,113,6.1,0,0.1,0,29.51,False
2419,2026-07-28T21:52:12Z,134,6.4,0,0.1,0,29.51,False
2420,2026-07-28T21:53:12Z,0,10.6,0,0.1,0,29.51,False
2421,2026-07-28T21:54:12Z,0,9.5,0,0.1,0,29.51,False
2422,2026-07-28T21:55:12Z,0,5.3,0,0.1,0,29.51,False
2423,2026-07-28T21:56:12Z,0,7.1,0,0.1,0,29.5,False
2424,2026-07-28T21:57:12Z,0,8.6,0,0.1,0,29.5,False
2425,2026-07-28T21:58:12Z,0,6.8,0,0.1,0,29.5,False
2426,2026-07-28T21:59:12Z,0,5,0,0.1,0,29.5,False
2427,2026-07-28T22:00:12Z,0,6.5,0,0.1,0,29.5,False
2428,2026-07-28T22:01:12Z,113,5.6,0,0.1,0,29.51,False
2429,2026-07-28T22:02:12Z,113,4.9,0,0.1,0,29.51,False
2430,2026-07-28T22:03:12Z,0,5,0,0.1,0,29.5,False
2431,2026-07-28T22:04:12Z,0,4.4,0,0.1,0,29.5,False
2432,2026-07-28T22:05:12Z,0,6.3,0,0.1,0,29.5,False
2433,2026-07-28T22:06:12Z,149,5.9,0,0.1,0,29.5,False
2434,2026-07-28T22:07:12Z,23,9.199999999999999,0,0.1,0,29.5,False
2435,2026-07-28T22:08:12Z,113,9.800000000000001,0,0.1,0,29.5,False
2436,2026-07-28T22:09:12Z,0,12.6,0,0.1,0,29.5,False
2437,2026-07-28T22:10:12Z,113,8.9,0,0.1,0,29.5,False
2438,2026-07-28T22:11:12Z,113,7.9,0,0.1,0,29.5,False
2439,2026-07-28T22:12:12Z,113,11,0,0.1,0,29.5,False
2440,2026-07-28T22:13:12Z,113,8.199999999999999,0,0.1,0,29.5,False
2441,2026-07-28T22:14:12Z,0,6.3,0,0.1,0,29.5,False
2442,2026-07-28T22:15:12Z,113,3.8,0,0.1,0,29.5,False
2443,2026-07-28T22:16:12Z,121,4.6,0,0.1,0,29.5,False
2444,2026-07-28T22:17:12Z,139,5.2,0,0.1,0,29.5,False
2445,2026-07-28T22:18:12Z,0,6.8,0,0.1,0,29.51,False
2446,2026-07-28T22:19:12Z,113,6.8,0,0.1,0,29.51,False
2447,2026-07-28T22:20:12Z,113,8,0,0.1,0,29.5,False
2448,2026-07-28T22:21:12Z,0,5.7,0,0.1,0,29.5,False
2449,2026-07-28T22:22:12Z,0,7.9,0,0.1,0,29.5,False
2450,2026-07-28T22:23:12Z,203,7.2,0,0.1,0,29.5,False
2451,2026-07-28T22:24:12Z,0,6.6,0,0.1,0,29.5,False
2452,2026-07-28T22:25:12Z,180,5.1,0,0.1,0,29.5,False
2453,2026-07-28T22:26:12Z,113,8.300000000000001,0,0.1,0,29.5,False
2454,2026-07-28T22:27:12Z,0,7.4,0,0.1,0,29.5,False
2455,2026-07-28T22:28:12Z,0,5.2,0,0.1,0,29.5,False
2456,2026-07-28T22:30:12Z,113,4.6,0,0.1,0,29.5,False
2457,2026-07-28T22:31:12Z,0,6.1,0,0.1,0,29.5,False
2458,2026-07-28T22:32:12Z,113,5,0,0.1,0,29.51,False
2459,2026-07-28T22:33:12Z,113,7.8,0,0.1,0,29.51,False
2460,2026-07-28T22:34:12Z,113,5.7,0,0.1,0,29.51,False
2461,2026-07-28T22:35:12Z,0,6.7,0,0.1,0,29.51,False
2462,2026-07-28T22:36:12Z,113,4.7,0,0.1,0,29.51,False
2463,2026-07-28T22:37:12Z,113,4.6,0,0.1,0,29.51,False
2464,2026-07-28T22:38:12Z,102,5.2,0,0.1,0,29.51,False
2465,2026-07-28T22:39:12Z,113,6.5,0,0.1,0,29.51,False
2466,2026-07-28T22:40:12Z,0,4.6,0,0.1,0,29.51,False
2467,2026-07-28T22:41:12Z,0,8.300000000000001,0,0.1,0,29.5,False
2468,2026-07-28T22:42:12Z,0,6.7,0,0.1,0,29.5,False
2469,2026-07-28T22:43:12Z,113,4.4,0,0.1,0,29.5,False
2470,2026-07-28T22:44:12Z,113,6.4,0,0.1,0,29.5,False
2471,2026-07-28T22:45:12Z,113,6.1,0,0.1,0,29.5,False
2472,2026-07-28T22:46:12Z,119,3.5,0,0.1,0,29.51,False
2473,2026-07-28T22:47:12Z,0,6.6,0,0.1,0,29.5,False
2474,2026-07-28T22:48:12Z,113,7.4,0,0.1,0,29.5,False
2475,2026-07-28T22:49:12Z,0,3.6,0,0.1,0,29.51,False
2476,2026-07-28T22:50:12Z,0,3.1,0,0.1,0,29.51,False
2477,2026-07-28T22:51:12Z,113,3.3,0,0.1,0,29.51,False
2478,2026-07-28T22:52:12Z,180,6.3,0,0.1,0,29.5,False
2479,2026-07-28T22:53:12Z,0,4.6,0,0.1,0,29.51,False
2480,2026-07-28T22:54:12Z,157,6.8,0,0.1,0,29.5,False
2481,2026-07-28T22:55:12Z,113,7.9,0,0.1,0,29.51,False
2482,2026-07-28T22:56:12Z,0,8.6,0,0.1,0,29.5,False
2483,2026-07-28T22:57:12Z,0,7.4,0,0.1,0,29.51,False
2484,2026-07-28T22:58:12Z,113,7.5,0,0.1,0,29.51,False
2485,2026-07-28T22:59:12Z,113,6.6,0,0.1,0,29.51,False
2486,2026-07-28T23:00:12Z,113,5.4,0,0.1,0,29.51,False
2487,2026-07-28T23:01:12Z,113,5.8,0,0.1,0,29.51,False
2488,2026-07-28T23:02:12Z,127,8.300000000000001,0,0.1,0,29.51,False
2489,2026-07-28T23:03:12Z,113,5.6,0,0.1,0,29.51,False
2490,2026-07-28T23:04:12Z,0,5,0,0.1,0,29.51,False
2491,2026-07-28T23:05:12Z,113,4.3,0,0.1,0,29.51,False
2492,2026-07-28T23:06:12Z,113,3.2,0,0.1,0,29.51,False
2493,2026-07-28T23:07:12Z,0,6.2,0,0.1,0,29.51,False
2494,2026-07-28T23:08:12Z,113,6.1,0,0.1,0,29.51,False
2495,2026-07-28T23:09:12Z,113,6.5,0,0.1,0,29.51,False
2496,2026-07-28T23:10:12Z,113,3.8,0,0.1,0,29.51,False
2497,2026-07-28T23:11:12Z,135,4.6,0,0.1,0,29.51,False
2498,2026-07-28T23:12:12Z,113,5.3,0,0.1,0,29.51,False
2499,2026-07-28T23:13:12Z,108,4.8,0,0.1,0,29.51,False
2500,2026-07-28T23:14:12Z,167,4.4,0,0.1,0,29.51,False
2501,2026-07-28T23:15:12Z,113,7.6,0,0.1,0,29.51,False
2502,2026-07-28T23:16:12Z,0,7,0,0.1,0,29.51,False
2503,2026-07-28T23:17:12Z,106,5.2,0,0.1,0,29.51,False
2504,2026-07-28T23:18:12Z,113,2.6,0,0.1,0,29.51,False
2505,2026-07-28T23:19:12Z,134,4,0,0.1,0,29.51,False
2506,2026-07-28T23:20:12Z,113,6.1,0,0.1,0,29.51,False
2507,2026-07-28T23:21:12Z,121,3.5,0,0.1,0,29.51,False
2508,2026-07-28T23:22:12Z,119,3.7,0,0.1,0,29.5,False
2509,2026-07-28T23:23:12Z,180,4.7,0,0.1,0,29.5,False
2510,2026-07-28T23:24:12Z,113,7,0,0.1,0,29.5,False
2511,2026-07-28T23:25:12Z,113,5.7,0,0.1,0,29.5,False
2512,2026-07-28T23:26:12Z,113,6,0,0.1,0,29.5,False
2513,2026-07-28T23:27:12Z,0,6.4,0,0.1,0,29.5,False
2514,2026-07-28T23:28:12Z,113,5.2,0,0.1,0,29.5,False
2515,2026-07-28T23:29:12Z,113,4.3,0,0.1,0,29.5,False
2516,2026-07-28T23:30:12Z,113,5.5,0,0.1,0,29.5,False
2517,2026-07-28T23:31:12Z,113,7.3,0,0.1,0,29.5,False
2518,2026-07-28T23:32:12Z,131,5.3,0,0.1,0,29.5,False
2519,2026-07-28T23:33:12Z,113,6.6,0,0.1,0,29.5,False
2520,2026-07-28T23:34:12Z,113,5.6,0,0.1,0,29.5,False
2521,2026-07-28T23:35:12Z,0,5.8,0,0.1,0,29.5,False
2522,2026-07-28T23:36:12Z,113,7.1,0,0.1,0,29.5,False
2523,2026-07-28T23:37:12Z,113,7.2,0,0.1,0,29.5,False
2524,2026-07-28T23:38:12Z,113,7.8,0,0.1,0,29.5,False
2525,2026-07-28T23:39:12Z,113,5.4,0,0.1,0,29.5,False
2526,2026-07-28T23:40:12Z,0,8.199999999999999,0,0.1,0,29.5,False
2527,2026-07-28T23:41:12Z,113,7.1,0,0.1,0,29.5,False
2528,2026-07-28T23:42:12Z,147,8.199999999999999,0,0.1,0,29.5,False
2529,2026-07-28T23:43:12Z,158,6.5,0,0.1,0,29.5,False
2530,2026-07-28T23:44:12Z,98,5.5,0,0.1,0,29.5,False
2531,2026-07-28T23:45:12Z,113,5.8,0,0.1,0,29.5,False
2532,2026-07-28T23:46:12Z,134,5.9,0,0.1,0,29.5,False
2533,2026-07-28T23:47:12Z,180,6.8,0,0.1,0,29.5,False
2534,2026-07-28T23:48:12Z,113,4.3,0,0.1,0,29.5,False
2535,2026-07-28T23:49:12Z,113,3.7,0,0.1,0,29.5,False
2536,2026-07-28T23:50:12Z,113,5.3,0,0.1,0,29.5,False
2537,2026-07-28T23:51:12Z,157,3.7,0,0.1,0,29.5,False
2538,2026-07-28T23:52:12Z,139,5.3,0,0.1,0,29.5,False
2539,2026-07-28T23:53:12Z,113,4.6,0,0.1,0,29.5,False
2540,2026-07-28T23:54:12Z,0,5.2,0,0.1,0,29.5,False
2541,2026-07-28T23:55:12Z,0,2.6,0,0.1,0,29.5,False
2542,2026-07-28T23:56:12Z,113,3.5,0,0.1,0,29.5,False
2543,2026-07-28T23:57:12Z,113,5.5,0,0.1,0,29.5,False
2544,2026-07-28T23:58:12Z,128,3,0,0.1,0,29.5,False
2545,2026-07-28T23:59:12Z,113,3.3,0,0.1,0,29.5,False
2546,2026-07-29T00:01:12Z,0,5.8,0,0.1,0,29.5,False
2547,2026-07-29T00:02:12Z,113,4.6,0,0.1,0,29.5,False
2548,2026-07-29T00:03:12Z,0,4.5,0,0.1,0,29.5,False
2549,2026-07-29T00:04:12Z,0,3.4,0,0.1,0,29.5,False
2550,2026-07-29T00:05:12Z,0,4.3,0,0.1,0,29.5,False
2551,2026-07-29T00:06:12Z,113,5.1,0,0.1,0,29.5,False
2552,2026-07-29T00:07:12Z,0,4,0,0.1,0,29.5,False
2553,2026-07-29T00:08:12Z,0,3.5,0,0.1,0,29.5,False
2554,2026-07-29T00:09:12Z,0,3.2,0,0.1,0,29.5,False
2555,2026-07-29T00:10:12Z,113,5.3,0,0.1,0,29.5,False
2556,2026-07-29T00:11:12Z,0,2.7,0,0.1,0,29.5,False
2557,2026-07-29T00:12:12Z,0,3.8,0,0.1,0,29.5,False
2558,2026-07-29T00:13:12Z,113,5,0,0.1,0,29.5,False
2559,2026-07-29T00:14:12Z,0,4.8,0,0.1,0,29.5,False
2560,2026-07-29T00:15:12Z,0,4.1,0,0.1,0,29.5,False
2561,2026-07-29T00:16:12Z,0,4.5,0,0.1,0,29.5,False
2562,2026-07-29T00:17:12Z,113,4.6,0,0.1,0,29.5,False
2563,2026-07-29T00:18:12Z,0,4.6,0,0.1,0,29.5,False
2564,2026-07-29T00:19:12Z,0,5.2,0,0.1,0,29.51,False
2565,2026-07-29T00:20:12Z,0,4,0,0.1,0,29.51,False
2566,2026-07-29T00:21:12Z,0,3.4,0,0.1,0,29.51,False
2567,2026-07-29T00:22:12Z,0,3.6,0,0.1,0,29.51,False
2568,2026-07-29T00:23:12Z,0,5.2,0,0.1,0,29.51,False
2569,2026-07-29T00:24:12Z,0,4.2,0,0.1,0,29.51,False
2570,2026-07-29T00:25:12Z,0,4.8,0,0.1,0,29.51,False
2571,2026-07-29T00:26:12Z,180,4.6,0,0.1,0,29.51,False
2572,2026-07-29T00:27:12Z,113,5.3,0,0.1,0,29.51,False
2573,2026-07-29T00:28:12Z,0,4.4,0,0.1,0,29.51,False
2574,2026-07-29T00:29:12Z,0,5,0,0.1,0,29.51,False
2575,2026-07-29T00:30:12Z,0,4,0,0.1,0,29.51,False
2576,2026-07-29T00:31:12Z,0,5.1,0,0.1,0,29.51,False
2577,2026-07-29T00:32:12Z,0,5.4,0,0.1,0,29.51,False
2578,2026-07-29T00:33:12Z,113,3.8,0,0.1,0,29.51,False
2579,2026-07-29T00:34:12Z,113,3.8,0,0.1,0,29.51,False
2580,2026-07-29T00:35:12Z,113,4.5,0,0.1,0,29.51,False
2581,2026-07-29T00:36:12Z,113,4.9,0,0.1,0,29.51,False
2582,2026-07-29T00:37:12Z,121,5.7,0,0.1,0,29.51,False
2583,2026-07-29T00:38:12Z,113,6.6,0,0.1,0,29.51,False
2584,2026-07-29T00:40:12Z,0,3.9,0,0.1,0,29.51,False
2585,2026-07-29T00:41:12Z,113,3.9,0,0.1,0,29.51,False
2586,2026-07-29T00:42:12Z,0,4.9,0,0.1,0,29.51,False
2587,2026-07-29T00:43:12Z,0,2.9,0,0.1,0,29.51,False
2588,2026-07-29T00:44:12Z,180,3.1,0,0.1,0,29.51,False
2589,2026-07-29T00:45:12Z,0,4.6,0,0.1,0,29.51,False
2590,2026-07-29T00:46:12Z,113,3.5,0,0.1,0,29.51,False
2591,2026-07-29T00:47:12Z,113,4.5,0,0.1,0,29.51,False
2592,2026-07-29T00:48:12Z,113,3.2,0,0.1,0,29.51,False
2593,2026-07-29T00:49:12Z,0,4.1,0,0.1,0,29.51,False
2594,2026-07-29T00:50:12Z,0,4.3,0,0.1,0,29.51,False
2595,2026-07-29T00:51:12Z,113,4.9,0,0.1,0,29.51,False
2596,2026-07-29T00:52:12Z,113,3.7,0,0.1,0,29.51,False
2597,2026-07-29T00:53:12Z,0,3.6,0,0.1,0,29.51,False
2598,2026-07-29T00:54:12Z,0,4.5,0,0.1,0,29.51,False
2599,2026-07-29T00:55:12Z,0,2.8,0,0.1,0,29.51,False
2600,2026-07-29T00:56:12Z,0,2.9,0,0.1,0,29.51,False
2601,2026-07-29T00:57:12Z,0,3.7,0,0.1,0,29.51,False
2602,2026-07-29T00:58:12Z,0,4.6,0,0.1,0,29.51,False
2603,2026-07-29T00:59:12Z,0,4.1,0,0.1,0,29.51,False
2604,2026-07-29T01:01:12Z,0,3.4,0,0.1,0,29.51,False
2605,2026-07-29T01:02:12Z,0,3.4,0,0.1,0,29.51,False
2606,2026-07-29T01:03:12Z,0,2.9,0,0.1,0,29.51,False
2607,2026-07-29T01:04:12Z,0,2.2,0,0.1,0,29.51,False
2608,2026-07-29T01:05:12Z,0,2.2,0,0.1,0,29.51,False
2609,2026-07-29T01:06:12Z,180,2.2,0,0.1,0,29.51,False
2610,2026-07-29T01:07:12Z,113,2.9,0,0.1,0,29.51,False
2611,2026-07-29T01:08:12Z,0,2.4,0,0.1,0,29.51,False
2612,2026-07-29T01:10:12Z,0,4.1,0,0.1,0,29.51,False
2613,2026-07-29T01:11:12Z,0,3.4,0,0.1,0,29.51,False
2614,2026-07-29T01:12:12Z,0,2.7,0,0.1,0,29.51,False
2615,2026-07-29T01:13:12Z,0,3.4,0,0.1,0,29.51,False
2616,2026-07-29T01:14:12Z,113,2.4,0,0.1,0,29.51,False
2617,2026-07-29T01:15:12Z,180,1.7,0,0.1,0,29.51,False
2618,2026-07-29T01:16:12Z,0,2.3,0,0.1,0,29.51,False
2619,2026-07-29T01:17:12Z,0,2.9,0,0.1,0,29.51,False
2620,2026-07-29T01:18:12Z,0,3.5,0,0.1,0,29.51,False
2621,2026-07-29T01:19:12Z,0,1.9,0,0.1,0,29.51,False
2622,2026-07-29T01:20:12Z,0,1.9,0,0.1,0,29.51,False
2623,2026-07-29T01:21:12Z,0,3,0,0.1,0,29.51,False
2624,2026-07-29T01:22:12Z,0,2.9,0,0.1,0,29.51,False
2625,2026-07-29T01:23:12Z,0,2.6,0,0.1,0,29.51,False
2626,2026-07-29T01:24:12Z,0,3.5,0,0.1,0,29.51,False
2627,2026-07-29T01:25:12Z,180,3.1,0,0.1,0,29.51,False
2628,2026-07-29T01:26:12Z,147,2.8,0,0.1,0,29.51,False
2629,2026-07-29T01:27:12Z,180,3.8,0,0.1,0,29.51,False
2630,2026-07-29T01:28:12Z,0,3.3,0,0.1,0,29.51,False
2631,2026-07-29T01:29:12Z,180,3.1,0,0.1,0,29.51,False
2632,2026-07-29T01:30:12Z,180,5.7,0,0.1,0,29.51,False
2633,2026-07-29T01:31:12Z,0,3.8,0,0.1,0,29.51,False
2634,2026-07-29T01:32:12Z,0,2.3,0,0.1,0,29.51,False
2635,2026-07-29T01:33:12Z,0,4.1,0,0.1,0,29.51,False
2636,2026-07-29T01:34:12Z,0,2.6,0,0.1,0,29.51,False
2637,2026-07-29T01:35:12Z,180,2.1,0,0.1,0,29.51,False
2638,2026-07-29T01:36:12Z,0,2.5,0,0.1,0,29.51,False
2639,2026-07-29T01:37:12Z,180,3.2,0,0.1,0,29.51,False
2640,2026-07-29T01:38:12Z,0,3.8,0,0.1,0,29.52,False
2641,2026-07-29T01:39:12Z,0,3.9,0,0.1,0,29.52,False
2642,2026-07-29T01:40:12Z,0,2.7,0,0.1,0,29.51,False
2643,2026-07-29T01:41:12Z,0,3,0,0.1,0,29.51,False
2644,2026-07-29T01:42:12Z,0,2.9,0,0.1,0,29.52,False
2645,2026-07-29T01:43:12Z,157,3,0,0.1,0,29.52,False
2646,2026-07-29T01:44:12Z,180,2.8,0,0.1,0,29.52,False
2647,2026-07-29T01:45:12Z,180,4.5,0,0.1,0,29.51,False
2648,2026-07-29T01:46:12Z,0,2.6,0,0.1,0,29.52,False
2649,2026-07-29T01:47:12Z,0,2.3,0,0.1,0,29.51,False
2650,2026-07-29T01:48:12Z,0,3,0,0.1,0,29.52,False
2651,2026-07-29T01:50:12Z,0,2.3,0,0.1,0,29.52,False
2652,2026-07-29T01:51:12Z,0,3.7,0,0.1,0,29.52,False
2653,2026-07-29T01:52:12Z,0,2.9,0,0.1,0,29.52,False
2654,2026-07-29T01:53:12Z,180,2.3,0,0.1,0,29.52,False
2655,2026-07-29T01:54:12Z,0,2.6,0,0.1,0,29.52,False
2656,2026-07-29T01:55:12Z,0,2.5,0,0.1,0,29.52,False
2657,2026-07-29T01:56:12Z,0,2.5,0,0.1,0,29.52,False
2658,2026-07-29T01:57:12Z,0,1.6,0,0.1,0,29.52,False
2659,2026-07-29T01:58:12Z,189,1.7,0,0.1,0,29.52,False
2660,2026-07-29T01:59:12Z,0,2.6,0,0.1,0,29.52,False
2661,2026-07-29T02:00:12Z,0,3.1,0,0.1,0,29.52,False
2662,2026-07-29T02:01:12Z,0,3.5,0,0.1,0,29.52,False
2663,2026-07-29T02:02:12Z,0,2.2,0,0.1,0,29.52,False
2664,2026-07-29T02:03:12Z,0,3,0,0.1,0,29.52,False
2665,2026-07-29T02:04:12Z,157,3.4,0,0.1,0,29.52,False
2666,2026-07-29T02:05:12Z,0,3.2,0,0.1,0,29.52,False
2667,2026-07-29T02:06:12Z,0,3.6,0,0.1,0,29.52,False
2668,2026-07-29T02:07:12Z,0,5.2,0,0.1,0,29.52,False
2669,2026-07-29T02:08:12Z,180,2.7,0,0.1,0,29.52,False
2670,2026-07-29T02:10:12Z,0,3.2,0,0.1,0,29.52,False
2671,2026-07-29T02:11:12Z,0,3.3,0,0.1,0,29.52,False
2672,2026-07-29T02:12:12Z,0,4.3,0,0.1,0,29.52,False
2673,2026-07-29T02:13:12Z,0,5.8,0,0.1,0,29.52,False
2674,2026-07-29T02:14:12Z,0,4.4,0,0.1,0,29.52,False
2675,2026-07-29T02:15:12Z,113,3.8,0,0.1,0,29.52,False
2676,2026-07-29T02:16:12Z,113,3.3,0,0.1,0,29.52,False
2677,2026-07-29T02:17:12Z,180,3,0,0.1,0,29.52,False
2678,2026-07-29T02:18:12Z,0,2.9,0,0.1,0,29.52,False
2679,2026-07-29T02:19:12Z,0,3.6,0,0.1,0,29.52,False
2680,2026-07-29T02:20:12Z,0,2.8,0,0.1,0,29.52,False
2681,2026-07-29T02:21:12Z,113,3.4,0,0.1,0,29.52,False
2682,2026-07-29T02:22:12Z,0,3.8,0,0.1,0,29.52,False
2683,2026-07-29T02:23:12Z,173,2.4,0,0.1,0,29.52,False
2684,2026-07-29T02:24:12Z,0,3,0,0.1,0,29.52,False
2685,2026-07-29T02:25:12Z,0,4.7,0,0.1,0,29.52,False
2686,2026-07-29T02:26:12Z,180,2.2,0,0.1,0,29.52,False
2687,2026-07-29T02:27:12Z,157,3.2,0,0.1,0,29.52,False
2688,2026-07-29T02:28:12Z,169,2.6,0,0.1,0,29.52,False
2689,2026-07-29T02:29:12Z,0,1.8,0,0.1,0,29.52,False
2690,2026-07-29T02:30:12Z,0,3,0,0.1,0,29.52,False
2691,2026-07-29T02:31:12Z,0,5.5,0,0.1,0,29.52,False
2692,2026-07-29T02:32:12Z,180,5,0,0.1,0,29.52,False
2693,2026-07-29T02:33:12Z,180,5.6,0,0.1,0,29.52,False
2694,2026-07-29T02:34:12Z,0,4.9,0,0.1,0,29.52,False
2695,2026-07-29T02:35:12Z,0,7.2,0,0.1,0,29.52,False
2696,2026-07-29T02:36:12Z,0,3.9,0,0.1,0,29.52,False
2697,2026-07-29T02:37:12Z,0,6.2,0,0.1,0,29.52,False
2698,2026-07-29T02:38:12Z,180,3.9,0,0.1,0,29.52,False
2699,2026-07-29T02:39:12Z,0,2.3,0,0.1,0,29.52,False
2700,2026-07-29T02:40:12Z,113,2.2,0,0.1,0,29.52,False
2701,2026-07-29T02:41:12Z,0,4.9,0,0.1,0,29.52,False
2702,2026-07-29T02:42:12Z,0,4.3,0,0.1,0,29.52,False
2703,2026-07-29T02:43:12Z,113,3.5,0,0.1,0,29.52,False
2704,2026-07-29T02:44:12Z,0,2.7,0,0.1,0,29.52,False
2705,2026-07-29T02:45:12Z,180,1.7,0,0.1,0,29.52,False
2706,2026-07-29T02:46:12Z,0,2.9,0,0.1,0,29.52,False
2707,2026-07-29T02:47:12Z,0,3,0,0.1,0,29.52,False
2708,2026-07-29T02:48:12Z,180,2.6,0,0.1,0,29.52,False
2709,2026-07-29T02:49:12Z,0,4.3,0,0.1,0,29.52,False
2710,2026-07-29T02:50:12Z,0,5.6,0,0.1,0,29.52,False
2711,2026-07-29T02:51:12Z,0,4.2,0,0.1,0,29.52,False
2712,2026-07-29T02:52:12Z,0,5.7,0,0.1,0,29.52,False
2713,2026-07-29T02:53:12Z,180,5.7,0,0.1,0,29.52,False
2714,2026-07-29T02:54:12Z,113,5.6,0,0.1,0,29.52,False
2715,2026-07-29T02:55:12Z,0,5.3,0,0.1,0,29.52,False
2716,2026-07-29T02:56:12Z,169,3,0,0.1,0,29.52,False
2717,2026-07-29T02:57:12Z,0,4.6,0,0.1,0,29.52,False
2718,2026-07-29T02:58:12Z,0,4,0,0.1,0,29.52,False
2719,2026-07-29T02:59:12Z,0,8.1,0,0.1,0,29.52,False
2720,2026-07-29T03:00:12Z,0,7.1,0,0.1,0,29.52,False
2721,2026-07-29T03:01:12Z,0,5.1,0,0.1,0,29.52,False
2722,2026-07-29T03:02:12Z,147,4.7,0,0.1,0,29.52,False
2723,2026-07-29T03:03:12Z,180,5.3,0,0.1,0,29.52,False
2724,2026-07-29T03:04:12Z,180,2.8,0,0.1,0,29.52,False
2725,2026-07-29T03:05:12Z,0,5,0,0.1,0,29.52,False
2726,2026-07-29T03:06:12Z,180,3.4,0,0.1,0,29.52,False
2727,2026-07-29T03:07:12Z,0,2,0,0.1,0,29.52,False
2728,2026-07-29T03:08:12Z,149,2.4,0,0.1,0,29.51,False
2729,2026-07-29T03:09:12Z,180,4.6,0,0.1,0,29.51,False
2730,2026-07-29T03:10:12Z,0,3.5,0,0.1,0,29.51,False
2731,2026-07-29T03:11:12Z,159,2.3,0,0.1,0,29.51,False
2732,2026-07-29T03:12:12Z,180,3.5,0,0.1,0,29.51,False
2733,2026-07-29T03:13:12Z,0,4.3,0,0.1,0,29.51,False
2734,2026-07-29T03:14:12Z,159,2.5,0,0.1,0,29.51,False
2735,2026-07-29T03:15:12Z,180,3,0,0.1,0,29.51,False
2736,2026-07-29T03:16:12Z,180,2.5,0,0.1,0,29.51,False
2737,2026-07-29T03:17:12Z,0,3.6,0,0.1,0,29.51,False
2738,2026-07-29T03:18:12Z,0,3.2,0,0.1,0,29.51,False
2739,2026-07-29T03:19:12Z,164,1.5,0,0.1,0,29.51,False
2740,2026-07-29T03:21:12Z,0,2,0,0.1,0,29.51,False
2741,2026-07-29T03:22:12Z,176,1.9,0,0.1,0,29.51,False
2742,2026-07-29T03:23:12Z,159,1.5,0,0.1,0,29.51,False
2743,2026-07-29T03:24:12Z,163,1,0,0.1,0,29.51,False
2744,2026-07-29T03:25:12Z,180,1.4,0,0.1,0,29.51,False
2745,2026-07-29T03:26:12Z,0,1.1,0,0.1,0,29.51,False
2746,2026-07-29T03:27:12Z,159,2.9,0,0.1,0,29.51,False
2747,2026-07-29T03:28:12Z,159,3.4,0,0.1,0,29.51,False
2748,2026-07-29T03:29:12Z,139,1.8,0,0.1,0,29.51,False
2749,2026-07-29T03:30:12Z,157,2.1,0,0.1,0,29.51,False
2750,2026-07-29T03:31:12Z,161,2.1,0,0.1,0,29.51,False
2751,2026-07-29T03:32:12Z,176,2.8,0,0.1,0,29.51,False
2752,2026-07-29T03:33:12Z,147,1.9,0,0.1,0,29.51,False
2753,2026-07-29T03:34:12Z,180,1.5,0,0.1,0,29.51,False
2754,2026-07-29T03:35:12Z,173,1.7,0,0.1,0,29.51,False
2755,2026-07-29T03:36:12Z,184,2.1,0,0.1,0,29.51,False
2756,2026-07-29T03:37:12Z,180,1.9,0,0.1,0,29.51,False
2757,2026-07-29T03:38:12Z,171,1.5,0,0.1,0,29.51,False
2758,2026-07-29T03:39:12Z,176,0.9,0,0.1,0,29.51,False
2759,2026-07-29T03:40:12Z,115,1.9,0,0.1,0,29.51,False
2760,2026-07-29T03:41:12Z,27,1.4,0,0.1,0,29.51,False
2761,2026-07-29T03:42:12Z,113,2.2,0,0.1,0,29.51,False
2762,2026-07-29T03:43:12Z,171,1.6,0,0.1,0,29.51,False
2763,2026-07-29T03:44:12Z,182,2,0,0.1,0,29.51,False
2764,2026-07-29T03:45:12Z,177,2.4,0,0.1,0,29.51,False
2765,2026-07-29T03:46:12Z,173,2,0,0.1,0,29.51,False
2766,2026-07-29T03:47:12Z,178,1,0,0.1,0,29.51,False
2767,2026-07-29T03:48:12Z,170,1.1,0,0.1,0,29.51,False
2768,2026-07-29T03:50:12Z,178,1.5,0,0.1,0,29.51,False
2769,2026-07-29T03:51:12Z,179,1.8,0,0.1,0,29.51,False
2770,2026-07-29T03:52:12Z,180,1.2,0,0.1,0,29.51,False
2771,2026-07-29T03:53:12Z,0,0.4,0,0.1,0,29.51,False
2772,2026-07-29T03:54:12Z,180,1,0,0.1,0,29.51,False
2773,2026-07-29T03:55:12Z,180,1,0,0.1,0,29.51,False
2774,2026-07-29T03:56:12Z,180,0.6,0,0.1,0,29.51,False
2775,2026-07-29T03:57:12Z,180,1.2,0,0.1,0,29.51,False
2776,2026-07-29T03:58:12Z,178,1.1,0,0.1,0,29.51,False
2777,2026-07-29T03:59:12Z,180,0.6,0,0.1,0,29.51,False
2778,2026-07-29T04:00:12Z,177,0.5,0,0.1,0,29.51,False
2779,2026-07-29T04:01:12Z,154,1.1,0,0.1,0,29.51,False
2780,2026-07-29T04:02:12Z,170,1,0,0.1,0,29.51,False
2781,2026-07-29T04:03:12Z,113,0.7,0,0.1,0,29.51,False
2782,2026-07-29T04:04:12Z,180,0.5,0,0.1,0,29.51,False
2783,2026-07-29T04:05:12Z,180,0.5,0,0.1,0,29.51,False
2784,2026-07-29T04:06:12Z,180,0.6,0,0.1,0,29.51,False
2785,2026-07-29T04:07:12Z,180,0.8,0,0.1,0,29.51,False
2786,2026-07-29T04:08:12Z,180,0.7,0,0.1,0,29.51,False
2787,2026-07-29T04:10:12Z,180,1.3,0,0.1,0,29.51,False
2788,2026-07-29T04:11:12Z,180,0.6,0,0.1,0,29.51,False
2789,2026-07-29T04:12:12Z,155,0.3,0,0.1,0,29.51,False
2790,2026-07-29T04:13:12Z,183,0.9,0,0.1,0,29.51,False
2791,2026-07-29T04:14:12Z,178,0.8,0,0.1,0,29.51,False
2792,2026-07-29T04:15:12Z,183,1.2,0,0.1,0,29.51,False
2793,2026-07-29T04:16:12Z,178,0.9,0,0.1,0,29.51,False
2794,2026-07-29T04:17:12Z,175,1,0,0.1,0,29.51,False
2795,2026-07-29T04:18:12Z,175,1.6,0,0.1,0,29.51,False
2796,2026-07-29T04:19:12Z,152,1.6,0,0.1,0,29.51,False
2797,2026-07-29T04:20:12Z,0,1.4,0,0.1,0,29.51,False
2798,2026-07-29T04:21:12Z,0,0.9,0,0.1,0,29.51,False
2799,2026-07-29T04:22:12Z,180,1,0,0.1,0,29.51,False
2800,2026-07-29T04:23:12Z,180,0.8,0,0.1,0,29.51,False
2801,2026-07-29T04:24:12Z,109,0.9,0,0.1,0,29.51,False
2802,2026-07-29T04:25:12Z,155,0.7,0,0.1,0,29.51,False
2803,2026-07-29T04:26:12Z,171,0.8,0,0.1,0,29.51,False
2804,2026-07-29T04:27:12Z,180,1.7,0,0.1,0,29.51,False
2805,2026-07-29T04:28:12Z,187,0.8,0,0.1,0,29.51,False
2806,2026-07-29T04:29:12Z,182,0.8,0,0.1,0,29.51,False
2807,2026-07-29T04:31:12Z,180,0.4,0,0.1,0,29.5,False
2808,2026-07-29T04:32:12Z,180,0.7,0,0.1,0,29.5,False
2809,2026-07-29T04:33:12Z,156,0.8,0,0.1,0,29.5,False
2810,2026-07-29T04:34:12Z,180,0.5,0,0.1,0,29.5,False
2811,2026-07-29T04:35:12Z,180,1.2,0,0.1,0,29.5,False
2812,2026-07-29T04:36:12Z,172,1.2,0,0.1,0,29.5,False
2813,2026-07-29T04:37:12Z,177,1,0,0.1,0,29.5,False
2814,2026-07-29T04:38:12Z,180,1.1,0,0.1,0,29.5,False
2815,2026-07-29T04:39:12Z,186,0.6,0,0.1,0,29.5,False
2816,2026-07-29T04:40:12Z,167,0.7,0,0.1,0,29.5,False
2817,2026-07-29T04:41:12Z,179,0.4,0,0.1,0,29.5,False
2818,2026-07-29T04:42:12Z,164,1.8,0,0.1,0,29.5,False
2819,2026-07-29T04:43:12Z,180,1,0,0.1,0,29.5,False
2820,2026-07-29T04:44:12Z,137,1.5,0,0.1,0,29.5,False
2821,2026-07-29T04:45:12Z,171,1.9,0,0.1,0,29.51,False
2822,2026-07-29T04:46:12Z,180,1.8,0,0.1,0,29.51,False
2823,2026-07-29T04:47:12Z,169,1,0,0.1,0,29.51,False
2824,2026-07-29T04:48:12Z,178,0.3,0,0.1,0,29.51,False
2825,2026-07-29T04:49:12Z,180,0.9,0,0.1,0,29.51,False
2826,2026-07-29T04:50:15Z,113,1.9,0,0.1,0,29.51,False
2827,2026-07-29T04:51:15Z,168,0.7,0,0.1,0,29.51,False
2828,2026-07-29T04:52:15Z,157,1.4,0,0.1,0,29.51,False
2829,2026-07-29T04:53:15Z,173,2.8,0,0.1,0,29.51,False
2830,2026-07-29T04:54:15Z,0,2.3,0,0.1,0,29.51,False
2831,2026-07-29T04:55:15Z,0,3.3,0,0.1,0,29.51,False
2832,2026-07-29T04:56:15Z,0,2.1,0,0.1,0,29.51,False
2833,2026-07-29T04:57:15Z,173,1.9,0,0.1,0,29.51,False
2834,2026-07-29T04:58:15Z,174,2,0,0.1,0,29.51,False
2835,2026-07-29T04:59:15Z,180,2.5,0,0.1,0,29.51,False
2836,2026-07-29T05:01:15Z,151,2.5,0,0.1,0,29.51,False
2837,2026-07-29T05:02:15Z,0,2.3,0,0.1,0,29.51,False
2838,2026-07-29T05:03:15Z,180,2,0,0.1,0,29.51,False
2839,2026-07-29T05:04:15Z,113,2.7,0,0.1,0,29.51,False
2840,2026-07-29T05:05:15Z,173,2.1,0,0.1,0,29.51,False
2841,2026-07-29T05:06:15Z,0,2.7,0,0.1,0,29.51,False
2842,2026-07-29T05:07:15Z,102,2.9,0,0.1,0,29.51,False
2843,2026-07-29T05:08:15Z,113,2.4,0,0.1,0,29.51,False
2844,2026-07-29T05:09:15Z,147,1.2,0,0.1,0,29.51,False
2845,2026-07-29T05:10:15Z,180,3.6,0,0.1,0,29.51,False
2846,2026-07-29T05:11:15Z,0,4.2,0,0.1,0,29.51,False
2847,2026-07-29T05:12:15Z,0,3.6,0,0.1,0,29.51,False
2848,2026-07-29T05:13:15Z,180,3.2,0,0.1,0,29.51,False
2849,2026-07-29T05:14:15Z,0,3,0,0.1,0,29.51,False
2850,2026-07-29T05:15:15Z,0,3.1,0,0.1,0,29.51,False
2851,2026-07-29T05:16:15Z,169,3.8,0,0.1,0,29.51,False
2852,2026-07-29T05:17:15Z,0,5.3,0,0.1,0,29.51,False
2853,2026-07-29T05:18:15Z,0,2.6,0,0.1,0,29.51,False
2854,2026-07-29T05:19:15Z,0,3.2,0,0.1,0,29.51,False
2855,2026-07-29T05:20:15Z,0,3.3,0,0.1,0,29.51,False
2856,2026-07-29T05:21:15Z,0,5.8,0,0.1,0,29.51,False
2857,2026-07-29T05:22:15Z,180,3.5,0,0.1,0,29.51,False
2858,2026-07-29T05:23:15Z,173,2.8,0,0.1,0,29.51,False
2859,2026-07-29T05:24:15Z,0,2.5,0,0.1,0,29.51,False
2860,2026-07-29T05:25:15Z,157,2.2,0,0.1,0,29.5,False
2861,2026-07-29T05:26:15Z,0,1.9,0,0.1,0,29.5,False
2862,2026-07-29T05:27:15Z,175,0.9,0,0.1,0,29.5,False
2863,2026-07-29T05:28:15Z,180,1.1,0,0.1,0,29.5,False
2864,2026-07-29T05:29:15Z,180,2,0,0.1,0,29.5,False
2865,2026-07-29T05:30:15Z,147,2,0,0.1,0,29.5,False
2866,2026-07-29T05:31:15Z,180,0.8,0,0.1,0,29.5,False
2867,2026-07-29T05:32:15Z,171,2.3,0,0.1,0,29.5,False
2868,2026-07-29T05:33:15Z,0,2.5,0,0.1,0,29.5,False
2869,2026-07-29T05:34:15Z,180,1.8,0,0.1,0,29.5,False
2870,2026-07-29T05:35:15Z,113,1.9,0,0.1,0,29.5,False
2871,2026-07-29T05:36:15Z,169,2.1,0,0.1,0,29.5,False
2872,2026-07-29T05:37:15Z,110,2.7,0,0.1,0,29.5,False
2873,2026-07-29T05:38:15Z,180,3.6,0,0.1,0,29.5,False
2874,2026-07-29T05:40:15Z,180,3.3,0,0.1,0,29.5,False
2875,2026-07-29T05:41:15Z,0,3.7,0,0.1,0,29.5,False
2876,2026-07-29T05:42:15Z,113,3.1,0,0.1,0,29.5,False
2877,2026-07-29T05:43:15Z,113,3.3,0,0.1,0,29.5,False
2878,2026-07-29T05:44:15Z,113,3.5,0,0.1,0,29.5,False
2879,2026-07-29T05:45:15Z,0,3.5,0,0.1,0,29.5,False
2880,2026-07-29T05:46:15Z,0,2.7,0,0.1,0,29.5,False
2881,2026-07-29T05:47:15Z,186,2.7,0,0.1,0,29.5,False
2882,2026-07-29T05:48:15Z,167,3.9,0,0.1,0,29.5,False
2883,2026-07-29T05:49:15Z,0,2.7,0,0.1,0,29.5,False
2884,2026-07-29T05:50:15Z,180,3.8,0,0.1,0,29.5,False
2885,2026-07-29T05:51:15Z,0,4.3,0,0.1,0,29.5,False
2886,2026-07-29T05:52:15Z,180,3.6,0,0.1,0,29.5,False
2887,2026-07-29T05:53:15Z,0,4,0,0.1,0,29.5,False
2888,2026-07-29T05:54:15Z,180,3.2,0,0.1,0,29.5,False
2889,2026-07-29T05:55:15Z,180,3.2,0,0.1,0,29.5,False
2890,2026-07-29T05:56:15Z,180,4,0,0.1,0,29.5,False
2891,2026-07-29T05:57:15Z,0,4.8,0,0.1,0,29.5,False
2892,2026-07-29T05:58:15Z,0,3.9,0,0.1,0,29.5,False
2893,2026-07-29T05:59:15Z,180,2.2,0,0.1,0,29.5,False
2894,2026-07-29T06:00:15Z,180,2.8,0,0.1,0,29.5,False
2895,2026-07-29T06:01:15Z,113,3.8,0,0.1,0,29.5,False
2896,2026-07-29T06:02:15Z,0,4.8,0,0.1,0,29.5,False
2897,2026-07-29T06:03:15Z,113,3.6,0,0.1,0,29.5,False
2898,2026-07-29T06:04:15Z,0,3.4,0,0.1,0,29.5,False
2899,2026-07-29T06:05:15Z,0,4.4,0,0.1,0,29.5,False
2900,2026-07-29T06:06:15Z,0,3,0,0.1,0,29.5,False
2901,2026-07-29T06:07:15Z,0,4.7,0,0.1,0,29.5,False
2902,2026-07-29T06:08:15Z,0,5,0,0.1,0,29.5,False
2903,2026-07-29T06:09:15Z,0,4,0,0.1,0,29.5,False
2904,2026-07-29T06:10:15Z,0,4.9,0,0.1,0,29.5,False
2905,2026-07-29T06:11:15Z,0,3.2,0,0.1,0,29.5,False
2906,2026-07-29T06:12:15Z,0,3.3,0,0.1,0,29.5,False
2907,2026-07-29T06:13:15Z,0,3.9,0,0.1,0,29.5,False
2908,2026-07-29T06:14:15Z,0,4.4,0,0.1,0,29.5,False
2909,2026-07-29T06:15:15Z,0,4.2,0,0.1,0,29.5,False
2910,2026-07-29T06:16:15Z,180,2.1,0,0.1,0,29.5,False
2911,2026-07-29T06:17:15Z,180,3.2,0,0.1,0,29.5,False
2912,2026-07-29T06:18:15Z,180,3.7,0,0.1,0,29.5,False
2913,2026-07-29T06:19:15Z,169,3.6,0,0.1,0,29.5,False
2914,2026-07-29T06:20:15Z,113,4.3,0,0.1,0,29.5,False
2915,2026-07-29T06:21:15Z,0,3.7,0,0.1,0,29.5,False
2916,2026-07-29T06:22:15Z,0,3.2,0,0.1,0,29.5,False
2917,2026-07-29T06:23:15Z,0,2.6,0,0.1,0,29.5,False
2918,2026-07-29T06:24:15Z,180,3.9,0,0.1,0,29.5,False
2919,2026-07-29T06:25:15Z,0,5.8,0,0.1,0,29.5,False
2920,2026-07-29T06:26:15Z,0,3.9,0,0.1,0,29.5,False
2921,2026-07-29T06:27:15Z,0,4.8,0,0.1,0,29.5,False
2922,2026-07-29T06:28:15Z,180,2.8,0,0.1,0,29.5,False
2923,2026-07-29T06:29:15Z,0,2.9,0,0.1,0,29.49,False
2924,2026-07-29T06:30:15Z,0,3.4,0,0.1,0,29.49,False
2925,2026-07-29T06:31:15Z,180,1.8,0,0.1,0,29.49,False
2926,2026-07-29T06:32:15Z,175,2.4,0,0.1,0,29.49,False
2927,2026-07-29T06:33:15Z,0,3.5,0,0.1,0,29.49,False
2928,2026-07-29T06:34:15Z,162,2.5,0,0.1,0,29.49,False
2929,2026-07-29T06:35:15Z,175,2.8,0,0.1,0,29.49,False
2930,2026-07-29T06:36:15Z,180,1.6,0,0.1,0,29.49,False
2931,2026-07-29T06:37:15Z,188,1.3,0,0.1,0,29.49,False
2932,2026-07-29T06:38:15Z,183,3,0,0.1,0,29.49,False
2933,2026-07-29T06:40:15Z,173,1.7,0,0.1,0,29.49,False
2934,2026-07-29T06:41:15Z,176,2,0,0.1,0,29.49,False
2935,2026-07-29T06:42:15Z,180,1.9,0,0.1,0,29.49,False
2936,2026-07-29T06:43:15Z,180,1.5,0,0.1,0,29.49,False
2937,2026-07-29T06:44:15Z,165,1.8,0,0.1,0,29.49,False
2938,2026-07-29T06:45:15Z,188,1.6,0,0.1,0,29.49,False
2939,2026-07-29T06:46:15Z,164,1.8,0,0.1,0,29.48,False
2940,2026-07-29T06:47:15Z,159,1.3,0,0.1,0,29.48,False
2941,2026-07-29T06:48:15Z,182,1.7,0,0.1,0,29.48,False
2942,2026-07-29T06:50:15Z,180,1.6,0,0.1,0,29.48,False
2943,2026-07-29T06:51:15Z,177,1.3,0,0.1,0,29.48,False
2944,2026-07-29T06:52:15Z,0,1.3,0,0.1,0,29.48,False
2945,2026-07-29T06:53:15Z,177,1.6,0,0.1,0,29.48,False
2946,2026-07-29T06:54:15Z,147,1.6,0,0.1,0,29.48,False
2947,2026-07-29T06:55:15Z,113,2,0,0.1,0,29.48,False
2948,2026-07-29T06:56:16Z,149,2.2,0,0.1,0,29.48,False
2949,2026-07-29T06:57:15Z,180,4.4,0,0.1,0,29.48,False
2950,2026-07-29T06:58:15Z,165,2.3,0,0.1,0,29.48,False
2951,2026-07-29T06:59:15Z,180,1.9,0,0.1,0,29.48,False
2952,2026-07-29T07:01:15Z,163,2.6,0,0.1,0,29.48,False
2953,2026-07-29T07:02:15Z,141,2,0,0.1,0,29.48,False
2954,2026-07-29T07:03:15Z,0,2.6,0,0.1,0,29.48,False
2955,2026-07-29T07:04:15Z,0,4.1,0,0.1,0,29.48,False
2956,2026-07-29T07:05:15Z,0,2.5,0,0.1,0,29.48,False
2957,2026-07-29T07:06:15Z,170,1.8,0,0.1,0,29.48,False
2958,2026-07-29T07:07:15Z,180,1.5,0,0.1,0,29.48,False
2959,2026-07-29T07:08:15Z,176,1.3,0,0.1,0,29.48,False
2960,2026-07-29T07:09:15Z,180,2.6,0,0.1,0,29.48,False
2961,2026-07-29T07:10:15Z,0,2,0,0.1,0,29.48,False
2962,2026-07-29T07:11:15Z,180,2.9,0,0.1,0,29.48,False
2963,2026-07-29T07:12:15Z,0,2.8,0,0.1,0,29.49,False
2964,2026-07-29T07:13:15Z,168,1.7,0,0.1,0,29.48,False
2965,2026-07-29T07:14:16Z,176,1.3,0,0.1,0,29.48,False
2966,2026-07-29T07:15:15Z,171,0.8,0,0.1,0,29.48,False
2967,2026-07-29T07:16:15Z,193,2,0,0.1,0,29.48,False
2968,2026-07-29T07:17:16Z,173,3.8,0,0.1,0,29.48,False
2969,2026-07-29T07:18:15Z,166,2.5,0,0.1,0,29.48,False
2970,2026-07-29T07:20:15Z,168,3.2,0,0.1,0,29.48,False
2971,2026-07-29T07:21:15Z,174,2.9,0,0.1,0,29.48,False
2972,2026-07-29T07:22:15Z,180,2.4,0,0.1,0,29.48,False
2973,2026-07-29T07:23:15Z,180,2.7,0,0.1,0,29.48,False
2974,2026-07-29T07:24:15Z,180,1.3,0,0.1,0,29.48,False
2975,2026-07-29T07:25:15Z,170,1.6,0,0.1,0,29.48,False
2976,2026-07-29T07:26:15Z,180,1.6,0,0.1,0,29.48,False
2977,2026-07-29T07:27:16Z,182,1.4,0,0.1,0,29.48,False
2978,2026-07-29T07:28:15Z,173,2.9,0,0.1,0,29.48,False
2979,2026-07-29T07:30:15Z,180,1.5,0,0.1,0,29.48,False
2980,2026-07-29T07:31:15Z,182,1.6,0,0.1,0,29.48,False
2981,2026-07-29T07:32:15Z,33,1.7,0,0.1,0,29.48,False
2982,2026-07-29T07:33:15Z,175,2.3,0,0.1,0,29.48,False
2983,2026-07-29T07:34:15Z,180,1.4,0,0.1,0,29.48,False
2984,2026-07-29T07:35:15Z,173,0.9,0,0.1,0,29.48,False
2985,2026-07-29T07:36:15Z,175,0.8,0,0.1,0,29.48,False
2986,2026-07-29T07:37:15Z,174,1,0,0.1,0,29.48,False
2987,2026-07-29T07:38:15Z,180,1.8,0,0.1,0,29.48,False
2988,2026-07-29T07:39:15Z,142,1.2,0,0.1,0,29.48,False
2989,2026-07-29T07:41:15Z,180,1.6,0,0.1,0,29.48,False
2990,2026-07-29T07:42:15Z,186,1.6,0,0.1,0,29.48,False
2991,2026-07-29T07:43:15Z,173,0.7,0,0.1,0,29.48,False
2992,2026-07-29T07:44:15Z,156,1.6,0,0.1,0,29.48,False
2993,2026-07-29T07:45:15Z,180,0.6,0,0.1,0,29.48,False
2994,2026-07-29T07:46:15Z,180,1.1,0,0.1,0,29.48,False
2995,2026-07-29T07:47:15Z,113,2.4,0,0.1,0,29.48,False
2996,2026-07-29T07:48:15Z,162,1.4,0,0.1,0,29.48,False
2997,2026-07-29T07:49:15Z,175,1.4,0,0.1,0,29.48,False
2998,2026-07-29T07:51:15Z,157,1.6,0,0.1,0,29.48,False
2999,2026-07-29T07:52:15Z,151,1.9,0,0.1,0,29.48,False
3000,2026-07-29T07:53:15Z,165,2.6,0,0.1,0,29.48,False
3001,2026-07-29T07:54:15Z,0,2.1,0,0.1,0,29.48,False
3002,2026-07-29T07:55:15Z,0,2.3,0,0.1,0,29.48,False
3003,2026-07-29T07:56:15Z,0,1.9,0,0.1,0,29.48,False
3004,2026-07-29T07:57:15Z,180,2.1,0,0.1,0,29.48,False
3005,2026-07-29T07:58:15Z,180,4.2,0,0.1,0,29.48,False
3006,2026-07-29T07:59:15Z,113,2.2,0,0.1,0,29.48,False
3007,2026-07-29T08:01:15Z,0,3.9,0,0.1,0,29.48,False
3008,2026-07-29T08:02:15Z,0,2.3,0,0.1,0,29.48,False
3009,2026-07-29T08:03:15Z,0,2,0,0.1,0,29.48,False
3010,2026-07-29T08:04:15Z,180,3.2,0,0.1,0,29.48,False
3011,2026-07-29T08:05:15Z,180,3.1,0,0.1,0,29.48,False
3012,2026-07-29T08:06:15Z,0,4.2,0,0.1,0,29.48,False
3013,2026-07-29T08:07:15Z,180,2.1,0,0.1,0,29.48,False
3014,2026-07-29T08:08:15Z,159,2.3,0,0.1,0,29.48,False
3015,2026-07-29T08:10:15Z,113,3.1,0,0.1,0,29.48,False
3016,2026-07-29T08:11:15Z,157,2.7,0,0.1,0,29.48,False
3017,2026-07-29T08:12:15Z,154,3.3,0,0.1,0,29.48,False
3018,2026-07-29T08:13:15Z,177,2,0,0.1,0,29.48,False
3019,2026-07-29T08:14:15Z,157,1.7,0,0.1,0,29.47,False
3020,2026-07-29T08:15:15Z,180,1,0,0.1,0,29.47,False
3021,2026-07-29T08:16:15Z,180,2.4,0,0.1,0,29.47,False
3022,2026-07-29T08:17:15Z,180,1.7,0,0.1,0,29.47,False
3023,2026-07-29T08:18:15Z,125,1.4,0,0.1,0,29.47,False
3024,2026-07-29T08:19:15Z,0,0.6,0,0.1,0,29.47,False
3025,2026-07-29T08:20:15Z,180,0.9,0,0.1,0,29.47,False
3026,2026-07-29T08:21:15Z,176,1.7,0,0.1,0,29.47,False
3027,2026-07-29T08:22:15Z,182,2.8,0,0.1,0,29.47,False
3028,2026-07-29T08:23:15Z,176,1.6,0,0.1,0,29.47,False
3029,2026-07-29T08:24:15Z,178,1.4,0,0.1,0,29.47,False
3030,2026-07-29T08:25:15Z,113,1.1,0,0.1,0,29.47,False
3031,2026-07-29T08:26:15Z,157,2.4,0,0.1,0,29.47,False
3032,2026-07-29T08:27:15Z,180,3,0,0.1,0,29.47,False
3033,2026-07-29T08:28:15Z,180,2,0,0.1,0,29.47,False
3034,2026-07-29T08:29:15Z,180,4.3,0,0.1,0,29.47,False
3035,2026-07-29T08:31:15Z,178,3.8,0,0.1,0,29.47,False
3036,2026-07-29T08:32:15Z,179,3.7,0,0.1,0,29.47,False
3037,2026-07-29T08:33:15Z,173,1.5,0,0.1,0,29.47,False
3038,2026-07-29T08:34:15Z,174,2.2,0,0.1,0,29.47,False
3039,2026-07-29T08:35:15Z,177,1.5,0,0.1,0,29.47,False
3040,2026-07-29T08:36:15Z,165,1.4,0,0.1,0,29.47,False
3041,2026-07-29T08:37:15Z,180,1.9,0,0.1,0,29.47,False
3042,2026-07-29T08:38:15Z,147,1.4,0,0.1,0,29.47,False
3043,2026-07-29T08:39:15Z,171,1.6,0,0.1,0,29.47,False
3044,2026-07-29T08:40:15Z,188,1.5,0,0.1,0,29.47,False
3045,2026-07-29T08:41:15Z,189,1.9,0,0.1,0,29.47,False
3046,2026-07-29T08:42:15Z,180,1.7,0,0.1,0,29.47,False
3047,2026-07-29T08:43:15Z,139,2.2,0,0.1,0,29.47,False
3048,2026-07-29T08:44:15Z,172,1.3,0,0.1,0,29.47,False
3049,2026-07-29T08:45:15Z,0,1.9,0,0.1,0,29.47,False
3050,2026-07-29T08:46:15Z,161,1.6,0,0.1,0,29.47,False
3051,2026-07-29T08:47:15Z,171,2.4,0,0.1,0,29.47,False
3052,2026-07-29T08:48:15Z,177,1.7,0,0.1,0,29.47,False
3053,2026-07-29T08:50:15Z,176,1.2,0,0.1,0,29.47,False
3054,2026-07-29T08:51:15Z,139,2,0,0.1,0,29.47,False
3055,2026-07-29T08:52:15Z,177,1.6,0,0.1,0,29.47,False
3056,2026-07-29T08:53:15Z,168,2.1,0,0.1,0,29.47,False
3057,2026-07-29T08:54:15Z,179,1.9,0,0.1,0,29.47,False
3058,2026-07-29T08:55:15Z,159,2.3,0,0.1,0,29.47,False
3059,2026-07-29T08:56:15Z,0,1.8,0,0.1,0,29.47,False
3060,2026-07-29T08:57:15Z,147,0.9,0,0.1,0,29.47,False
3061,2026-07-29T08:58:15Z,0,1.2,0,0.1,0,29.47,False
3062,2026-07-29T08:59:15Z,180,0.6,0,0.1,0,29.47,False
3063,2026-07-29T09:00:15Z,180,1.8,0,0.1,0,29.47,False
3064,2026-07-29T09:01:15Z,102,1.5,0,0.1,0,29.47,False
3065,2026-07-29T09:02:15Z,159,1.5,0,0.1,0,29.47,False
3066,2026-07-29T09:03:15Z,180,2.4,0,0.1,0,29.47,False
3067,2026-07-29T09:04:15Z,171,1.5,0,0.1,0,29.47,False
3068,2026-07-29T09:05:15Z,179,2,0,0.1,0,29.47,False
3069,2026-07-29T09:06:15Z,173,1.5,0,0.1,0,29.47,False
3070,2026-07-29T09:07:15Z,172,0.9,0,0.1,0,29.47,False
3071,2026-07-29T09:08:15Z,183,1.2,0,0.1,0,29.47,False
3072,2026-07-29T09:09:15Z,80,1.2,0,0.1,0,29.47,False
3073,2026-07-29T09:11:15Z,179,1.7,0,0.1,0,29.47,False
3074,2026-07-29T09:12:16Z,184,1.2,0,0.1,0,29.47,False
3075,2026-07-29T09:13:15Z,180,1.2,0,0.1,0,29.47,False
3076,2026-07-29T09:14:15Z,178,2.1,0,0.1,0,29.47,False
3077,2026-07-29T09:15:15Z,175,1.7,0,0.1,0,29.47,False
3078,2026-07-29T09:16:15Z,102,1.4,0,0.1,0,29.47,False
3079,2026-07-29T09:17:15Z,180,1.3,0,0.1,0,29.47,False
3080,2026-07-29T09:18:15Z,165,1.9,0,0.1,0,29.47,False
3081,2026-07-29T09:19:15Z,180,1.8,0,0.1,0,29.47,False
3082,2026-07-29T09:20:15Z,165,1.2,0,0.1,0,29.47,False
3083,2026-07-29T09:21:15Z,180,1,0,0.1,0,29.47,False
3084,2026-07-29T09:22:15Z,180,1.6,0,0.1,0,29.47,False
3085,2026-07-29T09:23:15Z,173,0.9,0,0.1,0,29.47,False
3086,2026-07-29T09:24:15Z,113,1.8,0,0.1,0,29.47,False
3087,2026-07-29T09:25:15Z,180,1.6,0,0.1,0,29.47,False
3088,2026-07-29T09:26:15Z,168,1.9,0,0.1,0,29.47,False
3089,2026-07-29T09:27:15Z,151,1.6,0,0.1,0,29.47,False
3090,2026-07-29T09:28:15Z,176,1.1,0,0.1,0,29.47,False
3091,2026-07-29T09:29:15Z,157,1.6,0,0.1,0,29.47,False
3092,2026-07-29T09:31:15Z,161,1.3,0,0.1,0,29.47,False
3093,2026-07-29T09:32:15Z,174,1.4,0,0.1,0,29.47,False
3094,2026-07-29T09:33:15Z,180,1.9,0,0.1,0,29.47,False
3095,2026-07-29T09:34:15Z,176,2.9,0,0.1,0,29.47,False
3096,2026-07-29T09:35:15Z,180,2.2,0,0.1,0,29.47,False
3097,2026-07-29T09:36:15Z,180,1.8,0,0.1,0,29.47,False
3098,2026-07-29T09:37:15Z,173,2,0,0.1,0,29.47,False
3099,2026-07-29T09:38:15Z,180,1.4,0,0.1,0,29.47,False
3100,2026-07-29T09:39:15Z,180,2.1,0,0.1,0,29.47,False
3101,2026-07-29T09:40:15Z,184,1.6,0,0.1,0,29.47,False
3102,2026-07-29T09:41:15Z,180,2.1,0,0.1,0,29.47,False
3103,2026-07-29T09:42:15Z,178,3.2,0,0.1,0,29.47,False
3104,2026-07-29T09:43:15Z,180,2.2,0,0.1,0,29.47,False
3105,2026-07-29T09:44:15Z,156,1.3,0,0.1,0,29.47,False
3106,2026-07-29T09:45:15Z,178,2.3,0,0.1,0,29.47,False
3107,2026-07-29T09:46:15Z,180,2.7,0,0.1,0,29.47,False
3108,2026-07-29T09:47:15Z,179,3.6,0,0.1,0,29.47,False
3109,2026-07-29T09:48:15Z,168,2.7,0,0.1,0,29.47,False
3110,2026-07-29T09:50:15Z,180,1.4,0,0.1,0,29.47,False
3111,2026-07-29T09:51:15Z,180,4.4,0,0.1,0,29.47,False
3112,2026-07-29T09:52:15Z,176,3.8,0,0.1,0,29.47,False
3113,2026-07-29T09:53:15Z,176,1.8,0,0.1,0,29.47,False
3114,2026-07-29T09:54:15Z,177,2.7,0,0.1,0,29.47,False
3115,2026-07-29T09:55:15Z,175,3.4,0,0.1,0,29.47,False
3116,2026-07-29T09:56:15Z,176,3.3,0,0.1,0,29.47,False
3117,2026-07-29T09:57:15Z,159,2.6,0,0.1,0,29.47,False
3118,2026-07-29T09:58:15Z,166,2.2,0,0.1,0,29.47,False
3119,2026-07-29T09:59:15Z,183,2.2,0,0.1,0,29.47,False
3120,2026-07-29T10:01:15Z,174,3.1,0,0.1,0,29.47,False
3121,2026-07-29T10:02:15Z,171,1.8,0,0.1,0,29.47,False
3122,2026-07-29T10:03:15Z,180,1,0,0.1,0,29.47,False
3123,2026-07-29T10:04:15Z,179,3.8,0,0.1,0,29.47,False
3124,2026-07-29T10:05:15Z,180,3.5,0,0.1,0,29.47,False
3125,2026-07-29T10:06:15Z,173,2.8,0,0.1,0,29.47,False
3126,2026-07-29T10:07:15Z,176,3.1,0,0.1,0,29.47,False
3127,2026-07-29T10:08:15Z,175,3.6,0,0.1,0,29.47,False
3128,2026-07-29T10:09:15Z,173,3.5,0,0.1,0,29.47,False
3129,2026-07-29T10:10:15Z,171,3.3,0,0.1,0,29.47,False
3130,2026-07-29T10:11:15Z,171,3.8,0,0.1,0,29.47,False
3131,2026-07-29T10:12:15Z,178,3.9,0,0.1,0,29.47,False
3132,2026-07-29T10:13:15Z,179,4.1,0,0.1,0,29.47,False
3133,2026-07-29T10:14:15Z,155,2.4,0,0.1,0,29.47,False
3134,2026-07-29T10:15:15Z,178,4.2,0,0.1,0,29.47,False
3135,2026-07-29T10:16:15Z,179,3.9,0,0.1,0,29.46,False
3136,2026-07-29T10:17:15Z,177,5.6,0,0.1,0,29.46,False
3137,2026-07-29T10:18:15Z,175,4.2,0,0.1,0,29.46,False
3138,2026-07-29T10:19:15Z,177,4.7,0,0.1,0,29.46,False
3139,2026-07-29T10:20:15Z,179,3.5,0,0.1,0,29.46,False
3140,2026-07-29T10:21:15Z,180,3.3,0,0.1,0,29.46,False
3141,2026-07-29T10:22:15Z,173,4.9,0,0.1,0,29.46,False
3142,2026-07-29T10:23:15Z,180,3.1,0,0.1,0,29.46,False
3143,2026-07-29T10:24:15Z,162,2.8,0,0.1,0,29.46,False
3144,2026-07-29T10:25:15Z,173,3,0,0.1,0,29.46,False
3145,2026-07-29T10:26:15Z,174,2.4,0,0.1,0,29.46,False
3146,2026-07-29T10:27:15Z,179,4,0,0.1,0,29.46,False
3147,2026-07-29T10:28:15Z,180,2.6,0,0.1,0,29.46,False
3148,2026-07-29T10:29:15Z,180,4.3,0,0.1,0,29.46,False
3149,2026-07-29T10:30:15Z,160,3.2,0,0.1,0,29.46,False
3150,2026-07-29T10:31:15Z,165,2.9,0,0.1,0,29.46,False
3151,2026-07-29T10:32:15Z,176,4.3,0,0.1,0,29.46,False
3152,2026-07-29T10:33:15Z,179,4.4,0,0.1,0,29.46,False
3153,2026-07-29T10:34:15Z,180,2.8,0,0.1,0,29.46,False
3154,2026-07-29T10:35:15Z,180,3.8,0,0.1,0,29.46,False
3155,2026-07-29T10:36:15Z,180,3.5,0,0.1,0,29.46,False
3156,2026-07-29T10:37:15Z,182,3.4,0,0.1,0,29.46,False
3157,2026-07-29T10:38:15Z,177,3.1,0,0.1,0,29.46,False
3158,2026-07-29T10:40:15Z,180,3.8,0,0.1,0,29.46,False
3159,2026-07-29T10:41:15Z,180,2.5,0,0.1,0,29.46,False
3160,2026-07-29T10:42:15Z,178,3,0,0.1,0,29.46,False
3161,2026-07-29T10:43:15Z,180,3.4,0,0.1,0,29.46,False
3162,2026-07-29T10:44:15Z,180,3.9,0,0.1,0,29.46,False
3163,2026-07-29T10:45:15Z,175,4,0,0.1,0,29.46,False
3164,2026-07-29T10:46:15Z,178,2.9,0,0.1,0,29.46,False
3165,2026-07-29T10:47:15Z,180,4,0,0.1,0,29.46,False
3166,2026-07-29T10:48:15Z,179,3,0,0.1,0,29.46,False
3167,2026-07-29T10:49:15Z,180,3.1,0,0.1,0,29.46,False
3168,2026-07-29T10:50:15Z,180,2.4,0,0.1,0,29.46,False
3169,2026-07-29T10:51:15Z,179,2.7,0,0.1,0,29.46,False
3170,2026-07-29T10:52:15Z,172,3.9,0,0.1,0,29.46,False
3171,2026-07-29T10:53:15Z,179,4.4,0,0.1,0,29.46,False
3172,2026-07-29T10:54:15Z,173,3,0,0.1,0,29.46,False
3173,2026-07-29T10:55:15Z,179,5.5,0,0.1,0,29.46,False
3174,2026-07-29T10:56:15Z,177,5.5,0,0.1,0,29.46,False
3175,2026-07-29T10:57:15Z,170,3.3,0,0.1,0,29.46,False
3176,2026-07-29T10:58:15Z,180,4.1,0,0.1,0,29.46,False
3177,2026-07-29T10:59:15Z,180,3.9,0,0.1,0,29.46,False
3178,2026-07-29T11:00:15Z,180,4.3,0,0.1,0,29.46,False
3179,2026-07-29T11:01:15Z,178,5.3,0,0.1,0,29.46,False
3180,2026-07-29T11:02:15Z,171,3.1,0,0.1,0,29.46,False
3181,2026-07-29T11:03:15Z,180,3.4,0,0.1,0,29.46,False
3182,2026-07-29T11:04:15Z,182,2,0,0.1,0,29.46,False
3183,2026-07-29T11:05:15Z,180,2.8,0,0.1,0,29.46,False
3184,2026-07-29T11:06:15Z,179,4,0,0.1,0,29.46,False
3185,2026-07-29T11:07:15Z,177,5,0,0.1,0,29.46,False
3186,2026-07-29T11:08:15Z,180,5.4,0,0.1,0,29.46,False
3187,2026-07-29T11:09:15Z,179,5,0,0.1,0,29.46,False
3188,2026-07-29T11:10:15Z,183,2.9,0,0.1,0,29.46,False
3189,2026-07-29T11:11:15Z,177,4.5,0,0.1,0,29.46,False
3190,2026-07-29T11:12:15Z,180,2.9,0,0.1,0,29.46,False
3191,2026-07-29T11:13:15Z,169,2,0,0.1,0,29.46,False
3192,2026-07-29T11:14:15Z,160,3.1,0,0.1,0,29.46,False
3193,2026-07-29T11:15:15Z,178,2.9,0,0.1,0,29.46,False
3194,2026-07-29T11:16:15Z,177,4,0,0.1,0,29.46,False
3195,2026-07-29T11:17:15Z,163,2.7,0,0.1,0,29.46,False
3196,2026-07-29T11:18:15Z,177,4.1,0,0.1,0,29.46,False
3197,2026-07-29T11:19:15Z,180,4.5,0,0.1,0,29.46,False
3198,2026-07-29T11:20:15Z,176,3.5,0,0.1,0,29.46,False
3199,2026-07-29T11:21:15Z,179,3.6,0,0.1,0,29.46,False
3200,2026-07-29T11:22:15Z,180,2.9,0,0.1,0,29.46,False
3201,2026-07-29T11:23:15Z,176,4.7,0,0.1,0,29.46,False
3202,2026-07-29T11:24:15Z,180,4.4,0,0.1,0,29.46,False
3203,2026-07-29T11:25:15Z,177,4.7,0,0.1,0,29.46,False
3204,2026-07-29T11:26:15Z,176,4.2,0,0.1,0,29.46,False
3205,2026-07-29T11:27:15Z,179,3,0,0.1,0,29.46,False
3206,2026-07-29T11:28:15Z,176,4.5,0,0.1,0,29.46,False
3207,2026-07-29T11:30:15Z,180,2.1,0,0.1,0,29.46,False
3208,2026-07-29T11:31:15Z,180,3.1,0,0.1,0,29.46,False
3209,2026-07-29T11:32:15Z,178,4,0,0.1,0,29.46,False
3210,2026-07-29T11:33:15Z,178,4.7,0,0.1,0,29.46,False
3211,2026-07-29T11:34:15Z,177,2.6,0,0.1,0,29.46,False
3212,2026-07-29T11:35:15Z,177,3.4,0,0.1,0,29.46,False
3213,2026-07-29T11:36:15Z,179,2.4,0,0.1,0,29.46,False
3214,2026-07-29T11:37:15Z,179,5.1,0,0.1,0,29.46,False
3215,2026-07-29T11:38:15Z,180,3.3,0,0.1,0,29.46,False
3216,2026-07-29T11:39:15Z,176,2.2,0,0.1,0,29.46,False
3217,2026-07-29T11:40:15Z,170,2.2,0,0.1,0,29.46,False
3218,2026-07-29T11:41:15Z,179,3.5,0,0.1,0,29.46,False
3219,2026-07-29T11:42:15Z,179,4.9,0,0.1,0,29.46,False
3220,2026-07-29T11:43:15Z,175,4.4,0,0.1,0,29.46,False
3221,2026-07-29T11:44:15Z,179,5.2,0,0.1,0,29.46,False
3222,2026-07-29T11:45:15Z,178,3.7,0,0.1,0,29.46,False
3223,2026-07-29T11:46:15Z,180,3.6,0,0.1,0,29.46,False
3224,2026-07-29T11:47:15Z,180,4.7,0,0.1,0,29.46,False
3225,2026-07-29T11:48:15Z,178,3.9,0,0.1,0,29.46,False
3226,2026-07-29T11:50:15Z,180,3.9,0,0.1,0,29.46,False
3227,2026-07-29T11:51:15Z,180,3.3,0,0.1,0,29.46,False
3228,2026-07-29T11:52:15Z,180,3.9,0,0.1,0,29.46,False
3229,2026-07-29T11:53:15Z,174,3,0,0.1,0,29.46,False
3230,2026-07-29T11:54:15Z,180,4.6,0,0.1,0,29.46,False
3231,2026-07-29T11:55:15Z,175,5.7,0,0.1,0,29.46,False
3232,2026-07-29T11:56:15Z,182,2.8,0,0.1,0,29.46,False
3233,2026-07-29T11:57:15Z,178,3.6,0,0.1,0,29.46,False
3234,2026-07-29T11:58:15Z,180,4.8,0,0.1,0,29.46,False
3235,2026-07-29T11:59:15Z,179,4.5,0,0.1,0,29.46,False
3236,2026-07-29T12:01:15Z,180,4.7,0,0.1,0,29.46,False
3237,2026-07-29T12:02:15Z,180,3.9,0,0.1,0,29.46,False
3238,2026-07-29T12:03:15Z,180,3.9,0,0.1,0,29.46,False
3239,2026-07-29T12:04:15Z,178,4.1,0,0.1,0,29.46,False
3240,2026-07-29T12:05:15Z,177,4.6,0,0.1,0,29.46,False
3241,2026-07-29T12:06:15Z,177,4,0,0.1,0,29.46,False
3242,2026-07-29T12:07:15Z,180,6.4,0,0.1,0,29.46,False
3243,2026-07-29T12:08:15Z,174,4.2,0,0.1,0,29.46,False
3244,2026-07-29T12:09:15Z,172,3.9,0,0.1,0,29.46,False
3245,2026-07-29T12:11:15Z,179,5.8,0,0.1,0,29.46,False
3246,2026-07-29T12:12:15Z,170,2.9,0,0.1,0,29.46,False
3247,2026-07-29T12:13:15Z,172,3.7,0,0.1,0,29.46,False
3248,2026-07-29T12:14:15Z,178,3,0,0.1,0,29.46,False
3249,2026-07-29T12:15:15Z,173,2.8,0,0.1,0,29.46,False
3250,2026-07-29T12:16:15Z,178,3.9,0,0.1,0,29.46,False
3251,2026-07-29T12:17:15Z,177,3.2,0,0.1,0,29.46,False
3252,2026-07-29T12:18:15Z,177,5.1,0,0.1,0,29.46,False
3253,2026-07-29T12:19:15Z,165,5,0,0.1,0,29.46,False
3254,2026-07-29T12:20:15Z,180,6.7,0,0.1,0,29.46,False
3255,2026-07-29T12:21:15Z,178,6.3,0,0.1,0,29.46,False
3256,2026-07-29T12:22:15Z,182,4.3,0,0.1,0,29.46,False
3257,2026-07-29T12:23:15Z,180,6.8,0,0.1,0,29.46,False
3258,2026-07-29T12:24:15Z,180,5.2,0,0.1,0,29.46,False
3259,2026-07-29T12:25:15Z,179,7.1,0,0.1,0,29.46,False
3260,2026-07-29T12:26:15Z,176,5.1,0,0.1,0,29.46,False
3261,2026-07-29T12:27:15Z,179,4.3,0,0.1,0,29.46,False
3262,2026-07-29T12:28:15Z,179,6,0,0.1,0,29.46,False
3263,2026-07-29T12:29:15Z,165,2.8,0,0.1,0,29.46,False
3264,2026-07-29T12:30:15Z,182,5.7,0,0.1,0,29.46,False
3265,2026-07-29T12:31:15Z,180,6.4,0,0.1,0,29.46,False
3266,2026-07-29T12:32:15Z,179,4.8,0,0.1,0,29.46,False
3267,2026-07-29T12:33:15Z,182,5.6,0,0.1,0,29.46,False
3268,2026-07-29T12:34:15Z,175,3.7,0,0.1,0,29.46,False
3269,2026-07-29T12:35:15Z,160,5.2,0,0.1,0,29.46,False
3270,2026-07-29T12:36:15Z,178,4.1,0,0.1,0,29.46,False
3271,2026-07-29T12:37:15Z,180,3.2,0,0.1,0,29.46,False
3272,2026-07-29T12:38:15Z,183,3.1,0,0.1,0,29.46,False
3273,2026-07-29T12:39:15Z,176,5.5,0,0.1,0,29.46,False
3274,2026-07-29T12:40:15Z,180,7.2,0,0.1,0,29.46,False
3275,2026-07-29T12:41:15Z,179,4.9,0,0.1,0,29.46,False
3276,2026-07-29T12:42:15Z,174,3.1,0,0.1,0,29.46,False
3277,2026-07-29T12:43:15Z,179,7.2,0,0.1,0,29.46,False
3278,2026-07-29T12:44:15Z,177,7.6,0,0.1,0,29.46,False
3279,2026-07-29T12:45:15Z,182,5.5,0,0.1,0,29.46,False
3280,2026-07-29T12:46:15Z,182,4.9,0,0.1,0,29.46,False
3281,2026-07-29T12:47:15Z,177,3.4,0,0.1,0,29.46,False
3282,2026-07-29T12:48:15Z,179,6.2,0,0.1,0,29.46,False
3283,2026-07-29T12:50:15Z,178,6.6,0,0.1,0,29.46,False
3284,2026-07-29T12:51:15Z,175,4.7,0,0.1,0,29.46,False
3285,2026-07-29T12:52:15Z,180,4.5,0,0.1,0,29.46,False
3286,2026-07-29T12:53:15Z,175,5.8,0,0.1,0,29.46,False
3287,2026-07-29T12:54:15Z,177,6.7,0,0.1,0,29.46,False
3288,2026-07-29T12:55:15Z,180,5.8,0,0.1,0,29.46,False
3289,2026-07-29T12:56:15Z,179,4.3,0,0.1,0,29.46,False
3290,2026-07-29T12:57:15Z,178,3.7,0,0.1,0,29.46,False
3291,2026-07-29T12:58:15Z,180,5.4,0,0.1,0,29.46,False
3292,2026-07-29T12:59:15Z,180,6.9,0,0.1,0,29.46,False
3293,2026-07-29T13:00:15Z,179,6.2,0,0.1,0,29.46,False
3294,2026-07-29T13:01:15Z,179,6.5,0,0.1,0,29.46,False
3295,2026-07-29T13:02:15Z,180,6,0,0.1,0,29.46,False
3296,2026-07-29T13:03:15Z,178,6.6,0,0.1,0,29.46,False
3297,2026-07-29T13:04:15Z,180,6,0,0.1,0,29.45,False
3298,2026-07-29T13:05:15Z,180,5.5,0,0.1,0,29.45,False
3299,2026-07-29T13:06:15Z,177,4.8,0,0.1,0,29.45,False
3300,2026-07-29T13:07:15Z,177,5.5,0,0.1,0,29.45,False
3301,2026-07-29T13:08:15Z,180,6.4,0,0.1,0,29.46,False
3302,2026-07-29T13:09:15Z,179,6.5,0,0.1,0,29.45,False
3303,2026-07-29T13:11:15Z,179,3.5,0,0.1,0,29.45,False
3304,2026-07-29T13:12:15Z,180,7,0,0.1,0,29.45,False
3305,2026-07-29T13:13:15Z,180,6.9,0,0.1,0,29.45,False
3306,2026-07-29T13:14:15Z,180,6.2,0,0.1,0,29.45,False
3307,2026-07-29T13:15:15Z,180,5.5,0,0.1,0,29.45,False
3308,2026-07-29T13:16:15Z,178,5.6,0,0.1,0,29.45,False
3309,2026-07-29T13:17:15Z,176,4.8,0,0.1,0,29.45,False
3310,2026-07-29T13:18:15Z,180,5.6,0,0.1,0,29.45,False
3311,2026-07-29T13:19:15Z,180,3.6,0,0.1,0,29.45,False
3312,2026-07-29T13:20:15Z,178,5.1,0,0.1,0,29.45,False
3313,2026-07-29T13:21:15Z,178,4.3,0,0.1,0,29.45,False
3314,2026-07-29T13:22:15Z,179,3.9,0,0.1,0,29.45,False
3315,2026-07-29T13:23:15Z,179,3.6,0,0.1,0,29.45,False
3316,2026-07-29T13:24:15Z,179,4.9,0,0.1,0,29.45,False
3317,2026-07-29T13:25:15Z,179,5,0,0.1,0,29.45,False
3318,2026-07-29T13:26:15Z,179,4.4,0,0.1,0,29.45,False
3319,2026-07-29T13:27:15Z,180,5.7,0,0.1,0,29.45,False
3320,2026-07-29T13:28:15Z,179,6.8,0,0.1,0,29.45,False
3321,2026-07-29T13:29:15Z,178,5.8,0,0.1,0,29.45,False
3322,2026-07-29T13:30:15Z,180,3.9,0,0.1,0,29.45,False
3323,2026-07-29T13:31:15Z,179,4.7,0,0.1,0,29.45,False
3324,2026-07-29T13:32:15Z,174,4.1,0,0.1,0,29.45,False
3325,2026-07-29T13:33:15Z,180,4.1,0,0.1,0,29.45,False
3326,2026-07-29T13:34:15Z,180,3.1,0,0.1,0,29.46,False
3327,2026-07-29T13:35:15Z,180,4.5,0,0.1,0,29.46,False
3328,2026-07-29T13:36:15Z,177,4.8,0,0.1,0,29.46,False
3329,2026-07-29T13:37:15Z,181,3.6,0,0.1,0,29.46,False
3330,2026-07-29T13:38:15Z,178,3.8,0,0.1,0,29.46,False
3331,2026-07-29T13:40:15Z,178,4,0,0.1,0,29.46,False
3332,2026-07-29T13:41:15Z,175,3.2,0,0.1,0,29.46,False
3333,2026-07-29T13:42:15Z,178,4,0,0.1,0,29.46,False
3334,2026-07-29T13:43:15Z,173,4.8,0,0.1,0,29.46,False
3335,2026-07-29T13:44:15Z,179,4.7,0,0.1,0,29.46,False
3336,2026-07-29T13:45:15Z,180,4.1,0,0.1,0,29.46,False
3337,2026-07-29T13:46:15Z,178,3.5,0,0.1,0,29.46,False
3338,2026-07-29T13:47:15Z,179,4.6,0,0.1,0,29.46,False
3339,2026-07-29T13:48:15Z,179,4.8,0,0.1,0,29.46,False
3340,2026-07-29T13:50:15Z,179,4.5,0,0.1,0,29.46,False
3341,2026-07-29T13:51:15Z,171,4,0,0.1,0,29.46,False
3342,2026-07-29T13:52:15Z,180,3.3,0,0.1,0,29.46,False
3343,2026-07-29T13:53:15Z,164,4.2,0,0.1,0,29.46,False
3344,2026-07-29T13:54:15Z,165,3.5,0,0.1,0,29.46,False
3345,2026-07-29T13:55:15Z,177,4.5,0,0.1,0,29.46,False
3346,2026-07-29T13:56:15Z,177,5.6,0,0.1,0,29.46,False
3347,2026-07-29T13:57:15Z,180,3.8,0,0.1,0,29.46,False
3348,2026-07-29T13:58:15Z,164,1.9,0,0.1,0,29.46,False
3349,2026-07-29T13:59:15Z,180,3.4,0,0.1,0,29.46,False
3350,2026-07-29T14:01:15Z,178,3.5,0,0.1,0,29.47,False
3351,2026-07-29T14:02:15Z,180,2.9,0,0.1,0,29.47,False
3352,2026-07-29T14:03:15Z,179,4.3,0,0.1,0,29.47,False
3353,2026-07-29T14:04:15Z,178,6.1,0,0.1,0,29.47,False
3354,2026-07-29T14:05:15Z,180,5.6,0,0.1,0,29.47,False
3355,2026-07-29T14:06:15Z,177,3.7,0,0.1,0,29.47,False
3356,2026-07-29T14:07:15Z,180,3.2,0,0.1,0,29.47,False
3357,2026-07-29T14:08:15Z,137,3.5,0,0.1,0,29.47,False
3358,2026-07-29T14:09:15Z,179,6.3,0,0.1,0,29.47,False
3359,2026-07-29T14:10:15Z,176,6.2,0,0.1,0,29.47,False
3360,2026-07-29T14:11:15Z,177,5.6,0,0.1,0.011,29.47,True
3361,2026-07-29T14:12:15Z,171,3.7,0,0.1,0,29.47,False
3362,2026-07-29T14:13:15Z,83,3.5,0,0.1,0,29.47,False
3363,2026-07-29T14:14:15Z,172,6.1,0,0.1,0.011,29.47,True
3364,2026-07-29T14:15:15Z,180,6.2,0,0.1,0.011,29.47,True
3365,2026-07-29T14:16:15Z,165,2.9,0,0.1,0,29.47,False
3366,2026-07-29T14:17:15Z,161,3.8,0,0.1,0.011,29.47,True
3367,2026-07-29T14:18:15Z,168,5.9,0,0.1,0.011,29.47,True
3368,2026-07-29T14:20:15Z,179,5.3,0,0.1,0.011,29.47,True
3369,2026-07-29T14:21:15Z,180,6.5,0,0.1,0.011,29.47,True
3370,2026-07-29T14:22:15Z,176,5.1,0,0.1,0.011,29.47,True
3371,2026-07-29T14:23:15Z,182,4.7,0,0.1,0.011,29.47,True
3372,2026-07-29T14:24:15Z,172,4.4,0,0.1,0.022,29.47,True
3373,2026-07-29T14:25:15Z,180,3.8,0,0.1,0.022,29.47,True
3374,2026-07-29T14:26:15Z,179,6.7,0,0.1,0.022,29.47,True
3375,2026-07-29T14:27:15Z,182,5.5,0,0.1,0.022,29.47,True
3376,2026-07-29T14:28:15Z,180,4.7,0,0.1,0.011,29.47,True
3377,2026-07-29T14:29:15Z,179,7.5,0,0.1,0.011,29.47,True
3378,2026-07-29T14:30:15Z,180,7,0,0.1,0.022,29.47,True
3379,2026-07-29T14:31:15Z,162,3.2,0,0.1,0.022,29.47,True
3380,2026-07-29T14:32:15Z,178,5.9,0,0.1,0,29.47,False
3381,2026-07-29T14:33:15Z,179,6.4,0,0.1,0.011,29.47,True
3382,2026-07-29T14:34:15Z,180,5.8,0,0.1,0,29.47,False
3383,2026-07-29T14:35:15Z,174,5.6,0,0.1,0,29.47,False
3384,2026-07-29T14:36:15Z,179,8.1,0,0.1,0,29.47,False
3385,2026-07-29T14:37:15Z,179,9.800000000000001,0,0.1,0,29.47,False
3386,2026-07-29T14:38:15Z,179,6.5,0,0.1,0,29.47,False
3387,2026-07-29T14:39:15Z,180,9,0,0.1,0.011,29.47,True
3388,2026-07-29T14:40:15Z,176,7.7,0,0.1,0,29.47,False
3389,2026-07-29T14:41:15Z,179,6.6,0,0.1,0,29.47,False
3390,2026-07-29T14:42:15Z,180,8.9,0,0.1,0,29.47,False
3391,2026-07-29T14:43:15Z,180,7.3,0,0.1,0,29.47,False
3392,2026-07-29T14:44:15Z,177,6.7,0,0.1,0,29.47,False
3393,2026-07-29T14:47:15Z,177,6.9,0,0.1,0,29.47,False
3394,2026-07-29T14:49:15Z,176,5.4,0,0.1,0,29.46,False
3395,2026-07-29T14:51:15Z,179,7.6,0,0.1,0,29.46,False
3396,2026-07-29T14:52:15Z,180,5.9,0,0.1,0,29.46,False
3397,2026-07-29T14:53:15Z,180,7.1,0,0.1,0,29.46,False
3398,2026-07-29T14:54:15Z,180,6.2,0,0.1,0,29.46,False
3399,2026-07-29T14:55:15Z,179,6.9,0,0.1,0,29.46,False
3400,2026-07-29T14:56:15Z,180,7.6,0,0.1,0,29.46,False
3401,2026-07-29T14:57:15Z,180,6.9,0,0.1,0,29.46,False
3402,2026-07-29T14:58:15Z,180,7.4,0,0.1,0,29.46,False
3403,2026-07-29T14:59:15Z,176,5.9,0,0.1,0,29.46,False
3404,2026-07-29T15:01:15Z,179,6,0,0.1,0,29.46,False
3405,2026-07-29T15:02:15Z,179,6.3,0,0.1,0,29.46,False
3406,2026-07-29T15:03:15Z,176,6,0,0.1,0,29.46,False
3407,2026-07-29T15:04:15Z,177,6,0,0.1,0,29.46,False
3408,2026-07-29T15:05:15Z,174,10.4,0,0.1,0,29.46,False
3409,2026-07-29T15:06:15Z,178,9.699999999999999,0,0.1,0,29.46,False
3410,2026-07-29T15:07:15Z,180,9.199999999999999,0,0.1,0,29.45,False
3411,2026-07-29T15:08:15Z,175,9.300000000000001,0,0.1,0,29.46,False
3412,2026-07-29T15:10:15Z,169,5.2,0,0.1,0,29.46,False
3413,2026-07-29T15:11:15Z,180,5.3,0,0.1,0,29.46,False
3414,2026-07-29T15:12:15Z,179,7.9,0,0.1,0,29.46,False
3415,2026-07-29T15:13:15Z,180,7.3,0,0.1,0,29.46,False
3416,2026-07-29T15:14:15Z,179,8.5,0,0.1,0,29.46,False
3417,2026-07-29T15:15:15Z,179,6.5,0,0.1,0,29.45,False
3418,2026-07-29T15:16:15Z,179,4,0,0.1,0,29.45,False
3419,2026-07-29T15:17:15Z,179,3.9,0,0.1,0,29.45,False
3420,2026-07-29T15:18:15Z,174,4.2,0,0.1,0,29.46,False
3421,2026-07-29T15:19:15Z,179,9.199999999999999,0,0.1,0,29.46,False
3422,2026-07-29T15:20:15Z,180,7.6,0,0.1,0,29.46,False
3423,2026-07-29T15:21:15Z,179,10.2,0,0.1,0,29.45,False
3424,2026-07-29T15:22:15Z,180,8.199999999999999,0,0.1,0,29.45,False
3425,2026-07-29T15:23:15Z,179,9.1,0,0.1,0,29.45,False
3426,2026-07-29T15:24:15Z,179,7.3,0,0.1,0,29.45,False
3427,2026-07-29T15:25:15Z,180,9,0,0.1,0,29.45,False
3428,2026-07-29T15:26:15Z,176,5.3,0,0.1,0,29.45,False
3429,2026-07-29T15:27:15Z,179,8.300000000000001,0,0.1,0,29.45,False
3430,2026-07-29T15:28:15Z,179,6.8,0,0.1,0,29.45,False
3431,2026-07-29T15:29:15Z,177,5.9,0,0.1,0,29.45,False
3432,2026-07-29T15:30:15Z,179,10,0,0.1,0,29.45,False
3433,2026-07-29T15:31:15Z,180,7.8,0,0.1,0,29.45,False
3434,2026-07-29T15:32:15Z,180,5.6,0,0.1,0,29.45,False
3435,2026-07-29T15:33:15Z,155,5.6,0,0.1,0,29.45,False
3436,2026-07-29T15:34:15Z,180,4.9,0,0.1,0,29.45,False
3437,2026-07-29T15:35:15Z,179,7.3,0,0.1,0,29.45,False
3438,2026-07-29T15:36:15Z,180,5.7,0,0.1,0,29.45,False
3439,2026-07-29T15:37:15Z,180,5.4,0,0.1,0,29.45,False
3440,2026-07-29T15:38:15Z,180,6.5,0,0.1,0,29.45,False
3441,2026-07-29T15:40:15Z,176,7.5,0,0.1,0,29.45,False
3442,2026-07-29T15:41:15Z,180,7.3,0,0.1,0,29.45,False
3443,2026-07-29T15:42:15Z,180,6.8,0,0.1,0,29.45,False
3444,2026-07-29T15:43:15Z,178,6.7,0,0.1,0,29.45,False
3445,2026-07-29T15:44:15Z,175,8,0,0.1,0,29.45,False
3446,2026-07-29T15:45:15Z,175,8.9,0,0.1,0,29.45,False
3447,2026-07-29T15:46:15Z,178,6.9,0,0.1,0,29.45,False
3448,2026-07-29T15:47:15Z,179,6.4,0,0.1,0,29.45,False
3449,2026-07-29T15:48:15Z,177,6.3,0,0.1,0,29.45,False
3450,2026-07-29T15:50:15Z,180,6.3,0,0.1,0,29.45,False
3451,2026-07-29T15:51:15Z,180,5.8,0,0.1,0,29.45,False
3452,2026-07-29T15:52:15Z,179,9.800000000000001,0,0.1,0,29.45,False
3453,2026-07-29T15:53:15Z,179,7.4,0,0.1,0,29.45,False
3454,2026-07-29T15:54:15Z,180,5,0,0.1,0,29.45,False
3455,2026-07-29T15:55:15Z,175,7.6,0,0.1,0,29.45,False
3456,2026-07-29T15:56:15Z,177,6.5,0,0.1,0,29.45,False
3457,2026-07-29T15:57:15Z,177,13,0,0.1,0,29.45,False
3458,2026-07-29T15:58:15Z,181,8.4,0,0.1,0,29.45,False
3459,2026-07-29T15:59:15Z,180,6.4,0,0.1,0,29.45,False
3460,2026-07-29T16:00:15Z,179,5.5,0,0.1,0,29.45,False
3461,2026-07-29T16:01:15Z,179,4.6,0,0.1,0,29.45,False
3462,2026-07-29T16:02:15Z,163,5.1,0,0.1,0,29.45,False
3463,2026-07-29T16:03:15Z,178,6.7,0,0.1,0,29.45,False
3464,2026-07-29T16:04:15Z,179,6.4,0,0.1,0,29.45,False
3465,2026-07-29T16:05:15Z,179,7.9,0,0.1,0,29.45,False
3466,2026-07-29T16:06:15Z,179,5,0,0.1,0,29.45,False
3467,2026-07-29T16:07:15Z,174,6,0,0.1,0,29.45,False
3468,2026-07-29T16:08:15Z,178,8,0,0.1,0,29.45,False
3469,2026-07-29T16:10:15Z,180,7.5,0,0.1,0,29.45,False
3470,2026-07-29T16:11:15Z,180,8.6,0,0.1,0,29.45,False
3471,2026-07-29T16:12:15Z,180,7.9,0,0.1,0,29.45,False
3472,2026-07-29T16:13:15Z,179,6.2,0,0.1,0.011,29.45,True
3473,2026-07-29T16:14:15Z,179,7.5,0,0.1,0,29.45,False
3474,2026-07-29T16:15:15Z,176,6.7,0,0.1,0,29.45,False
3475,2026-07-29T16:16:15Z,175,8.300000000000001,0,0.1,0,29.45,False
3476,2026-07-29T16:17:15Z,180,6.7,0,0.1,0,29.45,False
3477,2026-07-29T16:18:15Z,180,6.2,0,0.1,0.011,29.45,True
3478,2026-07-29T16:20:15Z,180,4.8,0,0.1,0,29.45,False
3479,2026-07-29T16:21:15Z,180,6.9,0,0.1,0,29.45,False
3480,2026-07-29T16:22:15Z,180,5.8,0,0.1,0,29.45,False
3481,2026-07-29T16:23:15Z,179,8.300000000000001,0,0.1,0,29.45,False
3482,2026-07-29T16:24:15Z,180,5.9,0,0.1,0,29.45,False
3483,2026-07-29T16:25:15Z,180,7,0,0.1,0,29.45,False
3484,2026-07-29T16:26:15Z,179,9,0,0.1,0,29.45,False
3485,2026-07-29T16:27:15Z,180,8.800000000000001,0,0.1,0,29.45,False
3486,2026-07-29T16:28:15Z,180,6.6,0,0.1,0,29.45,False
3487,2026-07-29T16:29:15Z,184,4.1,0,0.1,0,29.45,False
3488,2026-07-29T16:31:15Z,176,5.7,0,0.1,0,29.45,False
3489,2026-07-29T16:32:15Z,179,4.7,0,0.1,0,29.45,False
3490,2026-07-29T16:33:15Z,180,7.2,0,0.1,0,29.45,False
3491,2026-07-29T16:34:15Z,180,6.1,0,0.1,0,29.45,False
3492,2026-07-29T16:35:15Z,179,5.4,0,0.1,0,29.45,False
3493,2026-07-29T16:36:15Z,179,5,0,0.1,0,29.45,False
3494,2026-07-29T16:37:15Z,180,5.7,0,0.1,0,29.44,False
3495,2026-07-29T16:38:15Z,180,4.9,0,0.1,0,29.45,False
3496,2026-07-29T16:40:15Z,180,5.9,0,0.1,0,29.45,False
3497,2026-07-29T16:41:15Z,180,5.8,0,0.1,0,29.45,False
3498,2026-07-29T16:42:15Z,177,5.8,0,0.1,0,29.44,False
3499,2026-07-29T16:43:15Z,182,5.6,0,0.1,0,29.45,False
3500,2026-07-29T16:44:15Z,180,5.8,0,0.1,0,29.45,False
3501,2026-07-29T16:45:15Z,180,11.5,0,0.1,0,29.45,False
3502,2026-07-29T16:46:15Z,180,12.7,0,0.1,0,29.45,False
3503,2026-07-29T16:47:15Z,179,10.8,0,0.1,0.011,29.44,True
3504,2026-07-29T16:48:15Z,178,8.300000000000001,0,0.1,0,29.44,False
3505,2026-07-29T16:49:15Z,182,11.4,0,0.1,0,29.44,False
3506,2026-07-29T16:50:15Z,178,10.9,0,0.1,0.011,29.44,True
3507,2026-07-29T16:51:15Z,180,11.6,0,0.1,0,29.44,False
3508,2026-07-29T16:52:15Z,180,11.1,0,0.1,0,29.44,False
3509,2026-07-29T16:53:15Z,180,12.7,0,0.1,0,29.44,False
3510,2026-07-29T16:54:15Z,180,15,0,0.1,0,29.44,False
3511,2026-07-29T16:55:15Z,180,10.5,0,0.1,0.011,29.44,True
3512,2026-07-29T16:56:15Z,179,10,0,0.1,0,29.44,False
3513,2026-07-29T16:57:15Z,180,13.4,0,0.1,0,29.44,False
3514,2026-07-29T16:58:15Z,180,10.3,0,0.1,0,29.44,False
3515,2026-07-29T16:59:15Z,178,6.9,0,0.1,0.011,29.44,True
3516,2026-07-29T17:01:15Z,178,8.800000000000001,0,0.1,0,29.44,False
3517,2026-07-29T17:02:15Z,179,7.7,0,0.1,0,29.44,False
3518,2026-07-29T17:03:15Z,178,9.1,0,0.1,0,29.44,False
3519,2026-07-29T17:04:15Z,179,10.4,0,0.1,0,29.44,False
3520,2026-07-29T17:05:15Z,180,9.199999999999999,0,0.1,0,29.44,False
3521,2026-07-29T17:06:15Z,180,7.4,0,0.1,0,29.44,False
3522,2026-07-29T17:07:15Z,170,6,0,0.1,0,29.44,False
3523,2026-07-29T17:08:15Z,179,11.4,0,0.1,0,29.44,False
3524,2026-07-29T17:10:15Z,178,9.4,0,0.1,0.011,29.44,True
3525,2026-07-29T17:11:15Z,178,6.3,0,0.1,0,29.44,False
3526,2026-07-29T17:12:15Z,179,7,0,0.1,0,29.44,False
3527,2026-07-29T17:13:15Z,179,5.7,0,0.1,0.011,29.43,True
3528,2026-07-29T17:14:15Z,179,6,0,0.1,0,29.43,False
3529,2026-07-29T17:15:15Z,179,7,0,0.1,0,29.43,False
3530,2026-07-29T17:16:15Z,179,7.8,0,0.1,0,29.43,False
3531,2026-07-29T17:17:15Z,178,5.5,0,0.1,0,29.43,False
3532,2026-07-29T17:18:15Z,160,3.9,0,0.1,0,29.43,False
3533,2026-07-29T17:19:15Z,171,7.7,0,0.1,0.011,29.43,True
3534,2026-07-29T17:20:15Z,179,6.1,0,0.1,0,29.43,False
3535,2026-07-29T17:21:15Z,170,4.1,0,0.1,0.011,29.43,True
3536,2026-07-29T17:22:15Z,179,5.4,0,0.1,0,29.43,False
3537,2026-07-29T17:23:15Z,180,6.6,0,0.1,0,29.43,False
3538,2026-07-29T17:24:15Z,179,8.800000000000001,0,0.1,0,29.43,False
3539,2026-07-29T17:25:15Z,179,7.6,0,0.1,0,29.43,False
3540,2026-07-29T17:26:15Z,182,9.1,0,0.1,0.011,29.43,True
3541,2026-07-29T17:27:15Z,180,7.5,0,0.1,0,29.43,False
3542,2026-07-29T17:28:15Z,182,7.1,0,0.1,0,29.43,False
3543,2026-07-29T17:30:15Z,178,8.300000000000001,0,0.1,0,29.44,False
3544,2026-07-29T17:31:15Z,179,7,0,0.1,0,29.43,False
3545,2026-07-29T17:32:15Z,180,5.9,0,0.1,0,29.43,False
3546,2026-07-29T17:33:15Z,179,6.3,0,0.1,0,29.43,False
3547,2026-07-29T17:34:15Z,179,7,0,0.1,0.011,29.43,True
3548,2026-07-29T17:35:15Z,180,6,0,0.1,0,29.43,False
3549,2026-07-29T17:36:15Z,180,5.6,0,0.1,0,29.43,False
3550,2026-07-29T17:37:15Z,176,5.2,0,0.1,0.011,29.43,True
3551,2026-07-29T17:38:15Z,180,7.1,0,0.1,0.011,29.43,True
3552,2026-07-29T17:40:15Z,179,4.4,0,0.1,0.011,29.43,True
3553,2026-07-29T17:41:15Z,179,5.7,0,0.1,0,29.43,False
3554,2026-07-29T17:42:15Z,180,8,0,0.1,0,29.43,False
3555,2026-07-29T17:43:15Z,180,5.4,0,0.1,0,29.43,False
3556,2026-07-29T17:44:15Z,179,5.3,0,0.1,0.011,29.43,True
3557,2026-07-29T17:45:15Z,179,8,0,0.1,0,29.43,False
3558,2026-07-29T17:46:15Z,178,6.6,0,0.1,0,29.43,False
3559,2026-07-29T17:47:15Z,170,5.8,0,0.1,0,29.43,False
3560,2026-07-29T17:48:15Z,179,6.5,0,0.1,0,29.43,False
3561,2026-07-29T17:49:15Z,179,7.7,0,0.1,0,29.43,False
3562,2026-07-29T17:51:15Z,176,4.6,0,0.1,0,29.43,False
3563,2026-07-29T17:52:15Z,180,3.1,0,0.1,0,29.43,False
3564,2026-07-29T17:53:15Z,180,6.9,0,0.1,0,29.43,False
3565,2026-07-29T17:54:15Z,184,6.1,0,0.1,0,29.43,False
3566,2026-07-29T17:55:15Z,171,5.7,0,0.1,0,29.43,False
3567,2026-07-29T17:56:15Z,176,9.4,0,0.1,0,29.43,False
3568,2026-07-29T17:57:15Z,179,9.6,0,0.1,0,29.43,False
3569,2026-07-29T17:58:15Z,177,10.3,0,0.1,0,29.43,False
3570,2026-07-29T17:59:15Z,177,8.199999999999999,0,0.1,0,29.43,False
3571,2026-07-29T18:00:15Z,171,5.4,0,0.1,0,29.44,False
3572,2026-07-29T18:01:15Z,182,5.8,0,0.1,0,29.44,False
3573,2026-07-29T18:02:15Z,172,3.6,0,0.1,0.011,29.44,True
3574,2026-07-29T18:03:15Z,154,3.3,0,0.1,0,29.44,False
3575,2026-07-29T18:04:15Z,174,6.9,0,0.1,0,29.44,False
3576,2026-07-29T18:05:15Z,163,4.2,0,0.1,0,29.44,False
3577,2026-07-29T18:06:15Z,179,5.1,0,0.1,0,29.44,False
3578,2026-07-29T18:07:15Z,163,3.2,0,0.1,0,29.44,False
3579,2026-07-29T18:08:15Z,173,4,0,0.1,0,29.44,False
3580,2026-07-29T18:09:15Z,180,7.1,0,0.1,0,29.44,False
3581,2026-07-29T18:10:15Z,180,7.6,0,0.1,0.011,29.44,True
3582,2026-07-29T18:11:15Z,178,6.4,0,0.1,0,29.44,False
3583,2026-07-29T18:12:15Z,182,3.8,0,0.1,0.011,29.44,True
3584,2026-07-29T18:13:15Z,178,8.699999999999999,0,0.1,0,29.44,False
3585,2026-07-29T18:14:15Z,179,5.1,0,0.1,0.011,29.44,True
3586,2026-07-29T18:15:15Z,180,5.4,0,0.1,0,29.44,False
3587,2026-07-29T18:16:15Z,174,4.5,0,0.1,0,29.44,False
3588,2026-07-29T18:17:15Z,180,6.9,0,0.1,0,29.44,False
3589,2026-07-29T18:18:15Z,180,4.7,0,0.1,0,29.44,False
3590,2026-07-29T18:20:15Z,179,4.7,0,0.1,0.011,29.44,True
3591,2026-07-29T18:21:15Z,173,2.5,0,0.1,0,29.44,False
3592,2026-07-29T18:22:15Z,177,5.2,0,0.1,0,29.44,False
3593,2026-07-29T18:23:15Z,184,3.1,0,0.1,0,29.44,False
3594,2026-07-29T18:24:15Z,178,4.5,0,0.1,0,29.44,False
3595,2026-07-29T18:25:15Z,161,2.6,0,0.1,0.011,29.44,True
3596,2026-07-29T18:26:15Z,163,2.1,0,0.1,0,29.44,False
3597,2026-07-29T18:27:15Z,176,2.6,0,0.1,0,29.44,False
3598,2026-07-29T18:28:15Z,177,2.6,0,0.1,0,29.44,False
3599,2026-07-29T18:30:15Z,168,1.7,0,0.1,0,29.44,False
3600,2026-07-29T18:31:15Z,178,5,0,0.1,0,29.44,False
3601,2026-07-29T18:32:15Z,170,3.4,0,0.1,0,29.44,False
3602,2026-07-29T18:33:15Z,180,4.2,0,0.1,0,29.44,False
3603,2026-07-29T18:34:15Z,177,4.1,0,0.1,0,29.44,False
3604,2026-07-29T18:35:15Z,175,4.5,0,0.1,0,29.44,False
3605,2026-07-29T18:36:15Z,177,4.4,0,0.1,0,29.44,False
3606,2026-07-29T18:37:15Z,180,6.7,0,0.1,0,29.44,False
3607,2026-07-29T18:38:15Z,180,6.3,0,0.1,0,29.44,False
3608,2026-07-29T18:40:15Z,169,3.7,0,0.1,0,29.44,False
3609,2026-07-29T18:41:15Z,180,6,0,0.1,0,29.44,False
3610,2026-07-29T18:42:15Z,179,13.3,0,0.1,0,29.44,False
3611,2026-07-29T18:43:15Z,179,9.5,0,0.1,0,29.44,False
3612,2026-07-29T18:44:15Z,179,5.6,0,0.1,0,29.44,False
3613,2026-07-29T18:45:15Z,180,5.5,0,0.1,0,29.44,False
3614,2026-07-29T18:46:15Z,180,4.8,0,0.1,0,29.44,False
3615,2026-07-29T18:47:15Z,176,4.4,0,0.1,0,29.44,False
3616,2026-07-29T18:48:15Z,179,5.4,0,0.1,0,29.44,False
3617,2026-07-29T18:50:15Z,175,5.2,0,0.1,0,29.44,False
3618,2026-07-29T18:51:15Z,180,5.7,0,0.1,0,29.44,False
3619,2026-07-29T18:52:15Z,182,4,0,0.1,0,29.44,False
3620,2026-07-29T18:53:15Z,180,5.4,0,0.1,0,29.44,False
3621,2026-07-29T18:54:15Z,180,5.7,0,0.1,0,29.44,False
3622,2026-07-29T18:55:15Z,176,5.1,0,0.1,0,29.44,False
3623,2026-07-29T18:56:15Z,180,8.800000000000001,0,0.1,0,29.44,False
3624,2026-07-29T18:57:15Z,180,6.3,0,0.1,0,29.44,False
3625,2026-07-29T18:58:15Z,182,7.1,0,0.1,0.011,29.44,True
3626,2026-07-29T18:59:15Z,180,6.6,0,0.1,0.011,29.44,True
3627,2026-07-29T19:01:15Z,180,2.2,0,0.1,0,29.44,False
3628,2026-07-29T19:02:15Z,176,2.5,0,0.1,0,29.44,False
3629,2026-07-29T19:03:15Z,173,3.6,0,0.1,0,29.44,False
3630,2026-07-29T19:04:15Z,179,4.4,0,0.1,0,29.44,False
3631,2026-07-29T19:05:15Z,176,5.4,0,0.1,0,29.44,False
3632,2026-07-29T19:06:15Z,172,4.9,0,0.1,0.011,29.44,True
3633,2026-07-29T19:07:15Z,179,4.4,0,0.1,0,29.44,False
3634,2026-07-29T19:08:15Z,179,4.5,0,0.1,0.011,29.44,True
3635,2026-07-29T19:09:15Z,178,6.2,0,0.1,0,29.45,False
3636,2026-07-29T19:11:15Z,173,4.9,0,0.1,0.011,29.45,True
3637,2026-07-29T19:12:15Z,179,4.9,0,0.1,0.011,29.45,True
3638,2026-07-29T19:13:15Z,179,5.2,0,0.1,0,29.44,False
3639,2026-07-29T19:14:15Z,179,4.8,0,0.1,0,29.44,False
3640,2026-07-29T19:15:15Z,176,9.6,0,0.1,0,29.44,False
3641,2026-07-29T19:16:15Z,178,8.5,0,0.1,0,29.45,False
3642,2026-07-29T19:17:15Z,178,7.1,0,0.1,0,29.45,False
3643,2026-07-29T19:18:15Z,175,6.5,0,0.1,0,29.45,False
3644,2026-07-29T19:19:15Z,171,4.3,0,0.1,0,29.45,False
3645,2026-07-29T19:20:15Z,178,8.6,0,0.1,0.011,29.45,True
3646,2026-07-29T19:21:15Z,179,8.6,0,0.1,0,29.45,False
3647,2026-07-29T19:22:15Z,178,7,0,0.1,0,29.45,False
3648,2026-07-29T19:23:15Z,173,5.5,0,0.1,0,29.45,False
3649,2026-07-29T19:24:15Z,182,5.6,0,0.1,0,29.45,False
3650,2026-07-29T19:25:15Z,169,2.2,0,0.1,0,29.45,False
3651,2026-07-29T19:26:15Z,180,4.9,0,0.1,0,29.45,False
3652,2026-07-29T19:27:15Z,178,4.6,0,0.1,0,29.45,False
3653,2026-07-29T19:28:15Z,180,3.8,0,0.1,0.011,29.45,True
3654,2026-07-29T19:29:15Z,179,3.2,0,0.1,0,29.45,False
3655,2026-07-29T19:30:15Z,180,5.1,0,0.1,0,29.45,False
3656,2026-07-29T19:31:15Z,177,4.7,0,0.1,0,29.45,False
3657,2026-07-29T19:32:15Z,182,3.8,0,0.1,0,29.45,False
3658,2026-07-29T19:33:15Z,174,3.4,0,0.1,0,29.45,False
3659,2026-07-29T19:34:15Z,180,2.7,0,0.1,0,29.45,False
3660,2026-07-29T19:35:15Z,173,4.2,0,0.1,0,29.45,False
3661,2026-07-29T19:36:15Z,179,1.8,0,0.1,0,29.45,False
3662,2026-07-29T19:37:15Z,162,2.7,0,0.1,0,29.45,False
3663,2026-07-29T19:38:15Z,156,2,0,0.1,0,29.45,False
3664,2026-07-29T19:40:15Z,163,2.5,0,0.1,0,29.45,False
3665,2026-07-29T19:41:15Z,180,2.7,0,0.1,0,29.45,False
3666,2026-07-29T19:42:15Z,164,4.8,0,0.1,0,29.45,False
3667,2026-07-29T19:43:15Z,173,5.2,0,0.1,0,29.45,False
3668,2026-07-29T19:44:15Z,179,7.1,0,0.1,0,29.45,False
3669,2026-07-29T19:45:15Z,174,5.5,0,0.1,0,29.45,False
3670,2026-07-29T19:46:15Z,180,6.1,0,0.1,0,29.45,False
3671,2026-07-29T19:47:15Z,179,6.6,0,0.1,0,29.45,False
3672,2026-07-29T19:48:15Z,180,4.8,0,0.1,0,29.45,False
3673,2026-07-29T19:50:15Z,179,7,0,0.1,0,29.45,False
3674,2026-07-29T19:51:15Z,179,3.9,0,0.1,0,29.45,False
3675,2026-07-29T19:52:15Z,179,4.7,0,0.1,0,29.45,False
3676,2026-07-29T19:53:15Z,179,7.9,0,0.1,0,29.45,False
3677,2026-07-29T19:54:15Z,178,8.199999999999999,0,0.1,0,29.45,False
3678,2026-07-29T19:55:15Z,178,6.6,0,0.1,0,29.45,False
3679,2026-07-29T19:56:15Z,180,5.8,0,0.1,0,29.45,False
3680,2026-07-29T19:57:15Z,179,5,0,0.1,0,29.45,False
3681,2026-07-29T19:58:15Z,179,5.3,0,0.1,0,29.45,False
3682,2026-07-29T19:59:15Z,179,5.3,0,0.1,0,29.45,False
3683,2026-07-29T20:00:15Z,178,4,0,0.1,0,29.45,False
3684,2026-07-29T20:01:15Z,177,3.6,0,0.1,0,29.45,False
3685,2026-07-29T20:02:15Z,180,4.9,0,0.1,0,29.45,False
3686,2026-07-29T20:03:15Z,179,4.1,0,0.1,0,29.45,False
3687,2026-07-29T20:04:15Z,179,4.2,0,0.1,0,29.45,False
3688,2026-07-29T20:05:15Z,179,4.3,0,0.1,0,29.45,False
3689,2026-07-29T20:06:15Z,156,3.2,0,0.1,0,29.45,False
3690,2026-07-29T20:07:15Z,173,4.6,0,0.1,0,29.45,False
3691,2026-07-29T20:08:15Z,178,4.8,0,0.1,0,29.45,False
3692,2026-07-29T20:09:15Z,116,4.7,0,0.1,0,29.45,False
3693,2026-07-29T20:10:15Z,179,11.1,0,0.1,0,29.45,False
3694,2026-07-29T20:11:15Z,177,6,0,0.1,0,29.45,False
3695,2026-07-29T20:12:15Z,176,4.5,0,0.1,0,29.45,False
3696,2026-07-29T20:13:15Z,170,4.9,0,0.1,0,29.45,False
3697,2026-07-29T20:14:15Z,175,5,0,0.1,0,29.45,False
3698,2026-07-29T20:15:15Z,179,5.4,0,0.1,0,29.45,False
3699,2026-07-29T20:16:15Z,177,4.6,0,0.1,0,29.45,False
3700,2026-07-29T20:17:15Z,108,2.2,0,0.1,0,29.45,False
3701,2026-07-29T20:18:15Z,179,3.2,0,0.1,0,29.45,False
3702,2026-07-29T20:19:15Z,179,4,0,0.1,0,29.45,False
3703,2026-07-29T20:20:15Z,176,3.2,0,0.1,0,29.45,False
3704,2026-07-29T20:21:15Z,177,7.4,0,0.1,0,29.45,False
3705,2026-07-29T20:22:15Z,179,7.1,0,0.1,0,29.45,False
3706,2026-07-29T20:23:15Z,180,6.9,0,0.1,0,29.45,False
3707,2026-07-29T20:24:15Z,178,7.5,0,0.1,0,29.45,False
3708,2026-07-29T20:25:15Z,179,7.3,0,0.1,0,29.45,False
3709,2026-07-29T20:26:15Z,180,6.8,0,0.1,0,29.45,False
3710,2026-07-29T20:27:15Z,179,8.300000000000001,0,0.1,0,29.45,False
3711,2026-07-29T20:28:15Z,180,4.5,0,0.1,0,29.45,False
3712,2026-07-29T20:29:15Z,179,8.699999999999999,0,0.1,0,29.45,False
3713,2026-07-29T20:31:15Z,179,4.6,0,0.1,0,29.45,False
3714,2026-07-29T20:32:15Z,179,5.8,0,0.1,0,29.45,False
3715,2026-07-29T20:33:15Z,179,4.2,0,0.1,0,29.45,False
3716,2026-07-29T20:34:15Z,176,5.7,0,0.1,0,29.45,False
3717,2026-07-29T20:35:15Z,177,5,0,0.1,0,29.45,False
3718,2026-07-29T20:36:15Z,180,4.1,0,0.1,0,29.45,False
3719,2026-07-29T20:37:15Z,179,5.5,0,0.1,0,29.45,False
3720,2026-07-29T20:38:15Z,180,5.9,0,0.1,0,29.45,False
3721,2026-07-29T20:40:15Z,179,4.7,0,0.1,0,29.45,False
3722,2026-07-29T20:41:15Z,179,6.4,0,0.1,0,29.45,False
3723,2026-07-29T20:42:15Z,180,4.5,0,0.1,0,29.45,False
3724,2026-07-29T20:43:15Z,179,4.7,0,0.1,0,29.45,False
3725,2026-07-29T20:44:15Z,179,4.9,0,0.1,0,29.45,False
3726,2026-07-29T20:45:15Z,176,4.9,0,0.1,0,29.45,False
3727,2026-07-29T20:46:15Z,180,4.8,0,0.1,0,29.45,False
3728,2026-07-29T20:47:15Z,177,5.3,0,0.1,0,29.45,False
3729,2026-07-29T20:48:15Z,177,6.8,0,0.1,0,29.45,False
3730,2026-07-29T20:49:15Z,179,5.5,0,0.1,0,29.45,False
3731,2026-07-29T20:50:15Z,180,4.5,0,0.1,0,29.45,False
3732,2026-07-29T20:51:15Z,180,4.2,0,0.1,0,29.45,False
3733,2026-07-29T20:52:15Z,178,6.8,0,0.1,0,29.45,False
3734,2026-07-29T20:53:15Z,178,6.4,0,0.1,0,29.45,False
3735,2026-07-29T20:54:15Z,178,6.1,0,0.1,0,29.45,False
3736,2026-07-29T20:55:15Z,180,7,0,0.1,0,29.44,False
3737,2026-07-29T20:56:15Z,180,7.3,0,0.1,0,29.44,False
3738,2026-07-29T20:57:15Z,180,6.6,0,0.1,0,29.44,False
3739,2026-07-29T20:58:15Z,180,11.4,0,0.1,0,29.44,False
3740,2026-07-29T20:59:15Z,180,6.9,0,0.1,0,29.44,False
3741,2026-07-29T21:00:15Z,178,10.5,0,0.1,0,29.44,False
3742,2026-07-29T21:01:15Z,180,7.2,0,0.1,0,29.45,False
3743,2026-07-29T21:02:15Z,180,8.1,0,0.1,0,29.45,False
3744,2026-07-29T21:03:15Z,179,9.1,0,0.1,0,29.45,False
3745,2026-07-29T21:04:15Z,179,9.300000000000001,0,0.1,0,29.45,False
3746,2026-07-29T21:05:15Z,180,4.5,0,0.1,0,29.45,False
3747,2026-07-29T21:06:15Z,180,4,0,0.1,0,29.45,False
3748,2026-07-29T21:07:15Z,179,6.6,0,0.1,0,29.45,False
3749,2026-07-29T21:08:15Z,180,5.2,0,0.1,0,29.45,False
3750,2026-07-29T21:10:15Z,180,6.1,0,0.1,0,29.45,False
3751,2026-07-29T21:11:15Z,180,9.300000000000001,0,0.1,0,29.45,False
3752,2026-07-29T21:12:15Z,179,13.3,0,0.1,0,29.45,False
3753,2026-07-29T21:13:15Z,179,9.800000000000001,0,0.1,0,29.45,False
3754,2026-07-29T21:14:15Z,174,3.3,0,0.1,0,29.45,False
3755,2026-07-29T21:15:15Z,178,7.2,0,0.1,0,29.45,False
3756,2026-07-29T21:16:15Z,179,6.4,0,0.1,0,29.45,False
3757,2026-07-29T21:17:15Z,179,4.8,0,0.1,0,29.45,False
3758,2026-07-29T21:18:15Z,180,4.5,0,0.1,0,29.45,False
3759,2026-07-29T21:20:15Z,180,5.5,0,0.1,0,29.46,False
3760,2026-07-29T21:21:15Z,180,6.9,0,0.1,0,29.46,False
3761,2026-07-29T21:22:15Z,178,7.4,0,0.1,0,29.46,False
3762,2026-07-29T21:23:15Z,180,8,0,0.1,0,29.46,False
3763,2026-07-29T21:24:15Z,180,6.2,0,0.1,0,29.46,False
3764,2026-07-29T21:25:15Z,180,8.6,0,0.1,0,29.46,False
3765,2026-07-29T21:26:15Z,179,9.5,0,0.1,0,29.46,False
3766,2026-07-29T21:27:15Z,179,5.3,0,0.1,0,29.46,False
3767,2026-07-29T21:28:15Z,176,6.5,0,0.1,0,29.46,False
3768,2026-07-29T21:29:15Z,181,6.9,0,0.1,0,29.46,False
3769,2026-07-29T21:30:15Z,180,11.3,0,0.1,0,29.46,False
3770,2026-07-29T21:31:15Z,182,8.6,0,0.1,0,29.46,False
3771,2026-07-29T21:32:15Z,179,6.7,0,0.1,0,29.46,False
3772,2026-07-29T21:33:15Z,180,6.3,0,0.1,0,29.46,False
3773,2026-07-29T21:34:15Z,180,6.9,0,0.1,0,29.46,False
3774,2026-07-29T21:35:15Z,179,9.800000000000001,0,0.1,0,29.46,False
3775,2026-07-29T21:36:15Z,178,9.4,0,0.1,0,29.46,False
3776,2026-07-29T21:37:15Z,179,8.6,0,0.1,0,29.46,False
3777,2026-07-29T21:38:15Z,179,6.2,0,0.1,0,29.46,False
3778,2026-07-29T21:40:15Z,179,9.9,0,0.1,0,29.46,False
3779,2026-07-29T21:41:15Z,180,13.2,0,0.1,0,29.46,False
3780,2026-07-29T21:42:15Z,180,7.7,0,0.1,0,29.46,False
3781,2026-07-29T21:43:15Z,180,10.7,0,0.1,0.011,29.46,True
3782,2026-07-29T21:44:15Z,179,8.699999999999999,0,0.1,0,29.46,False
3783,2026-07-29T21:45:15Z,180,11.3,0,0.1,0,29.46,False
3784,2026-07-29T21:46:15Z,180,8.4,0,0.1,0,29.46,False
3785,2026-07-29T21:47:15Z,180,8.300000000000001,0,0.1,0,29.46,False
3786,2026-07-29T21:48:15Z,179,7.7,0,0.1,0,29.46,False
3787,2026-07-29T21:50:15Z,179,11.3,0,0.1,0,29.46,False
3788,2026-07-29T21:51:15Z,180,12.2,0,0.1,0,29.46,False
3789,2026-07-29T21:52:15Z,176,8.199999999999999,0,0.1,0,29.46,False
3790,2026-07-29T21:53:15Z,180,6.1,0,0.1,0,29.46,False
3791,2026-07-29T21:54:15Z,179,5.4,0,0.1,0,29.46,False
3792,2026-07-29T21:55:15Z,180,6.9,0,0.1,0,29.46,False
3793,2026-07-29T21:56:15Z,175,6,0,0.1,0,29.46,False
3794,2026-07-29T21:57:15Z,180,5.5,0,0.1,0,29.46,False
3795,2026-07-29T21:58:15Z,179,6,0,0.1,0,29.46,False
3796,2026-07-29T21:59:15Z,180,5.4,0,0.1,0,29.46,False
3797,2026-07-29T22:00:15Z,180,5.9,0,0.1,0,29.46,False
3798,2026-07-29T22:01:15Z,180,5.8,0,0.1,0,29.46,False
3799,2026-07-29T22:02:15Z,179,8.6,0,0.1,0,29.46,False
3800,2026-07-29T22:03:15Z,179,10.1,0,0.1,0,29.46,False
3801,2026-07-29T22:04:15Z,177,10.4,0,0.1,0,29.46,False
3802,2026-07-29T22:05:15Z,179,13.8,0,0.1,0,29.46,False
3803,2026-07-29T22:06:15Z,176,11,0,0.1,0,29.46,False
3804,2026-07-29T22:07:15Z,180,10.5,0,0.1,0,29.46,False
3805,2026-07-29T22:08:16Z,178,10.2,0,0.1,0,29.46,False
3806,2026-07-29T22:10:15Z,182,7.1,0,0.1,0,29.46,False
3807,2026-07-29T22:11:15Z,177,5.5,0,0.1,0,29.46,False
3808,2026-07-29T22:12:15Z,179,4.7,0,0.1,0,29.46,False
3809,2026-07-29T22:13:15Z,180,6.6,0,0.1,0,29.46,False
3810,2026-07-29T22:14:15Z,178,4.9,0,0.1,0,29.47,False
3811,2026-07-29T22:15:15Z,177,11.7,0,0.1,0,29.47,False
3812,2026-07-29T22:16:15Z,180,11.3,0,0.1,0,29.46,False
3813,2026-07-29T22:17:15Z,180,7.1,0,0.1,0,29.46,False
3814,2026-07-29T22:18:15Z,180,8,0,0.1,0,29.47,False
3815,2026-07-29T22:20:15Z,180,7.9,0,0.1,0,29.47,False
3816,2026-07-29T22:21:15Z,179,5.4,0,0.1,0,29.46,False
3817,2026-07-29T22:22:15Z,177,5.5,0,0.1,0,29.47,False
3818,2026-07-29T22:23:15Z,179,5.5,0,0.1,0,29.47,False
3819,2026-07-29T22:24:15Z,179,7.5,0,0.1,0,29.47,False
3820,2026-07-29T22:25:15Z,179,4.2,0,0.1,0,29.47,False
3821,2026-07-29T22:26:15Z,179,5.4,0,0.1,0,29.46,False
3822,2026-07-29T22:27:15Z,180,5,0,0.1,0,29.46,False
3823,2026-07-29T22:28:15Z,180,6.8,0,0.1,0,29.46,False
3824,2026-07-29T22:29:15Z,180,10.6,0,0.1,0,29.46,False
3825,2026-07-29T22:31:15Z,180,16.5,0,0.1,0,29.47,False
3826,2026-07-29T22:32:15Z,180,10.5,0,0.1,0,29.46,False
3827,2026-07-29T22:33:15Z,182,8.699999999999999,0,0.1,0,29.46,False
3828,2026-07-29T22:34:15Z,179,9,0,0.1,0,29.47,False
3829,2026-07-29T22:35:15Z,178,9.6,0,0.1,0,29.47,False
3830,2026-07-29T22:36:15Z,177,7.5,0,0.1,0,29.47,False
3831,2026-07-29T22:37:15Z,180,10.1,0,0.1,0,29.47,False
3832,2026-07-29T22:38:15Z,178,6.4,0,0.1,0,29.47,False
3833,2026-07-29T22:40:15Z,180,8,0,0.1,0,29.47,False
3834,2026-07-29T22:41:15Z,180,10,0,0.1,0,29.47,False
3835,2026-07-29T22:42:15Z,179,7.7,0,0.1,0,29.47,False
3836,2026-07-29T22:43:15Z,178,8.699999999999999,0,0.1,0,29.47,False
3837,2026-07-29T22:44:15Z,166,7.2,0,0.1,0,29.47,False
3838,2026-07-29T22:45:15Z,179,5.5,0,0.1,0,29.47,False
3839,2026-07-29T22:46:15Z,180,7.9,0,0.1,0,29.47,False
3840,2026-07-29T22:47:15Z,179,10.1,0,0.1,0,29.47,False
3841,2026-07-29T22:48:15Z,180,9.1,0,0.1,0,29.47,False
3842,2026-07-29T22:50:15Z,179,12.6,0,0.1,0,29.47,False
3843,2026-07-29T22:51:15Z,179,11.8,0,0.1,0,29.47,False
3844,2026-07-29T22:52:15Z,179,11,0,0.1,0,29.47,False
3845,2026-07-29T22:53:15Z,179,12.4,0,0.1,0,29.47,False
3846,2026-07-29T22:54:15Z,180,13,0,0.1,0,29.47,False
3847,2026-07-29T22:55:15Z,180,11,0,0.1,0,29.47,False
3848,2026-07-29T22:56:15Z,179,7.6,0,0.1,0.011,29.47,True
3849,2026-07-29T22:57:15Z,180,9.300000000000001,0,0.1,0,29.47,False
3850,2026-07-29T22:58:15Z,178,10.7,0,0.1,0,29.47,False
3851,2026-07-29T22:59:15Z,180,10.9,0,0.1,0,29.47,False
3852,2026-07-29T23:01:15Z,179,8.9,0,0.1,0,29.47,False
3853,2026-07-29T23:02:15Z,179,7.3,0,0.1,0,29.47,False
3854,2026-07-29T23:03:15Z,180,13,0,0.1,0,29.47,False
3855,2026-07-29T23:04:15Z,180,12.8,0,0.1,0,29.47,False
3856,2026-07-29T23:05:15Z,173,4.7,0,0.1,0,29.47,False
3857,2026-07-29T23:06:15Z,179,8.4,0,0.1,0,29.47,False
3858,2026-07-29T23:07:15Z,178,11.1,0,0.1,0,29.47,False
3859,2026-07-29T23:08:15Z,178,10.7,0,0.1,0,29.47,False
3860,2026-07-29T23:09:15Z,180,11.7,0,0.1,0,29.47,False
3861,2026-07-29T23:10:15Z,180,9.9,0,0.1,0,29.47,False
3862,2026-07-29T23:11:15Z,180,5.5,0,0.1,0,29.47,False
3863,2026-07-29T23:12:15Z,179,9.1,0,0.1,0,29.47,False
3864,2026-07-29T23:13:15Z,179,12.1,0,0.1,0.011,29.47,True
3865,2026-07-29T23:14:15Z,180,8.6,0,0.1,0,29.47,False
3866,2026-07-29T23:15:15Z,177,5.8,0,0.1,0,29.47,False
3867,2026-07-29T23:16:15Z,178,5.2,0,0.1,0,29.48,False
3868,2026-07-29T23:17:15Z,180,6.6,0,0.1,0,29.48,False
3869,2026-07-29T23:18:15Z,175,5.9,0,0.1,0,29.48,False
3870,2026-07-29T23:19:15Z,179,4.7,0,0.1,0,29.48,False
3871,2026-07-29T23:20:15Z,178,4.7,0,0.1,0,29.48,False
3872,2026-07-29T23:21:15Z,180,7.7,0,0.1,0,29.48,False
3873,2026-07-29T23:22:15Z,180,7.5,0,0.1,0,29.48,False
3874,2026-07-29T23:23:15Z,180,8.4,0,0.1,0,29.48,False
3875,2026-07-29T23:24:15Z,176,6.1,0,0.1,0,29.48,False
3876,2026-07-29T23:25:15Z,179,6.9,0,0.1,0.011,29.48,True
3877,2026-07-29T23:26:15Z,179,7.9,0,0.1,0,29.48,False
3878,2026-07-29T23:27:15Z,180,7.5,0,0.1,0,29.48,False
3879,2026-07-29T23:28:15Z,180,5.6,0,0.1,0,29.48,False
3880,2026-07-29T23:29:15Z,179,5.8,0,0.1,0,29.48,False
3881,2026-07-29T23:30:15Z,180,6.6,0,0.1,0,29.48,False
3882,2026-07-29T23:31:15Z,180,6.4,0,0.1,0,29.48,False
3883,2026-07-29T23:32:15Z,179,6.1,0,0.1,0,29.48,False
3884,2026-07-29T23:33:15Z,177,5.5,0,0.1,0,29.48,False
3885,2026-07-29T23:34:15Z,179,6.2,0,0.1,0,29.48,False
3886,2026-07-29T23:35:15Z,176,8.199999999999999,0,0.1,0,29.48,False
3887,2026-07-29T23:36:15Z,179,8.1,0,0.1,0,29.48,False
3888,2026-07-29T23:37:15Z,179,7.2,0,0.1,0,29.48,False
3889,2026-07-29T23:38:15Z,180,7.7,0,0.1,0.011,29.48,True
3890,2026-07-29T23:39:15Z,180,8.6,0,0.1,0,29.48,False
3891,2026-07-29T23:40:15Z,179,4.5,0,0.1,0,29.48,False
3892,2026-07-29T23:41:15Z,179,7,0,0.1,0,29.48,False
3893,2026-07-29T23:42:15Z,180,8,0,0.1,0.011,29.48,True
3894,2026-07-29T23:43:15Z,180,5.8,0,0.1,0,29.48,False
3895,2026-07-29T23:44:15Z,180,6.6,0,0.1,0,29.48,False
3896,2026-07-29T23:45:15Z,179,6.7,0,0.1,0,29.48,False
3897,2026-07-29T23:46:15Z,179,7.3,0,0.1,0,29.48,False
3898,2026-07-29T23:47:15Z,180,5,0,0.1,0,29.48,False
3899,2026-07-29T23:48:15Z,180,5.1,0,0.1,0,29.48,False
3900,2026-07-29T23:49:15Z,177,5.1,0,0.1,0,29.48,False
3901,2026-07-29T23:50:15Z,180,6.2,0,0.1,0.011,29.48,True
3902,2026-07-29T23:51:15Z,180,6.7,0,0.1,0,29.48,False
3903,2026-07-29T23:52:15Z,180,6,0,0.1,0,29.48,False
3904,2026-07-29T23:53:15Z,180,6.8,0,0.1,0,29.48,False
3905,2026-07-29T23:54:15Z,177,6.3,0,0.1,0,29.48,False
3906,2026-07-29T23:55:15Z,178,7.2,0,0.1,0,29.48,False
3907,2026-07-29T23:56:15Z,179,5.6,0,0.1,0,29.48,False
3908,2026-07-29T23:57:15Z,180,5.8,0,0.1,0,29.48,False
3909,2026-07-29T23:58:15Z,180,7.2,0,0.1,0,29.48,False
3910,2026-07-29T23:59:15Z,179,8.1,0,0.1,0,29.48,False
3911,2026-07-30T00:00:15Z,177,7.3,0,0.1,0,29.48,False
3912,2026-07-30T00:01:15Z,175,7.8,0,0.1,0,29.48,False
3913,2026-07-30T00:02:15Z,180,7.2,0,0.1,0,29.48,False
3914,2026-07-30T00:03:15Z,180,6.7,0,0.1,0,29.48,False
3915,2026-07-30T00:04:15Z,179,6.3,0,0.1,0,29.48,False
3916,2026-07-30T00:05:15Z,179,6.9,0,0.1,0,29.48,False
3917,2026-07-30T00:06:15Z,180,6.5,0,0.1,0,29.48,False
3918,2026-07-30T00:07:15Z,179,7.7,0,0.1,0.011,29.48,True
3919,2026-07-30T00:08:15Z,178,7.4,0,0.1,0,29.48,False
3920,2026-07-30T00:09:15Z,177,10.4,0,0.1,0,29.48,False
3921,2026-07-30T00:10:15Z,176,6.9,0,0.1,0,29.48,False
3922,2026-07-30T00:11:15Z,177,9.699999999999999,0,0.1,0,29.48,False
3923,2026-07-30T00:12:15Z,180,8.1,0,0.1,0,29.48,False
3924,2026-07-30T00:13:15Z,180,11.7,0,0.1,0,29.48,False
3925,2026-07-30T00:14:15Z,178,5.4,0,0.1,0,29.48,False
3926,2026-07-30T00:15:15Z,180,5.6,0,0.1,0,29.48,False
3927,2026-07-30T00:16:15Z,179,4.6,0,0.1,0,29.48,False
3928,2026-07-30T00:17:15Z,178,4.1,0,0.1,0,29.48,False
3929,2026-07-30T00:18:15Z,178,4.9,0,0.1,0,29.48,False
3930,2026-07-30T00:20:15Z,179,5.6,0,0.1,0,29.48,False
3931,2026-07-30T00:21:15Z,179,5.9,0,0.1,0,29.48,False
3932,2026-07-30T00:22:15Z,179,3.9,0,0.1,0,29.48,False
3933,2026-07-30T00:23:15Z,179,4.1,0,0.1,0,29.48,False
3934,2026-07-30T00:24:15Z,178,4.4,0,0.1,0,29.48,False
3935,2026-07-30T00:25:15Z,180,3,0,0.1,0,29.48,False
3936,2026-07-30T00:26:15Z,179,3.8,0,0.1,0,29.48,False
3937,2026-07-30T00:27:15Z,179,4.9,0,0.1,0,29.48,False
3938,2026-07-30T00:28:15Z,182,3.9,0,0.1,0,29.48,False
3939,2026-07-30T00:30:15Z,180,5,0,0.1,0,29.49,False
3940,2026-07-30T00:31:15Z,180,6,0,0.1,0,29.49,False
3941,2026-07-30T00:32:15Z,179,6.5,0,0.1,0,29.49,False
3942,2026-07-30T00:33:15Z,182,4.2,0,0.1,0,29.49,False
3943,2026-07-30T00:34:15Z,180,5.4,0,0.1,0,29.49,False
3944,2026-07-30T00:35:15Z,180,4.2,0,0.1,0,29.49,False
3945,2026-07-30T00:36:15Z,180,5.8,0,0.1,0,29.49,False
3946,2026-07-30T00:37:15Z,179,6.4,0,0.1,0,29.49,False
3947,2026-07-30T00:38:15Z,178,6.9,0,0.1,0,29.49,False
3948,2026-07-30T00:40:15Z,179,6.5,0,0.1,0,29.49,False
3949,2026-07-30T00:41:15Z,179,6.8,0,0.1,0,29.49,False
3950,2026-07-30T00:42:15Z,180,11.7,0,0.1,0,29.49,False
3951,2026-07-30T00:43:15Z,180,6.1,0,0.1,0,29.49,False
3952,2026-07-30T00:44:15Z,178,4.2,0,0.1,0,29.49,False
3953,2026-07-30T00:45:15Z,175,3.7,0,0.1,0,29.49,False
3954,2026-07-30T00:46:15Z,179,4.8,0,0.1,0,29.49,False
3955,2026-07-30T00:47:15Z,180,3.8,0,0.1,0,29.49,False
3956,2026-07-30T00:48:15Z,176,4.4,0,0.1,0,29.49,False
3957,2026-07-30T00:50:15Z,180,4.4,0,0.1,0,29.49,False
3958,2026-07-30T00:51:15Z,171,3,0,0.1,0,29.49,False
3959,2026-07-30T00:52:15Z,180,6,0,0.1,0,29.49,False
3960,2026-07-30T00:53:15Z,180,6.5,0,0.1,0,29.49,False
3961,2026-07-30T00:54:15Z,180,4.4,0,0.1,0,29.49,False
3962,2026-07-30T00:55:15Z,180,4.2,0,0.1,0,29.49,False
3963,2026-07-30T00:56:15Z,179,4.4,0,0.1,0,29.49,False
3964,2026-07-30T00:57:15Z,180,5,0,0.1,0,29.49,False
3965,2026-07-30T00:58:15Z,179,5.1,0,0.1,0,29.49,False
3966,2026-07-30T00:59:15Z,180,4.3,0,0.1,0,29.49,False
3967,2026-07-30T01:01:15Z,177,4.2,0,0.1,0,29.49,False
3968,2026-07-30T01:02:15Z,176,5.5,0,0.1,0,29.49,False
3969,2026-07-30T01:03:15Z,175,5.3,0,0.1,0,29.49,False
3970,2026-07-30T01:04:15Z,176,4.4,0,0.1,0,29.49,False
3971,2026-07-30T01:05:15Z,180,6.3,0,0.1,0,29.49,False
3972,2026-07-30T01:06:15Z,178,4.6,0,0.1,0,29.49,False
3973,2026-07-30T01:07:15Z,180,4,0,0.1,0,29.49,False
3974,2026-07-30T01:08:15Z,179,6,0,0.1,0,29.49,False
3975,2026-07-30T01:09:15Z,180,4.5,0,0.1,0,29.49,False
3976,2026-07-30T01:10:15Z,180,4.6,0,0.1,0,29.49,False
3977,2026-07-30T01:11:15Z,175,4.9,0,0.1,0,29.49,False
3978,2026-07-30T01:12:15Z,179,4.8,0,0.1,0,29.49,False
3979,2026-07-30T01:13:15Z,180,4,0,0.1,0,29.49,False
3980,2026-07-30T01:14:15Z,180,4.5,0,0.1,0,29.49,False
3981,2026-07-30T01:15:15Z,180,4.4,0,0.1,0,29.49,False
3982,2026-07-30T01:16:15Z,179,3,0,0.1,0,29.49,False
3983,2026-07-30T01:17:15Z,177,3.7,0,0.1,0.011,29.5,True
3984,2026-07-30T01:18:15Z,180,3.7,0,0.1,0,29.5,False
3985,2026-07-30T01:20:15Z,178,3.1,0,0.1,0,29.5,False
3986,2026-07-30T01:21:15Z,175,4.6,0,0.1,0,29.5,False
3987,2026-07-30T01:22:15Z,183,2.8,0,0.1,0,29.5,False
3988,2026-07-30T01:23:15Z,179,5,0,0.1,0.011,29.5,True
3989,2026-07-30T01:24:15Z,180,5.1,0,0.1,0,29.5,False
3990,2026-07-30T01:25:15Z,178,5.9,0,0.1,0,29.5,False
3991,2026-07-30T01:26:15Z,177,6.7,0,0.1,0,29.5,False
3992,2026-07-30T01:27:15Z,179,5.3,0,0.1,0,29.5,False
3993,2026-07-30T01:28:15Z,179,7.7,0,0.1,0,29.5,False
3994,2026-07-30T01:29:15Z,175,6.2,0,0.1,0,29.5,False
3995,2026-07-30T01:31:15Z,180,7.3,0,0.1,0,29.5,False
3996,2026-07-30T01:32:15Z,179,7.7,0,0.1,0,29.5,False
3997,2026-07-30T01:33:15Z,179,4.2,0,0.1,0,29.5,False
3998,2026-07-30T01:34:15Z,177,3.5,0,0.1,0,29.5,False
3999,2026-07-30T01:35:15Z,157,3.6,0,0.1,0,29.5,False
4000,2026-07-30T01:36:15Z,180,4.1,0,0.1,0.011,29.5,True
4001,2026-07-30T01:37:15Z,177,3.7,0,0.1,0,29.5,False
4002,2026-07-30T01:38:15Z,180,6.6,0,0.1,0,29.5,False
4003,2026-07-30T01:39:15Z,180,6,0,0.1,0,29.5,False
4004,2026-07-30T01:40:15Z,180,6.8,0,0.1,0,29.5,False
4005,2026-07-30T01:41:15Z,179,5.3,0,0.1,0,29.5,False
4006,2026-07-30T01:42:15Z,180,7.7,0,0.1,0.011,29.5,True
4007,2026-07-30T01:43:15Z,180,8,0,0.1,0,29.5,False
4008,2026-07-30T01:44:15Z,179,12.3,0,0.1,0,29.5,False
4009,2026-07-30T01:45:15Z,179,11.8,0,0.1,0,29.5,False
4010,2026-07-30T01:46:15Z,180,9.9,0,0.1,0,29.5,False
4011,2026-07-30T01:47:15Z,180,7.5,0,0.1,0,29.5,False
4012,2026-07-30T01:48:15Z,180,12.1,0,0.1,0,29.5,False
4013,2026-07-30T01:50:15Z,177,5,0,0.1,0,29.5,False
4014,2026-07-30T01:51:15Z,180,4.6,0,0.1,0,29.5,False
4015,2026-07-30T01:52:15Z,179,6.6,0,0.1,0,29.5,False
4016,2026-07-30T01:53:15Z,179,7.5,0,0.1,0,29.5,False
4017,2026-07-30T01:54:15Z,179,5.2,0,0.1,0,29.5,False
4018,2026-07-30T01:55:15Z,179,4.6,0,0.1,0,29.5,False
4019,2026-07-30T01:56:15Z,177,5.3,0,0.1,0,29.5,False
4020,2026-07-30T01:57:15Z,180,6.9,0,0.1,0,29.5,False
4021,2026-07-30T01:58:15Z,180,6.8,0,0.1,0,29.5,False
4022,2026-07-30T01:59:15Z,180,5.4,0,0.1,0,29.5,False
4023,2026-07-30T02:00:15Z,180,6,0,0.1,0,29.5,False
4024,2026-07-30T02:01:15Z,178,6,0,0.1,0,29.5,False
4025,2026-07-30T02:02:15Z,179,4.2,0,0.1,0,29.5,False
4026,2026-07-30T02:03:15Z,178,3.6,0,0.1,0,29.5,False
4027,2026-07-30T02:04:15Z,177,4,0,0.1,0,29.49,False
4028,2026-07-30T02:05:15Z,179,6.5,0,0.1,0,29.5,False
4029,2026-07-30T02:06:15Z,179,6.4,0,0.1,0,29.5,False
4030,2026-07-30T02:07:15Z,180,5.5,0,0.1,0,29.5,False
4031,2026-07-30T02:08:15Z,180,3.5,0,0.1,0,29.5,False
4032,2026-07-30T02:09:15Z,175,4.9,0,0.1,0,29.5,False
4033,2026-07-30T02:10:15Z,180,7.1,0,0.1,0,29.5,False
4034,2026-07-30T02:11:15Z,179,3.6,0,0.1,0,29.5,False
4035,2026-07-30T02:12:15Z,180,5.4,0,0.1,0,29.5,False
4036,2026-07-30T02:13:15Z,180,6.2,0,0.1,0,29.5,False
4037,2026-07-30T02:14:15Z,179,6.4,0,0.1,0,29.5,False
4038,2026-07-30T02:15:15Z,180,5.3,0,0.1,0,29.5,False
4039,2026-07-30T02:16:15Z,147,5.2,0,0.1,0,29.49,False
4040,2026-07-30T02:17:15Z,182,3.5,0,0.1,0,29.49,False
4041,2026-07-30T02:18:15Z,180,6.6,0,0.1,0,29.49,False
4042,2026-07-30T02:19:15Z,176,4.7,0,0.1,0,29.49,False
4043,2026-07-30T02:20:15Z,174,6.1,0,0.1,0,29.49,False
4044,2026-07-30T02:21:15Z,180,2.3,0,0.1,0,29.49,False
4045,2026-07-30T02:22:15Z,173,2,0,0.1,0,29.49,False
4046,2026-07-30T02:23:15Z,180,5.7,0,0.1,0,29.49,False
4047,2026-07-30T02:24:15Z,164,3,0,0.1,0,29.49,False
4048,2026-07-30T02:25:15Z,184,4.6,0,0.1,0,29.49,False
4049,2026-07-30T02:26:15Z,180,4.6,0,0.1,0,29.49,False
4050,2026-07-30T02:27:15Z,180,4.6,0,0.1,0,29.49,False
4051,2026-07-30T02:28:15Z,179,4.6,0,0.1,0,29.49,False
4052,2026-07-30T02:30:15Z,180,5.4,0,0.1,0,29.49,False
4053,2026-07-30T02:31:15Z,179,6.9,0,0.1,0,29.49,False
4054,2026-07-30T02:32:15Z,180,5.3,0,0.1,0,29.49,False
4055,2026-07-30T02:33:15Z,176,7.8,0,0.1,0,29.49,False
4056,2026-07-30T02:34:15Z,180,5.9,0,0.1,0,29.49,False
4057,2026-07-30T02:35:15Z,177,5.2,0,0.1,0,29.49,False
4058,2026-07-30T02:36:15Z,176,4,0,0.1,0,29.5,False
4059,2026-07-30T02:37:15Z,174,4.7,0,0.1,0,29.5,False
4060,2026-07-30T02:38:15Z,180,6.1,0,0.1,0,29.5,False
4061,2026-07-30T02:40:15Z,180,4.1,0,0.1,0,29.49,False
4062,2026-07-30T02:41:15Z,177,4,0,0.1,0,29.49,False
4063,2026-07-30T02:42:15Z,176,4,0,0.1,0,29.49,False
4064,2026-07-30T02:43:15Z,175,3.5,0,0.1,0,29.49,False
4065,2026-07-30T02:44:15Z,178,4.6,0,0.1,0,29.49,False
4066,2026-07-30T02:45:15Z,180,8.300000000000001,0,0.1,0,29.49,False
4067,2026-07-30T02:46:15Z,179,5.7,0,0.1,0,29.49,False
4068,2026-07-30T02:47:15Z,156,3.6,0,0.1,0,29.49,False
4069,2026-07-30T02:48:15Z,180,3.7,0,0.1,0,29.49,False
4070,2026-07-30T02:49:15Z,176,4.7,0,0.1,0,29.49,False
4071,2026-07-30T02:50:15Z,179,3.6,0,0.1,0,29.49,False
4072,2026-07-30T02:51:15Z,180,4.4,0,0.1,0,29.49,False
4073,2026-07-30T02:52:15Z,183,3.5,0,0.1,0,29.49,False
4074,2026-07-30T02:53:15Z,179,4.1,0,0.1,0,29.49,False
4075,2026-07-30T02:54:15Z,176,5.9,0,0.1,0,29.49,False
4076,2026-07-30T02:55:15Z,180,4.7,0,0.1,0,29.49,False
4077,2026-07-30T02:56:15Z,161,4.4,0,0.1,0,29.49,False
4078,2026-07-30T02:57:15Z,180,4.5,0,0.1,0,29.49,False
4079,2026-07-30T02:58:15Z,175,3.8,0,0.1,0,29.49,False
4080,2026-07-30T02:59:15Z,173,4.8,0,0.1,0,29.49,False
4081,2026-07-30T03:00:15Z,176,3.9,0,0.1,0,29.49,False
4082,2026-07-30T03:01:15Z,178,3.5,0,0.1,0,29.49,False
4083,2026-07-30T03:02:15Z,182,3.2,0,0.1,0,29.49,False
4084,2026-07-30T03:03:15Z,178,3.8,0,0.1,0,29.49,False
4085,2026-07-30T03:04:15Z,153,2.4,0,0.1,0,29.49,False
4086,2026-07-30T03:05:15Z,172,4.1,0,0.1,0,29.49,False
4087,2026-07-30T03:06:15Z,170,5.6,0,0.1,0,29.49,False
4088,2026-07-30T03:07:15Z,172,5.8,0,0.1,0,29.49,False
4089,2026-07-30T03:08:15Z,179,5.6,0,0.1,0,29.49,False
4090,2026-07-30T03:09:15Z,180,5.3,0,0.1,0,29.49,False
4091,2026-07-30T03:10:15Z,167,4.1,0,0.1,0,29.49,False
4092,2026-07-30T03:11:15Z,182,3.6,0,0.1,0,29.49,False
4093,2026-07-30T03:12:15Z,180,5.2,0,0.1,0,29.49,False
4094,2026-07-30T03:13:15Z,180,6,0,0.1,0,29.5,False
4095,2026-07-30T03:14:15Z,179,3.9,0,0.1,0,29.49,False
4096,2026-07-30T03:15:15Z,174,3.2,0,0.1,0,29.49,False
4097,2026-07-30T03:16:15Z,137,2.1,0,0.1,0,29.49,False
4098,2026-07-30T03:17:15Z,172,2.5,0,0.1,0,29.49,False
4099,2026-07-30T03:18:15Z,176,3.6,0,0.1,0,29.49,False
4100,2026-07-30T03:20:15Z,180,4.1,0,0.1,0,29.49,False
4101,2026-07-30T03:21:15Z,173,4.3,0,0.1,0,29.49,False
4102,2026-07-30T03:22:15Z,179,4.5,0,0.1,0,29.49,False
4103,2026-07-30T03:23:15Z,179,6.5,0,0.1,0,29.49,False
4104,2026-07-30T03:24:15Z,173,2.8,0,0.1,0,29.49,False
4105,2026-07-30T03:25:15Z,180,3.6,0,0.1,0,29.49,False
4106,2026-07-30T03:26:15Z,179,5.9,0,0.1,0,29.49,False
4107,2026-07-30T03:27:15Z,172,3.4,0,0.1,0,29.49,False
4108,2026-07-30T03:28:15Z,180,2.4,0,0.1,0,29.49,False
4109,2026-07-30T03:29:15Z,173,2.9,0,0.1,0,29.49,False
4110,2026-07-30T03:30:15Z,180,2.4,0,0.1,0,29.49,False
4111,2026-07-30T03:31:15Z,182,3.9,0,0.1,0,29.49,False
4112,2026-07-30T03:32:15Z,180,4.1,0,0.1,0,29.49,False
4113,2026-07-30T03:33:15Z,180,6.4,0,0.1,0,29.5,False
4114,2026-07-30T03:34:15Z,177,5.5,0,0.1,0,29.5,False
4115,2026-07-30T03:35:15Z,172,3.3,0,0.1,0,29.49,False
4116,2026-07-30T03:36:15Z,180,8.1,0,0.1,0,29.49,False
4117,2026-07-30T03:37:15Z,176,8.5,0,0.1,0,29.49,False
4118,2026-07-30T03:38:15Z,178,6.1,0,0.1,0,29.49,False
4119,2026-07-30T03:40:15Z,180,5.3,0,0.1,0,29.49,False
4120,2026-07-30T03:41:15Z,142,3.4,0,0.1,0,29.49,False
4121,2026-07-30T03:42:15Z,173,2,0,0.1,0,29.5,False
4122,2026-07-30T03:43:15Z,175,3.7,0,0.1,0,29.49,False
4123,2026-07-30T03:44:15Z,178,2.3,0,0.1,0,29.49,False
4124,2026-07-30T03:45:15Z,179,4.1,0,0.1,0,29.49,False
4125,2026-07-30T03:46:15Z,180,4.5,0,0.1,0,29.49,False
4126,2026-07-30T03:47:15Z,179,4.7,0,0.1,0.011,29.49,True
4127,2026-07-30T03:48:15Z,180,4.3,0,0.1,0,29.49,False
4128,2026-07-30T03:49:15Z,176,2.4,0,0.1,0,29.49,False
4129,2026-07-30T03:50:15Z,168,2.2,0,0.1,0,29.49,False
4130,2026-07-30T03:51:15Z,180,3,0,0.1,0,29.49,False
4131,2026-07-30T03:52:15Z,180,2.7,0,0.1,0,29.49,False
4132,2026-07-30T03:53:15Z,137,1.8,0,0.1,0.011,29.49,True
4133,2026-07-30T03:54:15Z,172,2.4,0,0.1,0,29.49,False
4134,2026-07-30T03:55:15Z,23,3.2,0,0.1,0,29.49,False
4135,2026-07-30T03:56:15Z,35,3.7,0,0.1,0,29.49,False
4136,2026-07-30T03:57:15Z,31,1.9,0,0.1,0,29.49,False
4137,2026-07-30T03:58:15Z,180,3.8,0,0.1,0,29.49,False
4138,2026-07-30T03:59:15Z,57,3.4,0,0.1,0,29.49,False
4139,2026-07-30T04:00:15Z,23,4.4,0,0.1,0,29.49,False
4140,2026-07-30T04:01:15Z,178,2.8,0,0.1,0,29.49,False
4141,2026-07-30T04:02:15Z,180,3.8,0,0.1,0,29.49,False
4142,2026-07-30T04:03:15Z,170,4,0,0.1,0,29.49,False
4143,2026-07-30T04:04:15Z,66,5.6,0,0.1,0,29.49,False
4144,2026-07-30T04:05:15Z,178,5.3,0,0.1,0,29.49,False
4145,2026-07-30T04:06:15Z,165,3.3,0,0.1,0,29.49,False
4146,2026-07-30T04:07:15Z,180,5.5,0,0.1,0,29.49,False
4147,2026-07-30T04:08:15Z,156,4.1,0,0.1,0,29.49,False
4148,2026-07-30T04:10:15Z,177,2.9,0,0.1,0,29.49,False
4149,2026-07-30T04:11:15Z,182,3.6,0,0.1,0,29.49,False
4150,2026-07-30T04:12:15Z,178,3.4,0,0.1,0,29.49,False
4151,2026-07-30T04:13:15Z,157,3.8,0,0.1,0,29.49,False
4152,2026-07-30T04:14:16Z,120,2.5,0,0.1,0,29.49,False
4153,2026-07-30T04:15:15Z,180,3.8,0,0.1,0,29.49,False
4154,2026-07-30T04:16:15Z,172,3.5,0,0.1,0,29.49,False
4155,2026-07-30T04:17:15Z,180,3.2,0,0.1,0,29.49,False
4156,2026-07-30T04:18:15Z,161,3.1,0,0.1,0,29.49,False
4157,2026-07-30T04:19:15Z,180,1.9,0,0.1,0,29.49,False
4158,2026-07-30T04:21:15Z,175,4.6,0,0.1,0.011,29.49,True
4159,2026-07-30T04:22:15Z,180,5.4,0,0.1,0,29.49,False
4160,2026-07-30T04:23:15Z,161,6.9,0,0.1,0,29.49,False
4161,2026-07-30T04:24:15Z,23,4.8,0,0.1,0,29.49,False
4162,2026-07-30T04:25:15Z,142,3.1,0,0.1,0,29.49,False
4163,2026-07-30T04:26:15Z,185,4.2,0,0.1,0,29.49,False
4164,2026-07-30T04:27:15Z,50,5,0,0.1,0,29.49,False
4165,2026-07-30T04:28:15Z,180,4.7,0,0.1,0,29.49,False
4166,2026-07-30T04:29:15Z,175,5.5,0,0.1,0,29.49,False
4167,2026-07-30T04:30:15Z,180,4.6,0,0.1,0,29.49,False
4168,2026-07-30T04:31:15Z,174,3.6,0,0.1,0,29.49,False
4169,2026-07-30T04:32:15Z,178,4.9,0,0.1,0,29.49,False
4170,2026-07-30T04:33:15Z,177,4,0,0.1,0,29.49,False
4171,2026-07-30T04:34:15Z,180,2,0,0.1,0,29.49,False
4172,2026-07-30T04:35:15Z,180,2.5,0,0.1,0.011,29.49,True
4173,2026-07-30T04:36:15Z,174,2.8,0,0.1,0,29.49,False
4174,2026-07-30T04:37:15Z,176,4.5,0,0.1,0,29.49,False
4175,2026-07-30T04:38:15Z,177,5,0,0.1,0,29.49,False
4176,2026-07-30T04:40:15Z,172,3.6,0,0.1,0,29.49,False
4177,2026-07-30T04:41:15Z,42,2.5,0,0.1,0,29.49,False
4178,2026-07-30T04:42:15Z,177,3.8,0,0.1,0,29.49,False
4179,2026-07-30T04:43:15Z,180,4.3,0,0.1,0,29.49,False
4180,2026-07-30T04:44:15Z,171,3.6,0,0.1,0,29.49,False
4181,2026-07-30T04:45:15Z,172,3.2,0,0.1,0.011,29.49,True
4182,2026-07-30T04:46:15Z,178,3.4,0,0.1,0,29.49,False
4183,2026-07-30T04:47:15Z,177,3.7,0,0.1,0,29.49,False
4184,2026-07-30T04:48:15Z,178,3.9,0,0.1,0,29.49,False
4185,2026-07-30T04:50:15Z,157,3.9,0,0.1,0,29.49,False
4186,2026-07-30T04:51:15Z,180,4.5,0,0.1,0,29.49,False
4187,2026-07-30T04:52:15Z,166,3,0,0.1,0,29.49,False
4188,2026-07-30T04:53:15Z,56,3.7,0,0.1,0,29.49,False
4189,2026-07-30T04:54:15Z,177,8.5,0,0.1,0,29.49,False
4190,2026-07-30T04:55:15Z,173,6.7,0,0.1,0.011,29.49,True
4191,2026-07-30T04:56:15Z,161,4.4,0,0.1,0,29.49,False
4192,2026-07-30T04:57:15Z,172,5.9,0,0.1,0,29.49,False
4193,2026-07-30T04:58:15Z,176,5.4,0,0.1,0,29.49,False
4194,2026-07-30T04:59:15Z,56,3.8,0,0.1,0,29.49,False
4195,2026-07-30T05:00:15Z,179,6.5,0,0.1,0,29.49,False
4196,2026-07-30T05:01:15Z,173,7.4,0,0.1,0,29.49,False
4197,2026-07-30T05:02:15Z,102,4.6,0,0.1,0,29.49,False
4198,2026-07-30T05:03:15Z,180,4.9,0,0.1,0,29.49,False
4199,2026-07-30T05:04:15Z,180,5.1,0,0.1,0.011,29.49,True
4200,2026-07-30T05:05:15Z,174,5.1,0,0.1,0,29.49,False
4201,2026-07-30T05:06:15Z,165,4.8,0,0.1,0,29.49,False
4202,2026-07-30T05:07:15Z,50,3,0,0.1,0,29.49,False
4203,2026-07-30T05:08:15Z,176,4.1,0,0.1,0,29.49,False
4204,2026-07-30T05:10:15Z,137,4.6,0,0.1,0,29.49,False
4205,2026-07-30T05:11:15Z,176,3.4,0,0.1,0,29.49,False
4206,2026-07-30T05:12:15Z,180,3.8,0,0.1,0,29.49,False
4207,2026-07-30T05:13:15Z,178,3.3,0,0.1,0,29.49,False
4208,2026-07-30T05:14:15Z,177,2.7,0,0.1,0,29.49,False
4209,2026-07-30T05:15:15Z,178,3.2,0,0.1,0,29.49,False
4210,2026-07-30T05:16:15Z,180,5,0,0.1,0,29.49,False
4211,2026-07-30T05:17:15Z,176,4.8,0,0.1,0,29.49,False
4212,2026-07-30T05:18:15Z,178,4.8,0,0.1,0,29.49,False
4213,2026-07-30T05:20:15Z,180,4.1,0,0.1,0,29.49,False
4214,2026-07-30T05:21:15Z,177,5.7,0,0.1,0,29.49,False
4215,2026-07-30T05:22:15Z,102,4.8,0,0.1,0,29.49,False
4216,2026-07-30T05:23:15Z,184,4.1,0,0.1,0,29.49,False
4217,2026-07-30T05:24:15Z,160,4.3,0,0.1,0,29.49,False
4218,2026-07-30T05:25:15Z,161,4.3,0,0.1,0,29.49,False
4219,2026-07-30T05:26:15Z,66,4.8,0,0.1,0,29.49,False
4220,2026-07-30T05:27:15Z,173,3.9,0,0.1,0,29.49,False
4221,2026-07-30T05:28:15Z,177,6.4,0,0.1,0,29.49,False
4222,2026-07-30T05:29:15Z,176,5.6,0,0.1,0,29.49,False
4223,2026-07-30T05:30:15Z,124,2.6,0,0.1,0,29.49,False
4224,2026-07-30T05:31:15Z,192,4.9,0,0.1,0,29.49,False
4225,2026-07-30T05:32:15Z,180,3.5,0,0.1,0,29.49,False
4226,2026-07-30T05:33:15Z,56,3.7,0,0.1,0,29.49,False
4227,2026-07-30T05:34:15Z,179,4,0,0.1,0,29.49,False
4228,2026-07-30T05:35:15Z,180,3.7,0,0.1,0,29.49,False
4229,2026-07-30T05:36:15Z,170,2.5,0,0.1,0,29.49,False
4230,2026-07-30T05:37:15Z,42,3.3,0,0.1,0,29.49,False
4231,2026-07-30T05:38:15Z,23,7.2,0,0.1,0,29.49,False
4232,2026-07-30T05:39:15Z,167,3.7,0,0.1,0,29.49,False
4233,2026-07-30T05:40:15Z,165,4.1,0,0.1,0,29.49,False
4234,2026-07-30T05:41:15Z,28,5.1,0,0.1,0,29.49,False
4235,2026-07-30T05:42:15Z,23,5,0,0.1,0,29.49,False
4236,2026-07-30T05:43:15Z,180,4.2,0,0.1,0,29.49,False
4237,2026-07-30T05:44:15Z,167,5.1,0,0.1,0,29.49,False
4238,2026-07-30T05:45:15Z,36,4.9,0,0.1,0,29.49,False
4239,2026-07-30T05:46:15Z,102,3.3,0,0.1,0,29.49,False
4240,2026-07-30T05:47:15Z,175,4,0,0.1,0,29.49,False
4241,2026-07-30T05:48:15Z,180,5.4,0,0.1,0,29.49,False
4242,2026-07-30T05:50:15Z,180,4.4,0,0.1,0,29.49,False
4243,2026-07-30T05:51:15Z,113,4.8,0,0.1,0,29.49,False
4244,2026-07-30T05:52:15Z,178,4.1,0,0.1,0,29.49,False
4245,2026-07-30T05:53:15Z,186,4.4,0,0.1,0.011,29.49,True
4246,2026-07-30T05:54:15Z,176,5.1,0,0.1,0,29.49,False
4247,2026-07-30T05:55:15Z,180,4.5,0,0.1,0,29.48,False
4248,2026-07-30T05:56:15Z,66,5.8,0,0.1,0,29.48,False
4249,2026-07-30T05:57:15Z,173,7.3,0,0.1,0,29.48,False
4250,2026-07-30T05:58:15Z,137,7.3,0,0.1,0,29.48,False
4251,2026-07-30T05:59:15Z,178,5.3,0,0.1,0,29.48,False
4252,2026-07-30T06:00:15Z,83,3,0,0.1,0,29.48,False
4253,2026-07-30T06:01:15Z,180,6.6,0,0.1,0,29.49,False
4254,2026-07-30T06:02:15Z,147,4.6,0,0.1,0,29.49,False
4255,2026-07-30T06:03:15Z,50,6.5,0,0.1,0,29.48,False
4256,2026-07-30T06:04:15Z,32,11.1,0,0.1,0,29.48,False
4257,2026-07-30T06:05:15Z,102,10.2,0,0.1,0,29.48,False
4258,2026-07-30T06:06:15Z,102,5.8,0,0.1,0,29.48,False
4259,2026-07-30T06:07:15Z,168,3.7,0,0.1,0,29.48,False
4260,2026-07-30T06:08:15Z,161,6.9,0,0.1,0,29.48,False
4261,2026-07-30T06:09:15Z,23,10.7,0,0.1,0,29.48,False
4262,2026-07-30T06:10:15Z,66,6.2,0,0.1,0,29.48,False
4263,2026-07-30T06:11:15Z,165,5.8,0,0.1,0,29.48,False
4264,2026-07-30T06:12:15Z,161,7.9,0,0.1,0,29.48,False
4265,2026-07-30T06:13:15Z,23,7.4,0,0.1,0,29.48,False
4266,2026-07-30T06:14:15Z,172,6.7,0,0.1,0,29.48,False
4267,2026-07-30T06:15:15Z,42,3.6,0,0.1,0,29.49,False
4268,2026-07-30T06:16:15Z,180,3.7,0,0.1,0,29.49,False
4269,2026-07-30T06:17:15Z,167,4.8,0,0.1,0,29.49,False
4270,2026-07-30T06:18:15Z,178,5.3,0,0.1,0,29.49,False
4271,2026-07-30T06:19:15Z,153,5.6,0,0.1,0,29.49,False
4272,2026-07-30T06:20:15Z,147,4.8,0,0.1,0,29.49,False
4273,2026-07-30T06:21:15Z,173,6,0,0.1,0,29.49,False
4274,2026-07-30T06:22:15Z,180,5.1,0,0.1,0,29.49,False
4275,2026-07-30T06:23:15Z,161,4.4,0,0.1,0,29.49,False
4276,2026-07-30T06:24:15Z,177,4.3,0,0.1,0,29.49,False
4277,2026-07-30T06:25:15Z,160,3.1,0,0.1,0,29.49,False
4278,2026-07-30T06:26:15Z,161,4.9,0,0.1,0,29.49,False
4279,2026-07-30T06:27:15Z,137,4.1,0,0.1,0,29.49,False
4280,2026-07-30T06:28:15Z,164,3.9,0,0.1,0,29.49,False
4281,2026-07-30T06:29:15Z,94,6,0,0.1,0,29.49,False
4282,2026-07-30T06:30:15Z,161,5.9,0,0.1,0,29.49,False
4283,2026-07-30T06:31:15Z,177,3.3,0,0.1,0,29.49,False
4284,2026-07-30T06:32:16Z,153,9.199999999999999,0,0.1,0,29.49,False
4285,2026-07-30T06:33:15Z,176,3.4,0,0.1,0,29.49,False
4286,2026-07-30T06:34:15Z,175,3.1,0,0.1,0,29.49,False
4287,2026-07-30T06:35:15Z,126,4.2,0,0.1,0,29.49,False
4288,2026-07-30T06:36:15Z,102,3.6,0,0.1,0,29.49,False
4289,2026-07-30T06:37:15Z,170,5.9,0,0.1,0,29.49,False
4290,2026-07-30T06:38:15Z,102,4.9,0,0.1,0,29.49,False
4291,2026-07-30T06:40:15Z,173,10.5,0,0.1,0,29.49,False
4292,2026-07-30T06:41:15Z,173,5.9,0,0.1,0,29.49,False
4293,2026-07-30T06:42:15Z,72,6.2,0,0.1,0,29.49,False
4294,2026-07-30T06:43:15Z,147,7,0,0.1,0,29.49,False
4295,2026-07-30T06:44:15Z,180,9.699999999999999,0,0.1,0,29.49,False
4296,2026-07-30T06:45:15Z,56,4.5,0,0.1,0,29.49,False
4297,2026-07-30T06:46:15Z,106,4.4,0,0.1,0,29.49,False
4298,2026-07-30T06:47:15Z,28,5.2,0,0.1,0,29.48,False
4299,2026-07-30T06:48:15Z,165,5.4,0,0.1,0,29.49,False
4300,2026-07-30T06:49:15Z,178,2.8,0,0.1,0,29.49,False
4301,2026-07-30T06:51:15Z,171,3.4,0,0.1,0,29.49,False
4302,2026-07-30T06:52:15Z,42,3.3,0,0.1,0,29.48,False
4303,2026-07-30T06:53:15Z,56,3.8,0,0.1,0,29.49,False
4304,2026-07-30T06:54:15Z,39,2.2,0,0.1,0,29.48,False
4305,2026-07-30T06:55:15Z,23,3.6,0,0.1,0,29.49,False
4306,2026-07-30T06:56:15Z,173,3.5,0,0.1,0,29.49,False
4307,2026-07-30T06:57:15Z,31,4.1,0,0.1,0,29.49,False
4308,2026-07-30T06:58:15Z,160,6.2,0,0.1,0,29.49,False
4309,2026-07-30T06:59:15Z,72,5,0,0.1,0,29.49,False
4310,2026-07-30T07:00:15Z,48,5.5,0,0.1,0,29.49,False
4311,2026-07-30T07:01:15Z,23,5.6,0,0.1,0,29.49,False
4312,2026-07-30T07:02:15Z,77,4.2,0,0.1,0,29.49,False
4313,2026-07-30T07:03:15Z,147,4.2,0,0.1,0,29.49,False
4314,2026-07-30T07:04:15Z,66,4.6,0,0.1,0,29.49,False
4315,2026-07-30T07:05:15Z,180,4.6,0,0.1,0,29.49,False
4316,2026-07-30T07:06:15Z,77,4.8,0,0.1,0,29.49,False
4317,2026-07-30T07:07:15Z,167,3.1,0,0.1,0,29.49,False
4318,2026-07-30T07:08:15Z,126,4.6,0,0.1,0,29.49,False
4319,2026-07-30T07:10:15Z,176,5.2,0,0.1,0,29.49,False
4320,2026-07-30T07:11:15Z,36,5.1,0,0.1,0,29.48,False
4321,2026-07-30T07:12:15Z,102,6.3,0,0.1,0,29.48,False
4322,2026-07-30T07:13:15Z,72,4.1,0,0.1,0,29.48,False
4323,2026-07-30T07:14:15Z,192,4.3,0,0.1,0,29.48,False
4324,2026-07-30T07:15:15Z,77,3.5,0,0.1,0,29.48,False
4325,2026-07-30T07:16:15Z,29,4.3,0,0.1,0,29.48,False
4326,2026-07-30T07:17:15Z,167,4.1,0,0.1,0,29.48,False
4327,2026-07-30T07:18:15Z,36,4.3,0,0.1,0,29.48,False
4328,2026-07-30T07:19:15Z,33,5,0,0.1,0,29.49,False
4329,2026-07-30T07:20:15Z,62,4.9,0,0.1,0,29.49,False
4330,2026-07-30T07:21:15Z,62,4.9,0,0.1,0,29.49,False
4331,2026-07-30T07:22:15Z,175,3.7,0,0.1,0,29.49,False
4332,2026-07-30T07:23:15Z,175,5,0,0.1,0.011,29.49,True
4333,2026-07-30T07:24:15Z,153,4.6,0,0.1,0,29.49,False
4334,2026-07-30T07:25:15Z,163,3.6,0,0.1,0,29.49,False
4335,2026-07-30T07:26:15Z,23,5.3,0,0.1,0,29.49,False
4336,2026-07-30T07:27:15Z,151,3.4,0,0.1,0,29.49,False
4337,2026-07-30T07:28:15Z,42,4.8,0,0.1,0,29.49,False
4338,2026-07-30T07:29:15Z,168,4.7,0,0.1,0,29.49,False
4339,2026-07-30T07:30:15Z,23,5,0,0.1,0,29.49,False
4340,2026-07-30T07:31:15Z,66,4.9,0,0.1,0,29.49,False
4341,2026-07-30T07:32:15Z,161,4.2,0,0.1,0,29.49,False
4342,2026-07-30T07:33:15Z,26,4.3,0,0.1,0,29.49,False
4343,2026-07-30T07:34:15Z,161,3.2,0,0.1,0,29.49,False
4344,2026-07-30T07:35:15Z,180,3.3,0,0.1,0.011,29.48,True
4345,2026-07-30T07:36:15Z,50,5.3,0,0.1,0,29.49,False
4346,2026-07-30T07:37:15Z,180,6,0,0.1,0,29.48,False
4347,2026-07-30T07:38:15Z,0,4.6,0,0.1,0,29.48,False
4348,2026-07-30T07:40:15Z,38,3.2,0,0.1,0,29.48,False
4349,2026-07-30T07:41:15Z,170,4,0,0.1,0,29.48,False
4350,2026-07-30T07:42:15Z,161,5.3,0,0.1,0,29.48,False
4351,2026-07-30T07:43:15Z,49,4.1,0,0.1,0,29.48,False
4352,2026-07-30T07:44:15Z,137,3.2,0,0.1,0,29.48,False
4353,2026-07-30T07:45:15Z,23,4.5,0,0.1,0,29.48,False
4354,2026-07-30T07:46:15Z,42,3.3,0,0.1,0,29.48,False
4355,2026-07-30T07:47:15Z,167,4.4,0,0.1,0,29.48,False
4356,2026-07-30T07:48:15Z,151,3.8,0,0.1,0,29.48,False
4357,2026-07-30T07:50:15Z,166,3.7,0,0.1,0,29.48,False
4358,2026-07-30T07:51:15Z,170,5,0,0.1,0,29.48,False
4359,2026-07-30T07:52:15Z,151,4.9,0,0.1,0,29.48,False
4360,2026-07-30T07:53:15Z,102,3.7,0,0.1,0,29.48,False
4361,2026-07-30T07:54:15Z,26,4.9,0,0.1,0,29.48,False
4362,2026-07-30T07:55:15Z,180,6.3,0,0.1,0,29.48,False
4363,2026-07-30T07:56:15Z,180,11.8,0,0.1,0,29.48,False
4364,2026-07-30T07:57:15Z,137,6.2,0,0.1,0,29.48,False
4365,2026-07-30T07:58:15Z,88,5.6,0,0.1,0,29.48,False
4366,2026-07-30T07:59:15Z,180,3.9,0,0.1,0,29.48,False
4367,2026-07-30T08:01:15Z,153,6.7,0,0.1,0,29.48,False
4368,2026-07-30T08:02:15Z,39,5.6,0,0.1,0,29.48,False
4369,2026-07-30T08:03:15Z,170,5.3,0,0.1,0,29.49,False
4370,2026-07-30T08:04:15Z,203,4.9,0,0.1,0,29.49,False
4371,2026-07-30T08:05:15Z,102,4.3,0,0.1,0,29.49,False
4372,2026-07-30T08:06:15Z,147,4.1,0,0.1,0,29.48,False
4373,2026-07-30T08:07:15Z,42,4.7,0,0.1,0,29.48,False
4374,2026-07-30T08:08:15Z,160,2.8,0,0.1,0,29.48,False
4375,2026-07-30T08:10:15Z,180,3.7,0,0.1,0,29.48,False
4376,2026-07-30T08:11:15Z,180,6.1,0,0.1,0,29.48,False
4377,2026-07-30T08:12:15Z,42,11.6,0,0.1,0,29.48,False
4378,2026-07-30T08:13:15Z,42,4.3,0,0.1,0,29.48,False
4379,2026-07-30T08:14:15Z,172,7.1,0,0.1,0,29.48,False
4380,2026-07-30T08:15:15Z,102,4.9,0,0.1,0,29.48,False
4381,2026-07-30T08:16:15Z,50,4.4,0,0.1,0,29.48,False
4382,2026-07-30T08:17:15Z,180,4.1,0,0.1,0,29.48,False
4383,2026-07-30T08:18:15Z,28,6.5,0,0.1,0,29.48,False
4384,2026-07-30T08:20:15Z,180,5.4,0,0.1,0,29.48,False
4385,2026-07-30T08:21:15Z,23,4.8,0,0.1,0,29.48,False
4386,2026-07-30T08:22:15Z,161,6.4,0,0.1,0,29.48,False
4387,2026-07-30T08:23:15Z,170,4.9,0,0.1,0,29.48,False
4388,2026-07-30T08:24:15Z,73,4.1,0,0.1,0,29.48,False
4389,2026-07-30T08:25:15Z,188,4,0,0.1,0,29.48,False
4390,2026-07-30T08:26:15Z,28,4.7,0,0.1,0,29.48,False
4391,2026-07-30T08:27:15Z,102,5.5,0,0.1,0,29.48,False
4392,2026-07-30T08:28:15Z,52,7.6,0,0.1,0,29.48,False
4393,2026-07-30T08:29:15Z,132,2.8,0,0.1,0,29.49,False
4394,2026-07-30T08:30:15Z,170,7.3,0,0.1,0,29.49,False
4395,2026-07-30T08:31:15Z,165,6.3,0,0.1,0,29.49,False
4396,2026-07-30T08:32:15Z,36,6.9,0,0.1,0,29.49,False
4397,2026-07-30T08:33:15Z,161,8.1,0,0.1,0,29.48,False
4398,2026-07-30T08:34:15Z,161,6.3,0,0.1,0,29.48,False
4399,2026-07-30T08:35:15Z,147,4.6,0,0.1,0,29.49,False
4400,2026-07-30T08:36:15Z,23,6.9,0,0.1,0,29.49,False
4401,2026-07-30T08:37:15Z,180,4,0,0.1,0,29.49,False
4402,2026-07-30T08:38:15Z,183,4.1,0,0.1,0,29.49,False
4403,2026-07-30T08:40:15Z,161,3.9,0,0.1,0,29.49,False
4404,2026-07-30T08:41:15Z,189,3.8,0,0.1,0,29.49,False
4405,2026-07-30T08:42:15Z,50,5.5,0,0.1,0,29.49,False
4406,2026-07-30T08:43:15Z,180,6,0,0.1,0,29.49,False
4407,2026-07-30T08:44:15Z,178,7.7,0,0.1,0,29.49,False
4408,2026-07-30T08:45:15Z,186,8.699999999999999,0,0.1,0,29.49,False
4409,2026-07-30T08:46:15Z,42,9.300000000000001,0,0.1,0,29.49,False
4410,2026-07-30T08:47:15Z,33,9.9,0,0.1,0,29.49,False
4411,2026-07-30T08:48:15Z,30,7.9,0,0.1,0,29.49,False
4412,2026-07-30T08:50:15Z,177,9.5,0,0.1,0,29.49,False
4413,2026-07-30T08:51:15Z,166,5.8,0,0.1,0,29.49,False
4414,2026-07-30T08:52:15Z,62,4,0,0.1,0,29.49,False
4415,2026-07-30T08:53:15Z,180,5.9,0,0.1,0,29.49,False
4416,2026-07-30T08:54:15Z,131,3.8,0,0.1,0,29.49,False
4417,2026-07-30T08:55:15Z,180,3.4,0,0.1,0,29.49,False
4418,2026-07-30T08:56:15Z,36,4.3,0,0.1,0,29.49,False
4419,2026-07-30T08:57:15Z,167,2.6,0,0.1,0,29.49,False
4420,2026-07-30T08:58:15Z,26,6.3,0,0.1,0,29.49,False
4421,2026-07-30T08:59:15Z,171,3.3,0,0.1,0,29.49,False
4422,2026-07-30T09:00:15Z,177,2,0,0.1,0,29.49,False
4423,2026-07-30T09:01:15Z,137,3,0,0.1,0,29.49,False
4424,2026-07-30T09:02:15Z,172,3.9,0,0.1,0,29.49,False
4425,2026-07-30T09:03:15Z,82,5.4,0,0.1,0,29.49,False
4426,2026-07-30T09:04:15Z,33,6.7,0,0.1,0,29.49,False
4427,2026-07-30T09:05:15Z,170,5.8,0,0.1,0,29.49,False
4428,2026-07-30T09:06:15Z,36,5.2,0,0.1,0,29.49,False
4429,2026-07-30T09:07:15Z,161,3.4,0,0.1,0,29.49,False
4430,2026-07-30T09:08:15Z,42,6.3,0,0.1,0,29.49,False
4431,2026-07-30T09:10:15Z,23,8.199999999999999,0,0.1,0,29.49,False
4432,2026-07-30T09:11:15Z,26,6.5,0,0.1,0,29.49,False
4433,2026-07-30T09:12:15Z,153,6.6,0,0.1,0,29.5,False
4434,2026-07-30T09:13:15Z,113,7.1,0,0.1,0,29.5,False
4435,2026-07-30T09:14:15Z,180,5.6,0,0.1,0,29.5,False
4436,2026-07-30T09:15:15Z,184,4.6,0,0.1,0,29.5,False
4437,2026-07-30T09:16:15Z,161,6.1,0,0.1,0,29.5,False
4438,2026-07-30T09:17:15Z,151,5.2,0,0.1,0,29.5,False
4439,2026-07-30T09:18:15Z,23,4.8,0,0.1,0,29.5,False
4440,2026-07-30T09:20:15Z,156,5,0,0.1,0,29.5,False
4441,2026-07-30T09:21:15Z,43,5.7,0,0.1,0,29.5,False
4442,2026-07-30T09:22:15Z,150,4.3,0,0.1,0,29.5,False
4443,2026-07-30T09:23:15Z,33,6.2,0,0.1,0,29.5,False
4444,2026-07-30T09:24:15Z,36,5.1,0,0.1,0,29.5,False
4445,2026-07-30T09:25:15Z,42,5.4,0,0.1,0,29.5,False
4446,2026-07-30T09:26:15Z,57,5.4,0,0.1,0,29.5,False
4447,2026-07-30T09:27:15Z,33,9.800000000000001,0,0.1,0,29.5,False
4448,2026-07-30T09:28:15Z,170,8.300000000000001,0,0.1,0,29.5,False
4449,2026-07-30T09:30:15Z,161,5.3,0,0.1,0,29.5,False
4450,2026-07-30T09:31:15Z,161,5.8,0,0.1,0,29.5,False
4451,2026-07-30T09:32:15Z,38,4.9,0,0.1,0,29.5,False
4452,2026-07-30T09:33:15Z,31,4.8,0,0.1,0,29.5,False
4453,2026-07-30T09:34:15Z,30,6.5,0,0.1,0,29.5,False
4454,2026-07-30T09:35:15Z,180,5.1,0,0.1,0,29.5,False
4455,2026-07-30T09:36:15Z,180,4,0,0.1,0,29.5,False
4456,2026-07-30T09:37:15Z,42,5.1,0,0.1,0,29.5,False
4457,2026-07-30T09:38:15Z,177,5.2,0,0.1,0,29.5,False
4458,2026-07-30T09:40:16Z,137,6,0,0.1,0,29.5,False
4459,2026-07-30T09:41:15Z,170,4,0,0.1,0,29.5,False
4460,2026-07-30T09:42:15Z,161,5.4,0,0.1,0,29.5,False
4461,2026-07-30T09:43:15Z,108,5.5,0,0.1,0,29.5,False
4462,2026-07-30T09:44:15Z,172,5.5,0,0.1,0,29.5,False
4463,2026-07-30T09:45:15Z,102,3.3,0,0.1,0,29.5,False
4464,2026-07-30T09:46:15Z,180,4.5,0,0.1,0,29.5,False
4465,2026-07-30T09:47:15Z,66,3.5,0,0.1,0,29.5,False
4466,2026-07-30T09:48:15Z,38,3,0,0.1,0,29.5,False
4467,2026-07-30T09:50:15Z,180,3.2,0,0.1,0,29.5,False
4468,2026-07-30T09:51:15Z,173,3.3,0,0.1,0,29.5,False
4469,2026-07-30T09:52:15Z,37,4.7,0,0.1,0,29.5,False
4470,2026-07-30T09:53:15Z,188,4.2,0,0.1,0,29.5,False
4471,2026-07-30T09:54:15Z,180,5.9,0,0.1,0,29.5,False
4472,2026-07-30T09:55:15Z,35,5.8,0,0.1,0,29.5,False
4473,2026-07-30T09:56:15Z,161,3.3,0,0.1,0,29.5,False
4474,2026-07-30T09:57:16Z,102,4.1,0,0.1,0,29.5,False
4475,2026-07-30T09:58:15Z,161,3.9,0,0.1,0,29.51,False
4476,2026-07-30T09:59:15Z,180,5.3,0,0.1,0,29.51,False
4477,2026-07-30T10:00:15Z,105,3.8,0,0.1,0,29.51,False
4478,2026-07-30T10:01:15Z,167,5.4,0,0.1,0,29.51,False
4479,2026-07-30T10:02:15Z,173,4.5,0,0.1,0,29.51,False
4480,2026-07-30T10:03:15Z,167,5.5,0,0.1,0,29.51,False
4481,2026-07-30T10:04:15Z,37,4.4,0,0.1,0,29.51,False
4482,2026-07-30T10:05:15Z,128,5.8,0,0.1,0,29.51,False
4483,2026-07-30T10:06:15Z,179,4.9,0,0.1,0,29.51,False
4484,2026-07-30T10:07:15Z,180,7.4,0,0.1,0,29.51,False
4485,2026-07-30T10:08:15Z,23,6.3,0,0.1,0,29.51,False
4486,2026-07-30T10:10:15Z,102,3.8,0,0.1,0,29.5,False
4487,2026-07-30T10:11:15Z,42,5.3,0,0.1,0,29.5,False
4488,2026-07-30T10:12:15Z,36,3.3,0,0.1,0,29.5,False
4489,2026-07-30T10:13:15Z,175,2,0,0.1,0,29.5,False
4490,2026-07-30T10:14:15Z,147,3.5,0,0.1,0,29.5,False
4491,2026-07-30T10:15:15Z,23,7.1,0,0.1,0,29.5,False
4492,2026-07-30T10:16:15Z,156,6.4,0,0.1,0,29.5,False
4493,2026-07-30T10:17:15Z,176,7,0,0.1,0,29.5,False
4494,2026-07-30T10:18:15Z,66,7.5,0,0.1,0,29.5,False
4495,2026-07-30T10:20:15Z,176,3.8,0,0.1,0,29.5,False
4496,2026-07-30T10:21:15Z,180,4.6,0,0.1,0,29.5,False
4497,2026-07-30T10:22:15Z,180,6.9,0,0.1,0,29.5,False
4498,2026-07-30T10:23:15Z,178,3.1,0,0.1,0,29.5,False
4499,2026-07-30T10:24:15Z,142,2.7,0,0.1,0,29.5,False
4500,2026-07-30T10:25:15Z,50,4.2,0,0.1,0,29.5,False
4501,2026-07-30T10:26:15Z,180,4.2,0,0.1,0,29.5,False
4502,2026-07-30T10:27:15Z,30,7.4,0,0.1,0,29.5,False
4503,2026-07-30T10:28:15Z,161,5.5,0,0.1,0,29.5,False
4504,2026-07-30T10:29:15Z,176,4.3,0,0.1,0,29.51,False
4505,2026-07-30T10:30:15Z,126,7.5,0,0.1,0,29.5,False
4506,2026-07-30T10:31:15Z,143,4.7,0,0.1,0,29.5,False
4507,2026-07-30T10:32:15Z,168,3.6,0,0.1,0,29.5,False
4508,2026-07-30T10:33:15Z,147,8.199999999999999,0,0.1,0,29.5,False
4509,2026-07-30T10:34:15Z,170,6,0,0.1,0,29.5,False
4510,2026-07-30T10:35:15Z,102,10,0,0.1,0,29.5,False
4511,2026-07-30T10:36:15Z,161,11.8,0,0.1,0,29.5,False
4512,2026-07-30T10:37:15Z,155,5.4,0,0.1,0,29.5,False
4513,2026-07-30T10:38:15Z,23,7.4,0,0.1,0,29.5,False
4514,2026-07-30T10:39:15Z,161,9.800000000000001,0,0.1,0,29.5,False
4515,2026-07-30T10:40:15Z,52,9.4,0,0.1,0,29.5,False
4516,2026-07-30T10:41:15Z,107,6.3,0,0.1,0,29.5,False
4517,2026-07-30T10:42:15Z,36,4.4,0,0.1,0,29.5,False
4518,2026-07-30T10:43:15Z,131,3.1,0,0.1,0,29.5,False
4519,2026-07-30T10:44:15Z,170,3.2,0,0.1,0,29.51,False
4520,2026-07-30T10:45:15Z,161,7.5,0,0.1,0,29.51,False
4521,2026-07-30T10:46:15Z,173,6,0,0.1,0,29.51,False
4522,2026-07-30T10:47:15Z,170,4.8,0,0.1,0,29.51,False
4523,2026-07-30T10:48:15Z,153,6.5,0,0.1,0,29.51,False
4524,2026-07-30T10:50:15Z,115,6.1,0,0.1,0,29.51,False
4525,2026-07-30T10:51:15Z,102,6.9,0,0.1,0,29.51,False
4526,2026-07-30T10:52:15Z,180,6.8,0,0.1,0,29.51,False
4527,2026-07-30T10:53:15Z,77,2.9,0,0.1,0,29.51,False
4528,2026-07-30T10:54:15Z,174,2.4,0,0.1,0,29.51,False
4529,2026-07-30T10:55:15Z,33,4.5,0,0.1,0,29.51,False
4530,2026-07-30T10:56:15Z,170,3.5,0,0.1,0,29.51,False
4531,2026-07-30T10:57:15Z,52,5.5,0,0.1,0,29.51,False
4532,2026-07-30T10:58:15Z,23,5,0,0.1,0,29.51,False
4533,2026-07-30T10:59:15Z,29,4.5,0,0.1,0,29.51,False
4534,2026-07-30T11:00:15Z,23,4.5,0,0.1,0,29.51,False
4535,2026-07-30T11:01:15Z,175,3.9,0,0.1,0,29.51,False
4536,2026-07-30T11:02:15Z,180,3.1,0,0.1,0,29.51,False
4537,2026-07-30T11:03:15Z,180,5.2,0,0.1,0,29.51,False
4538,2026-07-30T11:04:15Z,50,5.3,0,0.1,0,29.51,False
4539,2026-07-30T11:05:15Z,34,4,0,0.1,0,29.51,False
4540,2026-07-30T11:06:15Z,56,5.4,0,0.1,0,29.51,False
4541,2026-07-30T11:07:15Z,131,4.3,0,0.1,0,29.51,False
4542,2026-07-30T11:08:15Z,42,5.2,0,0.1,0,29.51,False
4543,2026-07-30T11:09:15Z,102,2.9,0,0.1,0,29.51,False
4544,2026-07-30T11:10:15Z,170,2.9,0,0.1,0,29.51,False
4545,2026-07-30T11:11:15Z,102,4.2,0,0.1,0,29.51,False
4546,2026-07-30T11:12:15Z,42,3.4,0,0.1,0,29.51,False
4547,2026-07-30T11:13:15Z,177,6.8,0,0.1,0.011,29.51,True
4548,2026-07-30T11:14:15Z,42,5.5,0,0.1,0,29.51,False
4549,2026-07-30T11:15:15Z,26,6.5,0,0.1,0,29.51,False
4550,2026-07-30T11:16:15Z,66,4.9,0,0.1,0,29.52,False
4551,2026-07-30T11:17:15Z,25,6.9,0,0.1,0,29.52,False
4552,2026-07-30T11:18:15Z,33,5.9,0,0.1,0,29.52,False
4553,2026-07-30T11:19:15Z,176,6.9,0,0.1,0,29.52,False
4554,2026-07-30T11:20:15Z,170,3.4,0,0.1,0,29.52,False
4555,2026-07-30T11:21:15Z,137,6.8,0,0.1,0,29.52,False
4556,2026-07-30T11:22:15Z,102,4.7,0,0.1,0,29.52,False
4557,2026-07-30T11:23:15Z,173,4.7,0,0.1,0,29.52,False
4558,2026-07-30T11:24:15Z,96,3.4,0,0.1,0,29.52,False
4559,2026-07-30T11:25:15Z,153,3,0,0.1,0,29.52,False
4560,2026-07-30T11:26:15Z,137,3.7,0,0.1,0,29.52,False
4561,2026-07-30T11:27:15Z,173,6.3,0,0.1,0,29.52,False
4562,2026-07-30T11:28:15Z,137,5.8,0,0.1,0,29.52,False
4563,2026-07-30T11:29:15Z,62,7.8,0,0.1,0,29.52,False
4564,2026-07-30T11:30:15Z,171,6.8,0,0.1,0,29.52,False
4565,2026-07-30T11:31:15Z,42,7.1,0,0.1,0,29.52,False
4566,2026-07-30T11:32:15Z,161,3.9,0,0.1,0,29.52,False
4567,2026-07-30T11:33:15Z,147,6.3,0,0.1,0,29.52,False
4568,2026-07-30T11:34:15Z,42,10.6,0,0.1,0,29.52,False
4569,2026-07-30T11:35:15Z,169,5.8,0,0.1,0,29.52,False
4570,2026-07-30T11:36:15Z,170,3.9,0,0.1,0,29.52,False
4571,2026-07-30T11:37:15Z,170,5.3,0,0.1,0,29.52,False
4572,2026-07-30T11:38:15Z,56,8.5,0,0.1,0,29.52,False
4573,2026-07-30T11:40:15Z,142,4.3,0,0.1,0,29.52,False
4574,2026-07-30T11:41:15Z,153,3,0,0.1,0,29.52,False
4575,2026-07-30T11:42:15Z,180,3,0,0.1,0,29.52,False
4576,2026-07-30T11:43:15Z,167,3.9,0,0.1,0,29.53,False
4577,2026-07-30T11:44:15Z,160,7.6,0,0.1,0,29.53,False
4578,2026-07-30T11:45:15Z,167,5,0,0.1,0,29.53,False
4579,2026-07-30T11:46:15Z,178,4.9,0,0.1,0,29.53,False
4580,2026-07-30T11:47:15Z,102,3.6,0,0.1,0,29.53,False
4581,2026-07-30T11:48:15Z,176,4,0,0.1,0,29.53,False
4582,2026-07-30T11:50:15Z,174,6,0,0.1,0,29.53,False
4583,2026-07-30T11:51:15Z,172,5.1,0,0.1,0,29.53,False
4584,2026-07-30T11:52:15Z,147,4.4,0,0.1,0,29.53,False
4585,2026-07-30T11:53:15Z,165,3.9,0,0.1,0,29.53,False
4586,2026-07-30T11:54:15Z,180,5.2,0,0.1,0,29.53,False
4587,2026-07-30T11:55:15Z,153,6.3,0,0.1,0,29.53,False
4588,2026-07-30T11:56:15Z,42,6.5,0,0.1,0,29.53,False
4589,2026-07-30T11:57:15Z,137,4.6,0,0.1,0,29.53,False
4590,2026-07-30T11:58:15Z,171,5.2,0,0.1,0,29.53,False
4591,2026-07-30T11:59:15Z,23,4.7,0,0.1,0,29.53,False
4592,2026-07-30T12:00:15Z,56,4,0,0.1,0,29.53,False
4593,2026-07-30T12:01:15Z,56,3.9,0,0.1,0,29.53,False
4594,2026-07-30T12:02:15Z,184,4.5,0,0.1,0,29.54,False
4595,2026-07-30T12:03:15Z,173,6.6,0,0.1,0,29.54,False
4596,2026-07-30T12:04:15Z,23,5.5,0,0.1,0,29.54,False
4597,2026-07-30T12:05:15Z,161,4,0,0.1,0,29.54,False
4598,2026-07-30T12:06:15Z,102,3.5,0,0.1,0,29.54,False
4599,2026-07-30T12:07:15Z,176,1.4,0,0.1,0,29.54,False
4600,2026-07-30T12:08:15Z,175,3.4,0,0.1,0,29.54,False
4601,2026-07-30T12:09:15Z,168,5.3,0,0.1,0,29.54,False
4602,2026-07-30T12:11:15Z,173,4.7,0,0.1,0,29.54,False
4603,2026-07-30T12:12:15Z,147,5.2,0,0.1,0,29.54,False
4604,2026-07-30T12:13:16Z,28,7.3,0,0.1,0,29.54,False
4605,2026-07-30T12:14:15Z,180,7.4,0,0.1,0,29.54,False
4606,2026-07-30T12:15:15Z,170,5.7,0,0.1,0,29.54,False
4607,2026-07-30T12:16:15Z,147,7,0,0.1,0,29.54,False
4608,2026-07-30T12:17:15Z,167,5.5,0,0.1,0,29.54,False
4609,2026-07-30T12:18:15Z,177,3.2,0,0.1,0,29.54,False
4610,2026-07-30T12:20:15Z,153,5.4,0,0.1,0,29.54,False
4611,2026-07-30T12:21:15Z,72,5.1,0,0.1,0,29.54,False
4612,2026-07-30T12:22:15Z,177,3.2,0,0.1,0,29.54,False
4613,2026-07-30T12:23:15Z,180,4.7,0,0.1,0,29.54,False
4614,2026-07-30T12:24:15Z,180,5.6,0,0.1,0,29.54,False
4615,2026-07-30T12:25:15Z,180,5,0,0.1,0,29.54,False
4616,2026-07-30T12:26:15Z,42,4.1,0,0.1,0,29.54,False
4617,2026-07-30T12:27:15Z,147,4.8,0,0.1,0,29.54,False
4618,2026-07-30T12:28:15Z,138,5.2,0,0.1,0,29.54,False
4619,2026-07-30T12:29:15Z,56,4.9,0,0.1,0,29.54,False
4620,2026-07-30T12:30:15Z,173,5.4,0,0.1,0,29.54,False
4621,2026-07-30T12:31:15Z,120,5,0,0.1,0,29.54,False
4622,2026-07-30T12:32:15Z,180,8.1,0,0.1,0,29.54,False
4623,2026-07-30T12:33:15Z,161,9,0,0.1,0,29.54,False
4624,2026-07-30T12:34:15Z,147,6.3,0,0.1,0,29.54,False
4625,2026-07-30T12:35:15Z,180,3.1,0,0.1,0,29.54,False
4626,2026-07-30T12:36:15Z,172,5.1,0,0.1,0,29.54,False
4627,2026-07-30T12:37:15Z,170,4.8,0,0.1,0,29.54,False
4628,2026-07-30T12:38:15Z,42,5.7,0,0.1,0,29.54,False
4629,2026-07-30T12:39:15Z,25,5.5,0,0.1,0,29.54,False
4630,2026-07-30T12:40:15Z,147,5.5,0,0.1,0,29.54,False
4631,2026-07-30T12:41:15Z,25,5.7,0,0.1,0,29.54,False
4632,2026-07-30T12:42:15Z,177,8.1,0,0.1,0,29.54,False
4633,2026-07-30T12:43:15Z,66,5.5,0,0.1,0,29.53,False
4634,2026-07-30T12:44:15Z,180,4.1,0,0.1,0,29.54,False
4635,2026-07-30T12:45:15Z,122,3.6,0,0.1,0,29.54,False
4636,2026-07-30T12:46:15Z,164,5.1,0,0.1,0,29.54,False
4637,2026-07-30T12:47:15Z,23,5.7,0,0.1,0,29.54,False
4638,2026-07-30T12:48:15Z,26,6.6,0,0.1,0,29.54,False
4639,2026-07-30T12:50:15Z,38,4.1,0,0.1,0,29.54,False
4640,2026-07-30T12:51:15Z,168,3,0,0.1,0,29.53,False
4641,2026-07-30T12:52:15Z,102,5.8,0,0.1,0,29.54,False
4642,2026-07-30T12:53:15Z,23,5,0,0.1,0,29.53,False
4643,2026-07-30T12:54:15Z,35,4.7,0,0.1,0,29.54,False
4644,2026-07-30T12:55:15Z,177,3.9,0,0.1,0,29.53,False
4645,2026-07-30T12:56:15Z,33,2.8,0,0.1,0,29.53,False
4646,2026-07-30T12:57:15Z,165,5.9,0,0.1,0,29.53,False
4647,2026-07-30T12:58:15Z,42,4.1,0,0.1,0,29.53,False
4648,2026-07-30T12:59:15Z,33,5,0,0.1,0,29.53,False
4649,2026-07-30T13:00:15Z,167,5,0,0.1,0,29.53,False
4650,2026-07-30T13:01:15Z,161,11.4,0,0.1,0,29.53,False
4651,2026-07-30T13:02:15Z,23,7.2,0,0.1,0,29.53,False
4652,2026-07-30T13:03:15Z,108,5.6,0,0.1,0,29.53,False
4653,2026-07-30T13:04:15Z,27,4,0,0.1,0,29.53,False
4654,2026-07-30T13:05:15Z,102,3,0,0.1,0,29.53,False
4655,2026-07-30T13:06:15Z,178,6.7,0,0.1,0,29.53,False
4656,2026-07-30T13:07:15Z,77,5.9,0,0.1,0,29.53,False
4657,2026-07-30T13:08:15Z,167,6,0,0.1,0,29.53,False
4658,2026-07-30T13:09:15Z,167,8.9,0,0.1,0,29.53,False
4659,2026-07-30T13:10:15Z,123,4,0,0.1,0,29.53,False
4660,2026-07-30T13:11:15Z,173,4.8,0,0.1,0,29.53,False
4661,2026-07-30T13:12:15Z,172,4.2,0,0.1,0,29.53,False
4662,2026-07-30T13:13:15Z,167,4,0,0.1,0,29.53,False
4663,2026-07-30T13:14:15Z,172,5.1,0,0.1,0,29.54,False
4664,2026-07-30T13:15:15Z,161,7.8,0,0.1,0,29.54,False
4665,2026-07-30T13:16:15Z,173,7.8,0,0.1,0,29.54,False
4666,2026-07-30T13:17:15Z,181,2.9,0,0.1,0,29.54,False
4667,2026-07-30T13:18:15Z,170,5.6,0,0.1,0,29.53,False
4668,2026-07-30T13:20:15Z,167,6.6,0,0.1,0,29.54,False
4669,2026-07-30T13:21:15Z,167,2.6,0,0.1,0,29.54,False
4670,2026-07-30T13:22:15Z,168,2.8,0,0.1,0,29.54,False
4671,2026-07-30T13:23:15Z,147,4.5,0,0.1,0,29.54,False
4672,2026-07-30T13:24:15Z,57,7.6,0,0.1,0,29.54,False
4673,2026-07-30T13:25:15Z,178,5.1,0,0.1,0,29.54,False
4674,2026-07-30T13:26:15Z,165,8.4,0,0.1,0,29.54,False
4675,2026-07-30T13:27:15Z,178,7.1,0,0.1,0,29.54,False
4676,2026-07-30T13:28:15Z,173,6.9,0,0.1,0,29.54,False
4677,2026-07-30T13:29:15Z,173,9.5,0,0.1,0,29.54,False
4678,2026-07-30T13:30:15Z,147,13,0,0.1,0,29.54,False
4679,2026-07-30T13:31:15Z,185,9.5,0,0.1,0,29.54,False
4680,2026-07-30T13:32:15Z,77,4.2,0,0.1,0,29.54,False
4681,2026-07-30T13:33:15Z,80,5.5,0,0.1,0,29.54,False
4682,2026-07-30T13:34:15Z,176,7.8,0,0.1,0,29.54,False
4683,2026-07-30T13:35:15Z,178,8.800000000000001,0,0.1,0,29.54,False
4684,2026-07-30T13:36:15Z,176,5.7,0,0.1,0,29.54,False
4685,2026-07-30T13:37:15Z,161,5.1,0,0.1,0,29.54,False
4686,2026-07-30T13:38:15Z,183,5.9,0,0.1,0,29.54,False
4687,2026-07-30T13:40:15Z,182,3.5,0,0.1,0,29.54,False
4688,2026-07-30T13:41:15Z,174,5.3,0,0.1,0,29.54,False
4689,2026-07-30T13:42:15Z,170,5.1,0,0.1,0,29.54,False
4690,2026-07-30T13:43:15Z,102,6.9,0,0.1,0,29.54,False
4691,2026-07-30T13:44:15Z,180,5.6,0,0.1,0,29.54,False
4692,2026-07-30T13:45:15Z,173,6.1,0,0.1,0,29.54,False
4693,2026-07-30T13:46:15Z,147,3.4,0,0.1,0,29.54,False
4694,2026-07-30T13:47:15Z,175,3.4,0,0.1,0,29.54,False
4695,2026-07-30T13:48:15Z,177,3.1,0,0.1,0,29.54,False
4696,2026-07-30T13:50:15Z,161,2.8,0,0.1,0,29.55,False
4697,2026-07-30T13:51:15Z,176,2.5,0,0.1,0,29.55,False
4698,2026-07-30T13:52:15Z,179,3.9,0,0.1,0,29.55,False
4699,2026-07-30T13:53:15Z,179,5.4,0,0.1,0,29.55,False
4700,2026-07-30T13:54:15Z,161,4,0,0.1,0,29.55,False
4701,2026-07-30T13:55:15Z,177,3.1,0,0.1,0,29.55,False
4702,2026-07-30T13:56:15Z,23,3.5,0,0.1,0,29.55,False
4703,2026-07-30T13:57:15Z,177,4,0,0.1,0,29.55,False
4704,2026-07-30T13:58:15Z,180,5.9,0,0.1,0,29.55,False
4705,2026-07-30T13:59:15Z,137,3.8,0,0.1,0,29.55,False
4706,2026-07-30T14:01:15Z,180,3.4,0,0.1,0,29.55,False
4707,2026-07-30T14:02:15Z,147,4.9,0,0.1,0,29.55,False
4708,2026-07-30T14:03:15Z,105,6.8,0,0.1,0,29.55,False
4709,2026-07-30T14:04:15Z,165,6.1,0,0.1,0,29.55,False
4710,2026-07-30T14:05:15Z,42,5.4,0,0.1,0,29.55,False
4711,2026-07-30T14:06:15Z,139,5.2,0,0.1,0,29.55,False
4712,2026-07-30T14:07:15Z,147,6.2,0,0.1,0,29.55,False
4713,2026-07-30T14:08:15Z,188,6.3,0,0.1,0,29.55,False
4714,2026-07-30T14:10:15Z,187,8.4,0,0.1,0,29.55,False
4715,2026-07-30T14:11:15Z,56,6.2,0,0.1,0,29.55,False
4716,2026-07-30T14:12:15Z,173,7.6,0,0.1,0,29.55,False
4717,2026-07-30T14:13:15Z,178,3.5,0,0.1,0,29.55,False
4718,2026-07-30T14:14:15Z,173,5.9,0,0.1,0,29.55,False
4719,2026-07-30T14:15:15Z,180,2.7,0,0.1,0,29.55,False
4720,2026-07-30T14:16:15Z,138,5.4,0,0.1,0,29.55,False
4721,2026-07-30T14:17:15Z,177,4.3,0,0.1,0,29.55,False
4722,2026-07-30T14:18:15Z,60,3.5,0,0.1,0,29.55,False
4723,2026-07-30T14:20:15Z,138,4.7,0,0.1,0,29.56,False
4724,2026-07-30T14:21:15Z,147,5.7,0,0.1,0,29.56,False
4725,2026-07-30T14:22:15Z,172,2.7,0,0.1,0,29.56,False
4726,2026-07-30T14:23:15Z,161,5,0,0.1,0,29.56,False
4727,2026-07-30T14:24:15Z,147,5.6,0,0.1,0,29.56,False
4728,2026-07-30T14:25:15Z,161,8,0,0.1,0,29.56,False
4729,2026-07-30T14:26:15Z,174,9.4,0,0.1,0,29.56,False
4730,2026-07-30T14:27:15Z,147,5.1,0,0.1,0,29.56,False
4731,2026-07-30T14:28:15Z,177,5.6,0,0.1,0,29.56,False
4732,2026-07-30T14:30:15Z,177,3.8,0,0.1,0,29.56,False
4733,2026-07-30T14:31:15Z,168,6.8,0,0.1,0,29.56,False
4734,2026-07-30T14:32:15Z,178,5.5,0,0.1,0,29.56,False
4735,2026-07-30T14:33:15Z,170,5.3,0,0.1,0,29.56,False
4736,2026-07-30T14:34:15Z,180,4.5,0,0.1,0,29.56,False
4737,2026-07-30T14:35:15Z,102,5,0,0.1,0,29.56,False
4738,2026-07-30T14:36:15Z,170,7,0,0.1,0,29.57,False
4739,2026-07-30T14:37:15Z,127,6.7,0,0.1,0,29.57,False
4740,2026-07-30T14:38:15Z,42,6.1,0,0.1,0,29.57,False
4741,2026-07-30T14:40:15Z,182,2.7,0,0.1,0,29.57,False
4742,2026-07-30T14:41:15Z,180,2.8,0,0.1,0,29.57,False
4743,2026-07-30T14:42:15Z,153,5.1,0,0.1,0,29.57,False
4744,2026-07-30T14:43:15Z,180,4.7,0,0.1,0,29.57,False
4745,2026-07-30T14:44:15Z,110,3.9,0,0.1,0,29.57,False
4746,2026-07-30T14:45:15Z,147,3.1,0,0.1,0,29.57,False
4747,2026-07-30T14:46:15Z,161,3.2,0,0.1,0,29.57,False
4748,2026-07-30T14:47:15Z,23,5.1,0,0.1,0,29.57,False
4749,2026-07-30T14:48:15Z,161,3.9,0,0.1,0,29.57,False
4750,2026-07-30T14:50:15Z,180,5.9,0,0.1,0,29.57,False
4751,2026-07-30T14:51:15Z,42,5.5,0,0.1,0,29.57,False
4752,2026-07-30T14:52:15Z,102,6.3,0,0.1,0,29.57,False
4753,2026-07-30T14:53:15Z,161,3.7,0,0.1,0,29.57,False
4754,2026-07-30T14:54:15Z,102,5,0,0.1,0,29.57,False
4755,2026-07-30T14:55:15Z,164,5,0,0.1,0,29.57,False
4756,2026-07-30T14:56:15Z,152,6.8,0,0.1,0,29.57,False
4757,2026-07-30T14:57:15Z,102,5.1,0,0.1,0,29.58,False
4758,2026-07-30T14:58:15Z,168,3.7,0,0.1,0,29.58,False
4759,2026-07-30T14:59:15Z,170,4.2,0,0.1,0,29.58,False
4760,2026-07-30T15:00:15Z,176,2.9,0,0.1,0,29.58,False
4761,2026-07-30T15:01:15Z,56,5.7,0,0.1,0,29.58,False
4762,2026-07-30T15:02:15Z,161,4.9,0,0.1,0,29.58,False
4763,2026-07-30T15:03:15Z,178,4.2,0,0.1,0,29.58,False
4764,2026-07-30T15:04:15Z,156,6.6,0,0.1,0,29.58,False
4765,2026-07-30T15:05:15Z,33,5.1,0,0.1,0,29.58,False
4766,2026-07-30T15:06:15Z,102,4.3,0,0.1,0,29.57,False
4767,2026-07-30T15:07:15Z,131,5.2,0,0.1,0,29.57,False
4768,2026-07-30T15:08:15Z,23,5.8,0,0.1,0,29.57,False
4769,2026-07-30T15:10:15Z,174,8.6,0,0.1,0,29.57,False
4770,2026-07-30T15:11:15Z,42,11.8,0,0.1,0,29.57,False
4771,2026-07-30T15:12:15Z,36,6.9,0,0.1,0,29.57,False
4772,2026-07-30T15:13:15Z,102,6.7,0,0.1,0,29.57,False
4773,2026-07-30T15:14:15Z,137,7.7,0,0.1,0,29.57,False
4774,2026-07-30T15:15:15Z,102,7.6,0,0.1,0,29.56,False
4775,2026-07-30T15:16:15Z,138,6.6,0,0.1,0,29.56,False
4776,2026-07-30T15:17:15Z,33,6.6,0,0.1,0,29.56,False
4777,2026-07-30T15:18:15Z,137,5.3,0,0.1,0,29.56,False
4778,2026-07-30T15:20:15Z,33,4.5,0,0.1,0,29.56,False
4779,2026-07-30T15:21:15Z,102,4.2,0,0.1,0,29.56,False
4780,2026-07-30T15:22:15Z,161,5.2,0,0.1,0,29.56,False
4781,2026-07-30T15:23:15Z,161,6,0,0.1,0,29.56,False
4782,2026-07-30T15:24:15Z,23,13.9,0,0.1,0,29.56,False
4783,2026-07-30T15:25:15Z,180,10.5,0,0.1,0,29.56,False
4784,2026-07-30T15:26:15Z,72,6.2,0,0.1,0,29.56,False
4785,2026-07-30T15:27:15Z,163,5.5,0,0.1,0,29.56,False
4786,2026-07-30T15:28:15Z,174,4.1,0,0.1,0,29.56,False
4787,2026-07-30T15:29:15Z,188,5.2,0,0.1,0,29.56,False
4788,2026-07-30T15:30:15Z,122,6.4,0,0.1,0,29.56,False
4789,2026-07-30T15:31:15Z,102,7.5,0,0.1,0,29.56,False
4790,2026-07-30T15:32:15Z,42,4.6,0,0.1,0,29.56,False
4791,2026-07-30T15:33:15Z,154,3.2,0,0.1,0,29.56,False
4792,2026-07-30T15:34:15Z,56,5.1,0,0.1,0,29.56,False
4793,2026-07-30T15:35:15Z,180,4.8,0,0.1,0,29.56,False
4794,2026-07-30T15:36:15Z,56,3.8,0,0.1,0,29.56,False
4795,2026-07-30T15:37:15Z,35,6.8,0,0.1,0,29.56,False
4796,2026-07-30T15:38:15Z,102,8.300000000000001,0,0.1,0,29.56,False
4797,2026-07-30T15:40:15Z,23,5.5,0,0.1,0,29.56,False
4798,2026-07-30T15:41:15Z,102,5.2,0,0.1,0,29.56,False
4799,2026-07-30T15:42:15Z,160,7,0,0.1,0,29.56,False
4800,2026-07-30T15:43:15Z,159,4.9,0,0.1,0,29.56,False
4801,2026-07-30T15:44:15Z,66,5.5,0,0.1,0,29.56,False
4802,2026-07-30T15:45:15Z,176,4.4,0,0.1,0,29.56,False
4803,2026-07-30T15:46:15Z,176,3.9,0,0.1,0,29.56,False
4804,2026-07-30T15:47:15Z,23,4.8,0,0.1,0,29.56,False
4805,2026-07-30T15:48:15Z,163,6.7,0,0.1,0,29.56,False
4806,2026-07-30T15:49:15Z,42,7.5,0,0.1,0,29.56,False
4807,2026-07-30T15:50:15Z,50,5.3,0,0.1,0,29.56,False
4808,2026-07-30T15:51:15Z,48,8.1,0,0.1,0,29.56,False
4809,2026-07-30T15:52:15Z,173,8.800000000000001,0,0.1,0,29.56,False
4810,2026-07-30T15:53:15Z,147,5.1,0,0.1,0,29.56,False
4811,2026-07-30T15:54:15Z,180,4.9,0,0.1,0,29.56,False
4812,2026-07-30T15:55:15Z,161,4.6,0,0.1,0,29.56,False
4813,2026-07-30T15:56:15Z,180,6.2,0,0.1,0,29.56,False
4814,2026-07-30T15:57:15Z,56,6.1,0,0.1,0,29.56,False
4815,2026-07-30T15:58:15Z,173,6.8,0,0.1,0,29.56,False
4816,2026-07-30T15:59:15Z,35,3.8,0,0.1,0,29.56,False
4817,2026-07-30T16:01:15Z,102,11,0,0.1,0,29.56,False
4818,2026-07-30T16:02:15Z,28,13.6,0,0.1,0,29.56,False
4819,2026-07-30T16:03:15Z,161,10.5,0,0.1,0,29.56,False
4820,2026-07-30T16:04:15Z,173,6.2,0,0.1,0,29.56,False
4821,2026-07-30T16:05:15Z,170,7.7,0,0.1,0,29.56,False
4822,2026-07-30T16:06:15Z,125,5.6,0,0.1,0,29.56,False
4823,2026-07-30T16:07:15Z,180,5.3,0,0.1,0,29.56,False
4824,2026-07-30T16:08:15Z,175,5.1,0,0.1,0,29.56,False
4825,2026-07-30T16:10:15Z,56,8.1,0,0.1,0,29.56,False
4826,2026-07-30T16:11:15Z,167,9,0,0.1,0,29.56,False
4827,2026-07-30T16:12:15Z,56,5.3,0,0.1,0,29.56,False
4828,2026-07-30T16:13:15Z,151,3.1,0,0.1,0,29.56,False
4829,2026-07-30T16:14:15Z,102,6.1,0,0.1,0,29.56,False
4830,2026-07-30T16:15:15Z,137,5,0,0.1,0,29.56,False
4831,2026-07-30T16:16:15Z,42,5.1,0,0.1,0,29.56,False
4832,2026-07-30T16:17:15Z,161,2.9,0,0.1,0,29.56,False
4833,2026-07-30T16:18:15Z,161,5.6,0,0.1,0,29.56,False
4834,2026-07-30T16:20:15Z,186,4,0,0.1,0,29.56,False
4835,2026-07-30T16:21:15Z,97,4.7,0,0.1,0,29.56,False
4836,2026-07-30T16:22:15Z,170,2.7,0,0.1,0,29.56,False
4837,2026-07-30T16:23:15Z,178,4,0,0.1,0,29.56,False
4838,2026-07-30T16:24:15Z,28,5.8,0,0.1,0,29.56,False
4839,2026-07-30T16:25:15Z,175,4.7,0,0.1,0,29.56,False
4840,2026-07-30T16:26:15Z,31,5.8,0,0.1,0,29.56,False
4841,2026-07-30T16:27:15Z,138,5.5,0,0.1,0,29.56,False
4842,2026-07-30T16:28:15Z,153,5.5,0,0.1,0,29.56,False
4843,2026-07-30T16:29:15Z,102,8.5,0,0.1,0,29.56,False
4844,2026-07-30T16:30:15Z,153,4.2,0,0.1,0,29.56,False
4845,2026-07-30T16:31:15Z,178,9.800000000000001,0,0.1,0,29.56,False
4846,2026-07-30T16:32:15Z,147,11,0,0.1,0,29.56,False
4847,2026-07-30T16:33:15Z,180,9.4,0,0.1,0,29.56,False
4848,2026-07-30T16:34:15Z,153,8.6,0,0.1,0,29.56,False
4849,2026-07-30T16:35:15Z,180,9.4,0,0.1,0,29.56,False
4850,2026-07-30T16:36:15Z,173,10.6,0,0.1,0,29.56,False
4851,2026-07-30T16:37:15Z,174,12.1,0,0.1,0,29.56,False
4852,2026-07-30T16:38:15Z,164,9.9,0,0.1,0,29.56,False
4853,2026-07-30T16:40:15Z,27,5.8,0,0.1,0,29.56,False
4854,2026-07-30T16:41:15Z,36,5,0,0.1,0,29.56,False
4855,2026-07-30T16:42:15Z,180,3.9,0,0.1,0,29.56,False
4856,2026-07-30T16:43:15Z,178,5,0,0.1,0,29.56,False
4857,2026-07-30T16:44:15Z,173,6,0,0.1,0,29.56,False
4858,2026-07-30T16:45:15Z,172,3.1,0,0.1,0,29.56,False
4859,2026-07-30T16:46:15Z,137,3.3,0,0.1,0,29.56,False
4860,2026-07-30T16:47:15Z,173,2.9,0,0.1,0,29.56,False
4861,2026-07-30T16:48:15Z,153,3.8,0,0.1,0,29.56,False
4862,2026-07-30T16:49:15Z,23,4,0,0.1,0,29.56,False
4863,2026-07-30T16:50:15Z,83,5.6,0,0.1,0,29.56,False
4864,2026-07-30T16:51:15Z,23,6.9,0,0.1,0,29.56,False
4865,2026-07-30T16:52:15Z,56,6,0,0.1,0,29.56,False
4866,2026-07-30T16:53:15Z,27,5.1,0,0.1,0,29.56,False
4867,2026-07-30T16:54:15Z,23,5.3,0,0.1,0,29.56,False
4868,2026-07-30T16:55:15Z,66,4.2,0,0.1,0,29.56,False
4869,2026-07-30T16:56:15Z,32,5.1,0,0.1,0,29.56,False
4870,2026-07-30T16:57:15Z,167,6.5,0,0.1,0,29.56,False
4871,2026-07-30T16:58:15Z,165,5.9,0,0.1,0,29.56,False
4872,2026-07-30T17:00:15Z,151,4.9,0,0.1,0,29.56,False
4873,2026-07-30T17:01:15Z,180,7.3,0,0.1,0,29.56,False
4874,2026-07-30T17:02:15Z,147,4.5,0,0.1,0,29.56,False
4875,2026-07-30T17:03:15Z,29,5.3,0,0.1,0,29.56,False
4876,2026-07-30T17:04:15Z,203,4.9,0,0.1,0,29.57,False
4877,2026-07-30T17:05:15Z,102,3.7,0,0.1,0,29.57,False
4878,2026-07-30T17:06:15Z,23,4,0,0.1,0,29.57,False
4879,2026-07-30T17:07:15Z,161,4.5,0,0.1,0,29.57,False
4880,2026-07-30T17:08:15Z,174,2.6,0,0.1,0,29.57,False
4881,2026-07-30T17:09:15Z,160,1.7,0,0.1,0,29.57,False
4882,2026-07-30T17:10:15Z,36,2.8,0,0.1,0,29.57,False
4883,2026-07-30T17:11:15Z,180,2,0,0.1,0,29.57,False
4884,2026-07-30T17:12:15Z,152,1.8,0,0.1,0,29.57,False
4885,2026-07-30T17:13:15Z,59,1.7,0,0.1,0,29.57,False
4886,2026-07-30T17:14:15Z,102,5.3,0,0.1,0,29.57,False
4887,2026-07-30T17:15:15Z,159,4.2,0,0.1,0,29.57,False
4888,2026-07-30T17:16:15Z,180,3.8,0,0.1,0,29.57,False
4889,2026-07-30T17:17:15Z,42,5.1,0,0.1,0,29.57,False
4890,2026-07-30T17:18:15Z,102,5.2,0,0.1,0,29.57,False
4891,2026-07-30T17:19:15Z,23,3,0,0.1,0,29.57,False
4892,2026-07-30T17:20:15Z,48,6.5,0,0.1,0,29.57,False
4893,2026-07-30T17:21:15Z,50,4.3,0,0.1,0,29.57,False
4894,2026-07-30T17:22:15Z,131,5.2,0,0.1,0,29.57,False
4895,2026-07-30T17:23:15Z,147,3.7,0,0.1,0,29.57,False
4896,2026-07-30T17:24:15Z,180,3,0,0.1,0,29.57,False
4897,2026-07-30T17:25:15Z,102,3.2,0,0.1,0,29.57,False
4898,2026-07-30T17:26:15Z,175,1.9,0,0.1,0,29.57,False
4899,2026-07-30T17:27:15Z,23,2.1,0,0.1,0,29.57,False
4900,2026-07-30T17:28:15Z,26,1.9,0,0.1,0,29.57,False
4901,2026-07-30T17:29:15Z,102,2.5,0,0.1,0,29.57,False
4902,2026-07-30T17:30:15Z,102,2.5,0,0.1,0,29.57,False
4903,2026-07-30T17:31:15Z,160,2.7,0,0.1,0,29.57,False
4904,2026-07-30T17:32:15Z,170,3.2,0,0.1,0,29.57,False
4905,2026-07-30T17:33:15Z,147,3.1,0,0.1,0,29.57,False
4906,2026-07-30T17:34:15Z,102,1.1,0,0.1,0,29.57,False
4907,2026-07-30T17:35:15Z,94,1.6,0,0.1,0,29.57,False
4908,2026-07-30T17:36:15Z,23,2.3,0,0.1,0,29.57,False
4909,2026-07-30T17:37:15Z,170,1.3,0,0.1,0,29.57,False
4910,2026-07-30T17:38:15Z,25,1.9,0,0.1,0,29.57,False
4911,2026-07-30T17:40:15Z,199,2.2,0,0.1,0,29.57,False
4912,2026-07-30T17:41:15Z,77,3,0,0.1,0,29.57,False
4913,2026-07-30T17:42:15Z,48,6.4,0,0.1,0,29.57,False
4914,2026-07-30T17:43:15Z,125,3.4,0,0.1,0,29.57,False
4915,2026-07-30T17:44:15Z,180,4.7,0,0.1,0,29.57,False
4916,2026-07-30T17:45:15Z,102,2.7,0,0.1,0,29.57,False
4917,2026-07-30T17:46:15Z,180,2.6,0,0.1,0,29.57,False
4918,2026-07-30T17:47:15Z,33,3.7,0,0.1,0,29.57,False
4919,2026-07-30T17:48:15Z,102,3.6,0,0.1,0,29.57,False
4920,2026-07-30T17:49:15Z,131,3.7,0,0.1,0,29.57,False
4921,2026-07-30T17:50:15Z,56,3.7,0,0.1,0,29.57,False
4922,2026-07-30T17:51:15Z,167,3.4,0,0.1,0,29.57,False
4923,2026-07-30T17:52:15Z,26,5.3,0,0.1,0,29.56,False
4924,2026-07-30T17:53:15Z,195,6,0,0.1,0,29.56,False
4925,2026-07-30T17:54:15Z,23,9.699999999999999,0,0.1,0,29.56,False
4926,2026-07-30T17:55:15Z,172,3.6,0,0.1,0,29.56,False
4927,2026-07-30T17:56:15Z,177,6.6,0,0.1,0,29.56,False
4928,2026-07-30T17:57:15Z,38,6.7,0,0.1,0,29.56,False
4929,2026-07-30T17:58:15Z,102,4.9,0,0.1,0,29.56,False
4930,2026-07-30T17:59:15Z,23,7.6,0,0.1,0,29.56,False
4931,2026-07-30T18:00:15Z,33,7.4,0,0.1,0,29.56,False
4932,2026-07-30T18:01:15Z,33,8.1,0,0.1,0,29.56,False
4933,2026-07-30T18:02:15Z,77,7.7,0,0.1,0,29.56,False
4934,2026-07-30T18:03:15Z,178,5.4,0,0.1,0,29.56,False
4935,2026-07-30T18:04:15Z,137,9,0,0.1,0,29.56,False
4936,2026-07-30T18:05:15Z,116,7.3,0,0.1,0,29.56,False
4937,2026-07-30T18:06:15Z,27,6.4,0,0.1,0,29.56,False
4938,2026-07-30T18:07:15Z,178,7.3,0,0.1,0,29.56,False
4939,2026-07-30T18:08:15Z,180,8.9,0,0.1,0,29.56,False
4940,2026-07-30T18:09:15Z,180,7.8,0,0.1,0,29.56,False
4941,2026-07-30T18:10:15Z,175,6.1,0,0.1,0,29.56,False
4942,2026-07-30T18:11:16Z,173,4.7,0,0.1,0,29.56,False
4943,2026-07-30T18:12:15Z,172,4.6,0,0.1,0,29.56,False
4944,2026-07-30T18:13:15Z,170,5.1,0,0.1,0,29.56,False
4945,2026-07-30T18:14:15Z,176,4.8,0,0.1,0,29.56,False
4946,2026-07-30T18:15:15Z,135,3.8,0,0.1,0,29.56,False
4947,2026-07-30T18:16:15Z,175,5,0,0.1,0,29.56,False
4948,2026-07-30T18:17:15Z,28,5.2,0,0.1,0,29.56,False
4949,2026-07-30T18:18:15Z,153,4.6,0,0.1,0,29.56,False
4950,2026-07-30T18:20:15Z,42,6.9,0,0.1,0,29.56,False
4951,2026-07-30T18:21:15Z,160,4.1,0,0.1,0,29.56,False
4952,2026-07-30T18:22:15Z,164,5.8,0,0.1,0,29.56,False
4953,2026-07-30T18:23:15Z,165,4.7,0,0.1,0,29.56,False
4954,2026-07-30T18:24:15Z,137,4.1,0,0.1,0,29.56,False
4955,2026-07-30T18:25:15Z,35,4.9,0,0.1,0,29.56,False
4956,2026-07-30T18:26:15Z,42,4.9,0,0.1,0,29.56,False
4957,2026-07-30T18:27:15Z,23,5.6,0,0.1,0,29.56,False
4958,2026-07-30T18:28:15Z,170,2.6,0,0.1,0,29.56,False
4959,2026-07-30T18:29:15Z,172,2.4,0,0.1,0,29.56,False
4960,2026-07-30T18:30:15Z,170,3.4,0,0.1,0,29.56,False
4961,2026-07-30T18:31:15Z,180,5.5,0,0.1,0,29.56,False
4962,2026-07-30T18:32:15Z,60,6.8,0,0.1,0,29.56,False
4963,2026-07-30T18:33:15Z,23,7.8,0,0.1,0,29.56,False
4964,2026-07-30T18:34:15Z,23,6.5,0,0.1,0,29.56,False
4965,2026-07-30T18:35:15Z,72,6.7,0,0.1,0,29.56,False
4966,2026-07-30T18:36:15Z,173,5.4,0,0.1,0,29.56,False
4967,2026-07-30T18:37:15Z,23,5.1,0,0.1,0,29.56,False
4968,2026-07-30T18:38:15Z,180,5.7,0,0.1,0,29.56,False
4969,2026-07-30T18:40:15Z,72,5.8,0,0.1,0,29.56,False
4970,2026-07-30T18:41:15Z,128,2.9,0,0.1,0,29.56,False
4971,2026-07-30T18:42:15Z,180,5.9,0,0.1,0,29.56,False
4972,2026-07-30T18:43:15Z,26,4.8,0,0.1,0,29.56,False
4973,2026-07-30T18:44:15Z,183,2,0,0.1,0,29.56,False
4974,2026-07-30T18:45:15Z,124,4.4,0,0.1,0,29.56,False
4975,2026-07-30T18:46:15Z,180,3.1,0,0.1,0,29.56,False
4976,2026-07-30T18:47:15Z,126,4.9,0,0.1,0,29.56,False
4977,2026-07-30T18:48:15Z,169,4,0,0.1,0,29.56,False
4978,2026-07-30T18:50:15Z,50,2,0,0.1,0,29.56,False
4979,2026-07-30T18:51:15Z,179,1.5,0,0.1,0,29.56,False
4980,2026-07-30T18:52:15Z,182,0.7,0,0.1,0,29.56,False
4981,2026-07-30T18:53:15Z,142,1.7,0,0.1,0,29.56,False
4982,2026-07-30T18:54:15Z,168,1.1,0,0.1,0,29.56,False
4983,2026-07-30T18:55:15Z,173,1.1,0,0.1,0,29.56,False
4984,2026-07-30T18:56:15Z,66,2.2,0,0.1,0,29.56,False
4985,2026-07-30T18:57:15Z,33,2.5,0,0.1,0,29.56,False
4986,2026-07-30T18:58:15Z,147,2.5,0,0.1,0,29.56,False
4987,2026-07-30T18:59:15Z,197,1.4,0,0.1,0,29.56,False
4988,2026-07-30T19:01:15Z,147,0.7,0,0.1,0,29.57,False
4989,2026-07-30T19:02:15Z,180,0.8,0,0.1,0,29.57,False
4990,2026-07-30T19:03:15Z,75,0.9,0,0.1,0,29.57,False
4991,2026-07-30T19:04:15Z,102,3.3,0,0.1,0,29.57,False
4992,2026-07-30T19:05:15Z,125,1.5,0,0.1,0,29.57,False
4993,2026-07-30T19:06:15Z,126,1.7,0,0.1,0,29.57,False
4994,2026-07-30T19:07:15Z,170,1.6,0,0.1,0,29.57,False
4995,2026-07-30T19:08:15Z,167,5.8,0,0.1,0,29.57,False
4996,2026-07-30T19:09:15Z,56,6,0,0.1,0,29.57,False
4997,2026-07-30T19:10:15Z,156,1.7,0,0.1,0,29.57,False
4998,2026-07-30T19:11:16Z,159,2.8,0,0.1,0,29.57,False
4999,2026-07-30T19:12:15Z,173,2.7,0,0.1,0,29.57,False
5000,2026-07-30T19:13:15Z,173,4.2,0,0.1,0,29.57,False
5001,2026-07-30T19:14:15Z,31,4.3,0,0.1,0,29.57,False
5002,2026-07-30T19:15:15Z,179,1.6,0,0.1,0,29.57,False
5003,2026-07-30T19:16:15Z,95,2.5,0,0.1,0,29.57,False
5004,2026-07-30T19:17:15Z,116,1.2,0,0.1,0,29.57,False
5005,2026-07-30T19:18:15Z,102,2.8,0,0.1,0,29.57,False
5006,2026-07-30T19:20:15Z,79,2.5,0,0.1,0,29.57,False
5007,2026-07-30T19:21:15Z,29,3.7,0,0.1,0,29.57,False
5008,2026-07-30T19:22:15Z,30,5.5,0,0.1,0,29.57,False
5009,2026-07-30T19:23:15Z,166,2.8,0,0.1,0,29.57,False
5010,2026-07-30T19:24:15Z,47,7.4,0,0.1,0,29.57,False
5011,2026-07-30T19:25:15Z,195,4,0,0.1,0,29.57,False
5012,2026-07-30T19:26:15Z,162,3.9,0,0.1,0,29.57,False
5013,2026-07-30T19:27:15Z,56,6.7,0,0.1,0,29.57,False
5014,2026-07-30T19:28:15Z,176,6.6,0,0.1,0,29.57,False
5015,2026-07-30T19:29:15Z,176,5.4,0,0.1,0,29.57,False
5016,2026-07-30T19:30:15Z,131,3.8,0,0.1,0,29.57,False
5017,2026-07-30T19:31:15Z,188,2.7,0,0.1,0,29.57,False
5018,2026-07-30T19:32:15Z,23,3.5,0,0.1,0,29.57,False
5019,2026-07-30T19:33:15Z,172,2.5,0,0.1,0,29.57,False
5020,2026-07-30T19:34:15Z,37,6.5,0,0.1,0,29.57,False
5021,2026-07-30T19:35:15Z,39,5.4,0,0.1,0,29.57,False
5022,2026-07-30T19:36:15Z,163,4.4,0,0.1,0,29.57,False
5023,2026-07-30T19:37:15Z,176,1,0,0.1,0,29.56,False
5024,2026-07-30T19:38:15Z,178,1.4,0,0.1,0,29.56,False
5025,2026-07-30T19:40:15Z,50,2,0,0.1,0,29.56,False
5026,2026-07-30T19:41:15Z,133,2.4,0,0.1,0,29.56,False
5027,2026-07-30T19:42:15Z,23,6.2,0,0.1,0,29.56,False
5028,2026-07-30T19:43:15Z,102,12.6,0,0.1,0,29.56,False
5029,2026-07-30T19:44:15Z,180,3.5,0,0.1,0,29.56,False
5030,2026-07-30T19:45:15Z,153,5.8,0,0.1,0,29.56,False
5031,2026-07-30T19:46:15Z,147,6.4,0,0.1,0,29.56,False
5032,2026-07-30T19:47:15Z,182,2.1,0,0.1,0,29.56,False
5033,2026-07-30T19:48:15Z,110,2.7,0,0.1,0,29.56,False
5034,2026-07-30T19:49:15Z,159,6.4,0,0.1,0,29.56,False
5035,2026-07-30T19:51:15Z,185,3.9,0,0.1,0,29.56,False
5036,2026-07-30T19:52:15Z,42,7.1,0,0.1,0,29.56,False
5037,2026-07-30T19:53:15Z,108,7.7,0,0.1,0,29.56,False
5038,2026-07-30T19:54:15Z,160,5,0,0.1,0,29.56,False
5039,2026-07-30T19:55:15Z,156,1.8,0,0.1,0,29.56,False
5040,2026-07-30T19:56:15Z,173,1.9,0,0.1,0,29.56,False
5041,2026-07-30T19:57:16Z,123,1.7,0,0.1,0,29.56,False
5042,2026-07-30T19:58:15Z,136,2.7,0,0.1,0,29.56,False
5043,2026-07-30T19:59:15Z,23,4.8,0,0.1,0,29.56,False
5044,2026-07-30T20:00:15Z,156,1.2,0,0.1,0,29.56,False
5045,2026-07-30T20:01:15Z,174,1.5,0,0.1,0,29.56,False
5046,2026-07-30T20:02:15Z,134,5.4,0,0.1,0,29.56,False
5047,2026-07-30T20:03:15Z,163,3.1,0,0.1,0,29.56,False
5048,2026-07-30T20:04:15Z,180,3.4,0,0.1,0,29.56,False
5049,2026-07-30T20:05:15Z,113,4.9,0,0.1,0,29.56,False
5050,2026-07-30T20:06:15Z,147,7.1,0,0.1,0,29.56,False
5051,2026-07-30T20:07:15Z,168,4.3,0,0.1,0,29.56,False
5052,2026-07-30T20:08:15Z,180,4.3,0,0.1,0,29.56,False
5053,2026-07-30T20:10:15Z,189,4.4,0,0.1,0,29.56,False
5054,2026-07-30T20:11:15Z,179,6.1,0,0.1,0,29.56,False
5055,2026-07-30T20:12:15Z,179,4.7,0,0.1,0,29.56,False
5056,2026-07-30T20:13:15Z,180,2.2,0,0.1,0,29.57,False
5057,2026-07-30T20:14:15Z,180,1.7,0,0.1,0,29.57,False
5058,2026-07-30T20:15:15Z,174,0.9,0,0.1,0,29.57,False
5059,2026-07-30T20:16:15Z,183,0.8,0,0.1,0,29.57,False
5060,2026-07-30T20:17:15Z,178,2.3,0,0.1,0,29.57,False
5061,2026-07-30T20:18:15Z,173,1.4,0,0.1,0,29.57,False
5062,2026-07-30T20:19:15Z,180,1.1,0,0.1,0,29.57,False
5063,2026-07-30T20:20:15Z,174,2,0,0.1,0,29.57,False
5064,2026-07-30T20:21:15Z,175,0.9,0,0.1,0,29.57,False
5065,2026-07-30T20:22:15Z,177,1.4,0,0.1,0,29.57,False
5066,2026-07-30T20:23:15Z,96,1.5,0,0.1,0,29.57,False
5067,2026-07-30T20:24:15Z,0,1.2,0,0.1,0,29.57,False
5068,2026-07-30T20:25:15Z,23,0.9,0,0.1,0,29.57,False
5069,2026-07-30T20:26:15Z,178,0.9,0,0.1,0,29.57,False
5070,2026-07-30T20:27:15Z,177,0.8,0,0.1,0,29.57,False
5071,2026-07-30T20:28:15Z,180,1.1,0,0.1,0,29.57,False
5072,2026-07-30T20:29:15Z,178,2.1,0,0.1,0,29.57,False
5073,2026-07-30T20:30:15Z,179,6.5,0,0.1,0,29.57,False
5074,2026-07-30T20:31:16Z,180,6.7,0,0.1,0,29.57,False
5075,2026-07-30T20:32:15Z,171,5,0,0.1,0,29.57,False
5076,2026-07-30T20:33:15Z,180,3.5,0,0.1,0,29.58,False
5077,2026-07-30T20:34:15Z,180,5.2,0,0.1,0,29.58,False
5078,2026-07-30T20:35:15Z,180,3.7,0,0.1,0,29.58,False
5079,2026-07-30T20:36:15Z,180,3.8,0,0.1,0,29.58,False
5080,2026-07-30T20:37:15Z,180,2.7,0,0.1,0,29.58,False
5081,2026-07-30T20:38:15Z,180,1,0,0.1,0,29.58,False
5082,2026-07-30T20:39:15Z,170,2.1,0,0.1,0,29.58,False
5083,2026-07-30T20:40:15Z,179,2.7,0,0.1,0,29.58,False
5084,2026-07-30T20:41:15Z,180,3.6,0,0.1,0,29.58,False
5085,2026-07-30T20:42:15Z,180,3.6,0,0.1,0,29.58,False
5086,2026-07-30T20:43:15Z,180,3.1,0,0.1,0,29.58,False
5087,2026-07-30T20:44:15Z,180,3.8,0,0.1,0,29.58,False
5088,2026-07-30T20:45:15Z,180,3.8,0,0.1,0,29.58,False
5089,2026-07-30T20:46:15Z,180,3.3,0,0.1,0,29.58,False
5090,2026-07-30T20:47:15Z,175,2,0,0.1,0,29.58,False
5091,2026-07-30T20:48:15Z,179,2.6,0,0.1,0,29.58,False
5092,2026-07-30T20:49:15Z,178,2.7,0,0.1,0,29.58,False
5093,2026-07-30T20:50:15Z,182,4.2,0,0.1,0,29.58,False
5094,2026-07-30T20:51:15Z,180,2.8,0,0.1,0,29.58,False
5095,2026-07-30T20:52:15Z,161,0.8,0,0.1,0,29.58,False
5096,2026-07-30T20:53:15Z,180,1,0,0.1,0,29.58,False
5097,2026-07-30T20:54:15Z,180,2.5,0,0.1,0,29.58,False
5098,2026-07-30T20:55:15Z,177,5.4,0,0.1,0,29.58,False
5099,2026-07-30T20:56:15Z,180,6,0,0.1,0,29.58,False
5100,2026-07-30T20:57:15Z,180,2.3,0,0.1,0,29.58,False
5101,2026-07-30T20:58:15Z,137,1.4,0,0.1,0,29.58,False
5102,2026-07-30T20:59:15Z,147,0.4,0,0.1,0,29.58,False
5103,2026-07-30T21:01:15Z,172,2.9,0,0.1,0,29.58,False
5104,2026-07-30T21:02:15Z,180,4.3,0,0.1,0,29.58,False
5105,2026-07-30T21:03:15Z,180,5.8,0,0.1,0,29.58,False
5106,2026-07-30T21:04:15Z,178,6.9,0,0.1,0,29.58,False
5107,2026-07-30T21:05:15Z,180,4.5,0,0.1,0,29.58,False
5108,2026-07-30T21:06:15Z,177,2.9,0,0.1,0,29.58,False
5109,2026-07-30T21:07:15Z,160,1.4,0,0.1,0,29.58,False
5110,2026-07-30T21:08:15Z,180,2.8,0,0.1,0,29.58,False
5111,2026-07-30T21:09:15Z,176,5.3,0,0.1,0,29.58,False
5112,2026-07-30T21:10:15Z,174,6,0,0.1,0,29.58,False
5113,2026-07-30T21:11:15Z,180,4,0,0.1,0,29.58,False
5114,2026-07-30T21:12:15Z,178,3.5,0,0.1,0,29.58,False
5115,2026-07-30T21:13:15Z,174,2.8,0,0.1,0,29.58,False
5116,2026-07-30T21:14:15Z,173,2.9,0,0.1,0,29.58,False
5117,2026-07-30T21:15:15Z,180,3.8,0,0.1,0,29.58,False
5118,2026-07-30T21:16:15Z,179,7,0,0.1,0,29.58,False
5119,2026-07-30T21:17:15Z,180,11.4,0,0.1,0,29.58,False
5120,2026-07-30T21:18:15Z,179,10.3,0,0.1,0,29.58,False
5121,2026-07-30T21:19:15Z,180,10.2,0,0.1,0,29.58,False
5122,2026-07-30T21:20:15Z,180,10.2,0,0.1,0,29.58,False
5123,2026-07-30T21:21:15Z,180,10.2,0,0.1,0,29.58,False
5124,2026-07-30T21:22:15Z,182,9.5,0,0.1,0,29.58,False
5125,2026-07-30T21:23:15Z,180,5.2,0,0.1,0,29.58,False
5126,2026-07-30T21:24:15Z,177,6.1,0,0.1,0,29.58,False
5127,2026-07-30T21:25:15Z,160,5.9,0,0.1,0,29.58,False
5128,2026-07-30T21:26:15Z,175,2.7,0,0.1,0,29.58,False
5129,2026-07-30T21:27:15Z,133,2.1,0,0.1,0,29.58,False
5130,2026-07-30T21:28:15Z,77,4,0,0.1,0,29.58,False
5131,2026-07-30T21:29:15Z,176,8.4,0,0.1,0,29.58,False
5132,2026-07-30T21:30:15Z,179,7.5,0,0.1,0,29.58,False
5133,2026-07-30T21:31:15Z,178,6.7,0,0.1,0,29.58,False
5134,2026-07-30T21:32:15Z,180,6.4,0,0.1,0,29.59,False
5135,2026-07-30T21:33:15Z,183,6.6,0,0.1,0,29.59,False
5136,2026-07-30T21:34:15Z,178,5.1,0,0.1,0,29.59,False
5137,2026-07-30T21:35:15Z,180,7,0,0.1,0,29.59,False
5138,2026-07-30T21:36:15Z,176,3.7,0,0.1,0,29.59,False
5139,2026-07-30T21:37:15Z,178,5.5,0,0.1,0,29.59,False
5140,2026-07-30T21:38:15Z,175,8.6,0,0.1,0,29.59,False
5141,2026-07-30T21:39:15Z,176,7.2,0,0.1,0,29.59,False
5142,2026-07-30T21:40:15Z,179,8,0,0.1,0,29.59,False
5143,2026-07-30T21:41:15Z,172,5.7,0,0.1,0,29.59,False
5144,2026-07-30T21:42:15Z,177,5.7,0,0.1,0,29.59,False
5145,2026-07-30T21:43:15Z,180,5.5,0,0.1,0,29.59,False
5146,2026-07-30T21:44:15Z,180,7.5,0,0.1,0,29.6,False
5147,2026-07-30T21:45:15Z,180,8.800000000000001,0,0.1,0,29.6,False
5148,2026-07-30T21:46:15Z,180,6.1,0,0.1,0,29.6,False
5149,2026-07-30T21:47:15Z,180,5.9,0,0.1,0,29.6,False
5150,2026-07-30T21:48:15Z,179,5,0,0.1,0,29.6,False
5151,2026-07-30T21:49:15Z,160,4.7,0,0.1,0,29.6,False
5152,2026-07-30T21:50:15Z,176,3.9,0,0.1,0,29.6,False
5153,2026-07-30T21:51:15Z,152,1.5,0,0.1,0,29.6,False
5154,2026-07-30T21:52:15Z,0,5.6,0,0.1,0,29.6,False
5155,2026-07-30T21:53:15Z,180,4.6,0,0.1,0,29.6,False
5156,2026-07-30T21:54:15Z,0,3.1,0,0.1,0,29.6,False
5157,2026-07-30T21:55:15Z,0,3.6,0,0.1,0,29.6,False
5158,2026-07-30T21:56:15Z,113,1.6,0,0.1,0,29.6,False
5159,2026-07-30T21:57:15Z,163,0.7,0,0.1,0,29.6,False
5160,2026-07-30T21:58:15Z,0,0.8,0,0.1,0,29.6,False
5161,2026-07-30T21:59:15Z,180,0.6,0,0.1,0,29.6,False
5162,2026-07-30T22:01:15Z,171,1.9,0,0.1,0,29.6,False
5163,2026-07-30T22:02:15Z,180,3.7,0,0.1,0,29.6,False
5164,2026-07-30T22:03:15Z,177,5.2,0,0.1,0,29.6,False
5165,2026-07-30T22:04:15Z,177,6.5,0,0.1,0,29.6,False
5166,2026-07-30T22:05:15Z,180,6.1,0,0.1,0,29.6,False
5167,2026-07-30T22:06:15Z,177,5.7,0,0.1,0,29.6,False
5168,2026-07-30T22:07:15Z,180,5.2,0,0.1,0,29.6,False
5169,2026-07-30T22:08:15Z,178,4,0,0.1,0,29.6,False
5170,2026-07-30T22:09:15Z,180,4,0,0.1,0,29.6,False
5171,2026-07-30T22:10:15Z,180,3.3,0,0.1,0,29.6,False
5172,2026-07-30T22:11:15Z,180,6.4,0,0.1,0,29.6,False
5173,2026-07-30T22:12:15Z,179,6.3,0,0.1,0,29.6,False
5174,2026-07-30T22:13:15Z,178,6.3,0,0.1,0,29.6,False
5175,2026-07-30T22:14:15Z,179,4.7,0,0.1,0,29.6,False
5176,2026-07-30T22:15:15Z,180,5.7,0,0.1,0,29.6,False
5177,2026-07-30T22:16:15Z,180,5.4,0,0.1,0,29.6,False
5178,2026-07-30T22:17:15Z,179,4.7,0,0.1,0,29.6,False
5179,2026-07-30T22:18:15Z,180,7.7,0,0.1,0,29.6,False
5180,2026-07-30T22:19:15Z,177,4.5,0,0.1,0,29.6,False
5181,2026-07-30T22:20:15Z,180,3.9,0,0.1,0,29.6,False
5182,2026-07-30T22:21:15Z,177,3.3,0,0.1,0,29.6,False
5183,2026-07-30T22:22:15Z,180,2.6,0,0.1,0,29.6,False
5184,2026-07-30T22:23:15Z,180,3.7,0,0.1,0,29.6,False
5185,2026-07-30T22:24:15Z,187,1.4,0,0.1,0,29.6,False
5186,2026-07-30T22:25:15Z,180,0.1,0,0.1,0,29.6,False
5187,2026-07-30T22:26:16Z,159,0.7,0,0.1,0,29.61,False
5188,2026-07-30T22:27:15Z,0,1,0,0.1,0,29.61,False
5189,2026-07-30T22:28:15Z,180,0.9,0,0.1,0,29.61,False
5190,2026-07-30T22:29:15Z,174,0.4,0,0.1,0,29.61,False
5191,2026-07-30T22:30:15Z,0,2.1,0,0.1,0,29.61,False
5192,2026-07-30T22:31:15Z,180,1.1,0,0.1,0,29.61,False
5193,2026-07-30T22:32:15Z,177,2.7,0,0.1,0,29.61,False
5194,2026-07-30T22:33:15Z,180,2.1,0,0.1,0,29.61,False
5195,2026-07-30T22:34:15Z,180,2.5,0,0.1,0,29.61,False
5196,2026-07-30T22:35:15Z,180,2.8,0,0.1,0,29.61,False
5197,2026-07-30T22:36:15Z,180,2.3,0,0.1,0,29.61,False
5198,2026-07-30T22:37:15Z,180,3.4,0,0.1,0,29.61,False
5199,2026-07-30T22:38:15Z,180,3.2,0,0.1,0,29.61,False
5200,2026-07-30T22:40:15Z,180,1.7,0,0.1,0,29.61,False
5201,2026-07-30T22:41:15Z,180,2,0,0.1,0,29.62,False
5202,2026-07-30T22:42:15Z,180,2.9,0,0.1,0,29.61,False
5203,2026-07-30T22:43:15Z,175,2.3,0,0.1,0,29.61,False
5204,2026-07-30T22:44:15Z,0,2.5,0,0.1,0,29.61,False
5205,2026-07-30T22:45:15Z,0,2.9,0,0.1,0,29.61,False
5206,2026-07-30T22:46:15Z,0,3.3,0,0.1,0,29.61,False
5207,2026-07-30T22:47:15Z,0,4.3,0,0.1,0,29.61,False
5208,2026-07-30T22:48:15Z,0,3,0,0.1,0,29.61,False
5209,2026-07-30T22:49:15Z,0,3.5,0,0.1,0,29.61,False
5210,2026-07-30T22:50:15Z,0,2.8,0,0.1,0,29.61,False
5211,2026-07-30T22:51:15Z,180,0.6,0,0.1,0,29.61,False
5212,2026-07-30T22:52:15Z,0,2.7,0,0.1,0,29.61,False
5213,2026-07-30T22:53:15Z,180,1.9,0,0.1,0,29.61,False
5214,2026-07-30T22:54:15Z,180,0.7,0,0.1,0,29.61,False
5215,2026-07-30T22:55:15Z,151,1.7,0,0.1,0,29.61,False
5216,2026-07-30T22:56:15Z,0,0.5,0,0.1,0,29.61,False
5217,2026-07-30T22:57:15Z,0,1.3,0,0.1,0,29.62,False
5218,2026-07-30T22:58:15Z,0,0.5,0,0.1,0,29.62,False
5219,2026-07-30T22:59:15Z,0,0,0,0.1,0,29.62,False
5220,2026-07-30T23:00:15Z,174,0.3,0,0.1,0,29.62,False
5221,2026-07-30T23:01:15Z,176,0.8,0,0.1,0,29.62,False
5222,2026-07-30T23:02:15Z,180,2.1,0,0.1,0,29.62,False
5223,2026-07-30T23:03:15Z,179,2.8,0,0.1,0,29.62,False
5224,2026-07-30T23:04:15Z,179,2.6,0,0.1,0,29.62,False
5225,2026-07-30T23:05:15Z,180,3,0,0.1,0,29.62,False
5226,2026-07-30T23:06:15Z,180,2.6,0,0.1,0,29.62,False
5227,2026-07-30T23:07:15Z,180,2.2,0,0.1,0,29.62,False
5228,2026-07-30T23:08:15Z,180,2.5,0,0.1,0,29.62,False
5229,2026-07-30T23:09:15Z,180,2.9,0,0.1,0,29.62,False
5230,2026-07-30T23:10:15Z,180,2.8,0,0.1,0,29.62,False
5231,2026-07-30T23:11:15Z,180,3.4,0,0.1,0,29.62,False
5232,2026-07-30T23:12:15Z,180,2.8,0,0.1,0,29.62,False
5233,2026-07-30T23:13:15Z,180,2,0,0.1,0,29.62,False
5234,2026-07-30T23:14:15Z,179,3.4,0,0.1,0,29.62,False
5235,2026-07-30T23:15:15Z,180,4.1,0,0.1,0,29.62,False
5236,2026-07-30T23:16:15Z,178,3,0,0.1,0,29.62,False
5237,2026-07-30T23:17:15Z,180,2.9,0,0.1,0,29.62,False
5238,2026-07-30T23:18:15Z,180,2.5,0,0.1,0,29.62,False
5239,2026-07-30T23:19:15Z,180,5.1,0,0.1,0,29.62,False
5240,2026-07-30T23:20:15Z,173,3.1,0,0.1,0,29.62,False
5241,2026-07-30T23:21:15Z,180,4.3,0,0.1,0,29.62,False
5242,2026-07-30T23:22:15Z,180,4.1,0,0.1,0,29.63,False
5243,2026-07-30T23:23:15Z,180,3.5,0,0.1,0,29.63,False
5244,2026-07-30T23:24:15Z,180,3.8,0,0.1,0,29.63,False
5245,2026-07-30T23:25:15Z,180,3.2,0,0.1,0,29.63,False
5246,2026-07-30T23:26:15Z,180,3.4,0,0.1,0,29.63,False
5247,2026-07-30T23:27:15Z,179,3,0,0.1,0,29.63,False
5248,2026-07-30T23:28:15Z,180,1.7,0,0.1,0,29.63,False
5249,2026-07-30T23:29:15Z,180,3,0,0.1,0,29.63,False
5250,2026-07-30T23:30:15Z,180,3.2,0,0.1,0,29.63,False
5251,2026-07-30T23:31:15Z,178,3,0,0.1,0,29.63,False
5252,2026-07-30T23:32:15Z,180,2.6,0,0.1,0,29.63,False
5253,2026-07-30T23:33:15Z,180,2.2,0,0.1,0,29.63,False
5254,2026-07-30T23:34:15Z,180,4.3,0,0.1,0.011,29.63,True
5255,2026-07-30T23:35:15Z,180,3.2,0,0.1,0,29.63,False
5256,2026-07-30T23:36:15Z,178,1.8,0,0.1,0,29.63,False
5257,2026-07-30T23:37:15Z,180,1.8,0,0.1,0,29.63,False
5258,2026-07-30T23:38:15Z,176,2.4,0,0.1,0,29.63,False
5259,2026-07-30T23:40:15Z,180,2,0,0.1,0,29.64,False
5260,2026-07-30T23:41:15Z,180,3.4,0,0.1,0,29.64,False
5261,2026-07-30T23:42:15Z,170,3.4,0,0.1,0,29.64,False
5262,2026-07-30T23:43:15Z,180,2.9,0,0.1,0,29.64,False
5263,2026-07-30T23:44:15Z,180,2.6,0,0.1,0,29.64,False
5264,2026-07-30T23:45:15Z,23,4.5,0,0.1,0,29.64,False
5265,2026-07-30T23:46:15Z,180,2.7,0,0.1,0,29.64,False
5266,2026-07-30T23:47:15Z,177,2.7,0,0.1,0.011,29.64,True
5267,2026-07-30T23:48:15Z,179,4,0,0.1,0,29.64,False
5268,2026-07-30T23:50:15Z,179,2,0,0.1,0,29.63,False
5269,2026-07-30T23:51:15Z,179,3.4,0,0.1,0,29.63,False
5270,2026-07-30T23:52:15Z,177,2.9,0,0.1,0,29.63,False
5271,2026-07-30T23:53:15Z,177,2.5,0,0.1,0,29.63,False
5272,2026-07-30T23:54:15Z,180,1.8,0,0.1,0,29.63,False
5273,2026-07-30T23:55:15Z,179,3.2,0,0.1,0,29.64,False
5274,2026-07-30T23:56:15Z,180,2.7,0,0.1,0.011,29.64,True
5275,2026-07-30T23:57:15Z,180,1,0,0.1,0,29.64,False
5276,2026-07-30T23:58:15Z,180,1.2,0,0.1,0,29.64,False
5277,2026-07-30T23:59:15Z,180,1.2,0,0.1,0,29.64,False
5278,2026-07-31T00:00:15Z,180,1.3,0,0.1,0,29.64,False
5279,2026-07-31T00:01:15Z,0,0.8,0,0.1,0,29.64,False
5280,2026-07-31T00:02:15Z,0,0.3,0,0.1,0,29.64,False
5281,2026-07-31T00:03:15Z,180,0.8,0,0.1,0,29.64,False
5282,2026-07-31T00:04:15Z,180,1.2,0,0.1,0,29.64,False
5283,2026-07-31T00:05:15Z,180,1.2,0,0.1,0,29.64,False
5284,2026-07-31T00:06:15Z,0,1,0,0.1,0,29.64,False
5285,2026-07-31T00:07:15Z,180,0.8,0,0.1,0,29.64,False
5286,2026-07-31T00:08:15Z,180,1.2,0,0.1,0,29.64,False
5287,2026-07-31T00:10:15Z,180,1.9,0,0.1,0,29.64,False
5288,2026-07-31T00:11:15Z,180,1.9,0,0.1,0,29.64,False
5289,2026-07-31T00:12:15Z,180,1.9,0,0.1,0,29.64,False
5290,2026-07-31T00:13:15Z,180,2.7,0,0.1,0,29.64,False
5291,2026-07-31T00:14:15Z,180,2,0,0.1,0,29.64,False
5292,2026-07-31T00:15:15Z,179,1.3,0,0.1,0,29.64,False
5293,2026-07-31T00:16:15Z,0,1.1,0,0.1,0,29.64,False
5294,2026-07-31T00:17:15Z,0,0.7,0,0.1,0,29.64,False
5295,2026-07-31T00:18:15Z,180,0.2,0,0.1,0,29.64,False
5296,2026-07-31T00:19:15Z,0,0.1,0,0.1,0,29.65,False
5297,2026-07-31T00:20:15Z,113,0.1,0,0.1,0,29.65,False
5298,2026-07-31T00:21:15Z,0,1.1,0,0.1,0,29.65,False
5299,2026-07-31T00:22:15Z,0,1.1,0,0.1,0,29.65,False
5300,2026-07-31T00:23:15Z,0,1.2,0,0.1,0,29.65,False
5301,2026-07-31T00:24:15Z,0,1.7,0,0.1,0,29.65,False
5302,2026-07-31T00:25:15Z,0,1.3,0,0.1,0,29.65,False
5303,2026-07-31T00:26:15Z,0,2,0,0.1,0,29.65,False
5304,2026-07-31T00:27:15Z,0,1.8,0,0.1,0,29.65,False
5305,2026-07-31T00:28:15Z,0,1.5,0,0.1,0,29.65,False
5306,2026-07-31T00:29:15Z,180,0.7,0,0.1,0,29.65,False
5307,2026-07-31T00:30:15Z,180,0.4,0,0.1,0,29.65,False
5308,2026-07-31T00:31:15Z,180,0.3,0,0.1,0,29.65,False
5309,2026-07-31T00:32:15Z,180,0.2,0,0.1,0,29.65,False
5310,2026-07-31T00:33:15Z,180,0,0,0.1,0,29.65,False
5311,2026-07-31T00:34:15Z,180,0.5,0,0.1,0,29.65,False
5312,2026-07-31T00:35:15Z,180,0.6,0,0.1,0,29.65,False
5313,2026-07-31T00:36:15Z,180,0,0,0.1,0,29.65,False
5314,2026-07-31T00:37:15Z,180,0,0,0.1,0,29.65,False
5315,2026-07-31T00:38:15Z,180,0,0,0.1,0,29.65,False
5316,2026-07-31T00:40:15Z,180,0,0,0.1,0,29.65,False
5317,2026-07-31T00:41:15Z,180,0,0,0.1,0,29.65,False
5318,2026-07-31T00:42:15Z,180,0,0,0.1,0,29.65,False
5319,2026-07-31T00:43:15Z,180,0,0,0.1,0,29.65,False
5320,2026-07-31T00:44:15Z,180,0,0,0.1,0,29.65,False
5321,2026-07-31T00:45:15Z,0,0.1,0,0.1,0,29.65,False
5322,2026-07-31T00:46:15Z,0,1.2,0,0.1,0,29.65,False
5323,2026-07-31T00:47:15Z,0,1.6,0,0.1,0,29.65,False
5324,2026-07-31T00:48:15Z,0,2.1,0,0.1,0,29.65,False
5325,2026-07-31T00:49:15Z,0,1.3,0,0.1,0,29.65,False
5326,2026-07-31T00:50:15Z,0,2.4,0,0.1,0,29.65,False
5327,2026-07-31T00:51:15Z,113,1.9,0,0.1,0,29.65,False
5328,2026-07-31T00:52:15Z,0,1.7,0,0.1,0,29.65,False
5329,2026-07-31T00:53:15Z,0,1.3,0,0.1,0,29.65,False
5330,2026-07-31T00:54:15Z,0,1.2,0,0.1,0,29.65,False
5331,2026-07-31T00:55:15Z,0,1.2,0,0.1,0,29.66,False
5332,2026-07-31T00:56:15Z,113,1.5,0,0.1,0,29.66,False
5333,2026-07-31T00:57:15Z,113,1.7,0,0.1,0,29.66,False
5334,2026-07-31T00:58:15Z,113,2.3,0,0.1,0,29.66,False
5335,2026-07-31T00:59:15Z,113,2.2,0,0.1,0,29.66,False
5336,2026-07-31T01:00:15Z,108,1.8,0,0.1,0,29.66,False
5337,2026-07-31T01:01:15Z,113,1.4,0,0.1,0,29.66,False
5338,2026-07-31T01:02:15Z,113,1.8,0,0.1,0,29.66,False
5339,2026-07-31T01:03:15Z,111,1.6,0,0.1,0,29.66,False
5340,2026-07-31T01:04:15Z,113,1.2,0,0.1,0,29.66,False
5341,2026-07-31T01:05:15Z,113,1.3,0,0.1,0,29.66,False
5342,2026-07-31T01:06:15Z,108,1.5,0,0.1,0,29.66,False
5343,2026-07-31T01:07:15Z,114,2,0,0.1,0,29.66,False
5344,2026-07-31T01:08:15Z,113,1.4,0,0.1,0,29.66,False
5345,2026-07-31T01:09:15Z,110,2,0,0.1,0,29.66,False
5346,2026-07-31T01:10:15Z,110,1.8,0,0.1,0,29.66,False
5347,2026-07-31T01:11:15Z,108,1.4,0,0.1,0,29.66,False
5348,2026-07-31T01:12:15Z,113,1.4,0,0.1,0,29.66,False
5349,2026-07-31T01:13:15Z,109,1.8,0,0.1,0,29.66,False
5350,2026-07-31T01:14:15Z,113,1.5,0,0.1,0,29.66,False
5351,2026-07-31T01:15:15Z,102,1,0,0.1,0,29.66,False
5352,2026-07-31T01:16:15Z,113,1.3,0,0.1,0,29.66,False
5353,2026-07-31T01:17:15Z,0,1.6,0,0.1,0,29.66,False
5354,2026-07-31T01:18:15Z,110,2.4,0,0.1,0,29.66,False
5355,2026-07-31T01:19:15Z,113,1.8,0,0.1,0,29.66,False
5356,2026-07-31T01:20:15Z,113,2.7,0,0.1,0,29.66,False
5357,2026-07-31T01:21:15Z,109,2.2,0,0.1,0,29.67,False
5358,2026-07-31T01:22:15Z,110,2.6,0,0.1,0,29.67,False
5359,2026-07-31T01:23:15Z,115,2.3,0,0.1,0,29.67,False
5360,2026-07-31T01:24:15Z,110,1.7,0,0.1,0,29.67,False
5361,2026-07-31T01:25:15Z,110,2.2,0,0.1,0,29.67,False
5362,2026-07-31T01:26:15Z,111,3.1,0,0.1,0,29.67,False
5363,2026-07-31T01:27:15Z,109,2.8,0,0.1,0,29.67,False
5364,2026-07-31T01:28:15Z,113,3.4,0,0.1,0,29.67,False
5365,2026-07-31T01:29:15Z,113,4.5,0,0.1,0,29.67,False
5366,2026-07-31T01:30:15Z,113,3.8,0,0.1,0,29.67,False
5367,2026-07-31T01:31:15Z,113,4.4,0,0.1,0,29.67,False
5368,2026-07-31T01:32:15Z,98,3.1,0,0.1,0,29.67,False
5369,2026-07-31T01:33:15Z,113,2.3,0,0.1,0,29.67,False
5370,2026-07-31T01:34:15Z,118,3.5,0,0.1,0,29.67,False
5371,2026-07-31T01:35:15Z,113,3,0,0.1,0,29.67,False
5372,2026-07-31T01:36:15Z,113,2.9,0,0.1,0,29.67,False
5373,2026-07-31T01:37:15Z,113,2.8,0,0.1,0,29.67,False
5374,2026-07-31T01:38:15Z,113,2.1,0,0.1,0,29.67,False
5375,2026-07-31T01:39:15Z,0,3.2,0,0.1,0,29.67,False
5376,2026-07-31T01:40:15Z,0,1.2,0,0.1,0,29.67,False
5377,2026-07-31T01:41:15Z,0,1,0,0.1,0,29.67,False
5378,2026-07-31T01:42:15Z,113,2.1,0,0.1,0,29.67,False
5379,2026-07-31T01:43:15Z,113,1.6,0,0.1,0,29.67,False
5380,2026-07-31T01:44:15Z,113,0.8,0,0.1,0,29.67,False
5381,2026-07-31T01:45:15Z,0,0,0,0.1,0,29.67,False
5382,2026-07-31T01:46:15Z,0,0,0,0.1,0,29.67,False
5383,2026-07-31T01:47:15Z,113,0.5,0,0.1,0,29.67,False
5384,2026-07-31T01:48:15Z,111,2.6,0,0.1,0,29.67,False
5385,2026-07-31T01:49:15Z,113,2.8,0,0.1,0,29.67,False
5386,2026-07-31T01:50:15Z,0,1.7,0,0.1,0,29.67,False
5387,2026-07-31T01:51:15Z,113,3,0,0.1,0,29.67,False
5388,2026-07-31T01:52:15Z,113,2.1,0,0.1,0,29.67,False
5389,2026-07-31T01:53:15Z,0,2.8,0,0.1,0,29.67,False
5390,2026-07-31T01:54:15Z,113,1.5,0,0.1,0,29.67,False
5391,2026-07-31T01:55:15Z,0,1.7,0,0.1,0,29.67,False
5392,2026-07-31T01:56:15Z,113,2,0,0.1,0,29.67,False
5393,2026-07-31T01:57:15Z,113,2.3,0,0.1,0,29.67,False
5394,2026-07-31T01:58:15Z,113,1.6,0,0.1,0,29.67,False
5395,2026-07-31T01:59:15Z,113,1,0,0.1,0,29.67,False
5396,2026-07-31T02:00:15Z,0,0.9,0,0.1,0,29.67,False
5397,2026-07-31T02:01:15Z,0,1.5,0,0.1,0,29.67,False
5398,2026-07-31T02:02:15Z,113,1.8,0,0.1,0,29.67,False
5399,2026-07-31T02:03:15Z,113,1.4,0,0.1,0,29.67,False
5400,2026-07-31T02:04:15Z,113,2.1,0,0.1,0,29.67,False
5401,2026-07-31T02:05:15Z,113,1.7,0,0.1,0,29.67,False
5402,2026-07-31T02:06:15Z,113,2.1,0,0.1,0,29.67,False
5403,2026-07-31T02:07:15Z,113,1.4,0,0.1,0,29.67,False
5404,2026-07-31T02:08:15Z,110,2.4,0,0.1,0,29.67,False
5405,2026-07-31T02:10:15Z,113,2.3,0,0.1,0,29.67,False
5406,2026-07-31T02:11:15Z,123,1.6,0,0.1,0,29.67,False
5407,2026-07-31T02:12:15Z,110,1.8,0,0.1,0,29.67,False
5408,2026-07-31T02:13:15Z,105,2,0,0.1,0,29.67,False
5409,2026-07-31T02:14:15Z,113,0.9,0,0.1,0,29.67,False
5410,2026-07-31T02:15:15Z,118,0,0,0.1,0,29.67,False
5411,2026-07-31T02:16:15Z,0,0,0,0.1,0,29.67,False
5412,2026-07-31T02:17:15Z,0,0,0,0.1,0,29.67,False
5413,2026-07-31T02:18:15Z,174,0.2,0,0.1,0,29.67,False
5414,2026-07-31T02:19:15Z,176,0,0,0.1,0,29.67,False
5415,2026-07-31T02:20:15Z,203,0.7,0,0.1,0,29.67,False
5416,2026-07-31T02:21:15Z,192,0,0,0.1,0,29.67,False
5417,2026-07-31T02:22:15Z,172,0.1,0,0.1,0,29.67,False
5418,2026-07-31T02:23:15Z,183,0.3,0,0.1,0,29.67,False
5419,2026-07-31T02:24:15Z,0,0,0,0.1,0,29.67,False
5420,2026-07-31T02:25:15Z,150,0.2,0,0.1,0,29.67,False
5421,2026-07-31T02:26:15Z,180,0.3,0,0.1,0,29.67,False
5422,2026-07-31T02:27:15Z,23,0.2,0,0.1,0,29.67,False
5423,2026-07-31T02:28:15Z,178,0.7,0,0.1,0,29.67,False
5424,2026-07-31T02:29:15Z,147,0.3,0,0.1,0,29.67,False
5425,2026-07-31T02:30:15Z,169,0,0,0.1,0,29.67,False
5426,2026-07-31T02:31:15Z,173,0,0,0.1,0,29.67,False
5427,2026-07-31T02:32:15Z,179,0.1,0,0.1,0,29.67,False
5428,2026-07-31T02:33:15Z,114,0.3,0,0.1,0,29.67,False
5429,2026-07-31T02:34:15Z,176,0.8,0,0.1,0,29.67,False
5430,2026-07-31T02:35:15Z,172,0.9,0,0.1,0,29.67,False
5431,2026-07-31T02:36:15Z,164,1.3,0,0.1,0,29.67,False
5432,2026-07-31T02:37:15Z,172,0.8,0,0.1,0,29.67,False
5433,2026-07-31T02:38:15Z,180,0.3,0,0.1,0,29.67,False
5434,2026-07-31T02:39:15Z,180,0.1,0,0.1,0,29.67,False
5435,2026-07-31T02:40:15Z,179,0,0,0.1,0,29.67,False
5436,2026-07-31T02:41:15Z,180,0,0,0.1,0,29.67,False
5437,2026-07-31T02:42:15Z,183,0,0,0.1,0,29.67,False
5438,2026-07-31T02:43:15Z,25,0,0,0.1,0,29.67,False
5439,2026-07-31T02:44:15Z,173,0.7,0,0.1,0,29.67,False
5440,2026-07-31T02:45:15Z,179,0.2,0,0.1,0,29.67,False
5441,2026-07-31T02:46:15Z,115,0.5,0,0.1,0,29.67,False
5442,2026-07-31T02:47:15Z,98,0.6,0,0.1,0,29.67,False
5443,2026-07-31T02:48:15Z,178,0.6,0,0.1,0,29.67,False
5444,2026-07-31T02:50:15Z,180,0,0,0.1,0,29.67,False
5445,2026-07-31T02:51:15Z,149,0.3,0,0.1,0,29.67,False
5446,2026-07-31T02:52:15Z,180,0.8,0,0.1,0,29.67,False
5447,2026-07-31T02:53:15Z,173,0.1,0,0.1,0,29.67,False
5448,2026-07-31T02:54:15Z,170,0.5,0,0.1,0,29.67,False
5449,2026-07-31T02:55:15Z,190,0.1,0,0.1,0,29.67,False
5450,2026-07-31T02:56:15Z,201,0,0,0.1,0,29.67,False
5451,2026-07-31T02:57:15Z,184,0.2,0,0.1,0,29.67,False
5452,2026-07-31T02:58:15Z,42,0.5,0,0.1,0,29.67,False
5453,2026-07-31T02:59:15Z,158,0,0,0.1,0,29.67,False
5454,2026-07-31T03:01:15Z,119,0.9,0,0.1,0,29.67,False
5455,2026-07-31T03:02:15Z,190,1,0,0.1,0,29.67,False
5456,2026-07-31T03:03:15Z,159,0.3,0,0.1,0,29.67,False
5457,2026-07-31T03:04:15Z,102,0.4,0,0.1,0,29.67,False
5458,2026-07-31T03:05:15Z,158,0.6,0,0.1,0,29.67,False
5459,2026-07-31T03:06:15Z,175,0.5,0,0.1,0,29.67,False
5460,2026-07-31T03:07:15Z,184,0.8,0,0.1,0,29.67,False
5461,2026-07-31T03:08:15Z,163,0.8,0,0.1,0,29.67,False
5462,2026-07-31T03:10:15Z,190,0.5,0,0.1,0,29.67,False
5463,2026-07-31T03:11:15Z,180,0.8,0,0.1,0,29.67,False
5464,2026-07-31T03:12:15Z,180,1,0,0.1,0,29.67,False
5465,2026-07-31T03:13:15Z,169,1.6,0,0.1,0,29.67,False
5466,2026-07-31T03:14:15Z,183,0.8,0,0.1,0,29.67,False
5467,2026-07-31T03:15:15Z,180,0.6,0,0.1,0,29.67,False
5468,2026-07-31T03:16:15Z,180,0,0,0.1,0,29.67,False
5469,2026-07-31T03:17:15Z,180,0,0,0.1,0,29.67,False
5470,2026-07-31T03:18:15Z,190,0.1,0,0.1,0,29.67,False
5471,2026-07-31T03:20:15Z,0,0.9,0,0.1,0,29.67,False
5472,2026-07-31T03:21:15Z,0,1.3,0,0.1,0,29.67,False
5473,2026-07-31T03:22:15Z,113,1.4,0,0.1,0,29.67,False
5474,2026-07-31T03:23:15Z,0,1.5,0,0.1,0,29.67,False
5475,2026-07-31T03:24:15Z,0,1.4,0,0.1,0,29.67,False
5476,2026-07-31T03:25:15Z,0,1.2,0,0.1,0,29.67,False
5477,2026-07-31T03:26:15Z,0,0.9,0,0.1,0,29.67,False
5478,2026-07-31T03:27:15Z,0,0.9,0,0.1,0,29.67,False
5479,2026-07-31T03:28:15Z,0,0.3,0,0.1,0,29.67,False
5480,2026-07-31T03:29:15Z,0,0.1,0,0.1,0,29.67,False
5481,2026-07-31T03:30:15Z,113,1,0,0.1,0,29.67,False
5482,2026-07-31T03:31:15Z,180,0.3,0,0.1,0,29.67,False
5483,2026-07-31T03:32:15Z,118,0.2,0,0.1,0,29.67,False
5484,2026-07-31T03:33:15Z,113,1.2,0,0.1,0,29.67,False
5485,2026-07-31T03:34:15Z,113,2.2,0,0.1,0,29.67,False
5486,2026-07-31T03:35:15Z,108,1.6,0,0.1,0,29.67,False
5487,2026-07-31T03:36:15Z,113,1.2,0,0.1,0,29.67,False
5488,2026-07-31T03:37:15Z,113,2.1,0,0.1,0,29.67,False
5489,2026-07-31T03:38:15Z,113,1.7,0,0.1,0,29.67,False
5490,2026-07-31T03:39:15Z,131,1.1,0,0.1,0,29.67,False
5491,2026-07-31T03:40:15Z,142,0.8,0,0.1,0,29.67,False
5492,2026-07-31T03:41:15Z,113,1,0,0.1,0,29.67,False
5493,2026-07-31T03:42:15Z,111,0.5,0,0.1,0,29.67,False
5494,2026-07-31T03:43:15Z,113,0,0,0.1,0,29.67,False
5495,2026-07-31T03:44:15Z,113,0,0,0.1,0,29.67,False
5496,2026-07-31T03:45:15Z,113,0,0,0.1,0,29.67,False
5497,2026-07-31T03:46:15Z,113,0,0,0.1,0,29.67,False
5498,2026-07-31T03:47:15Z,0,0,0,0.1,0,29.67,False
5499,2026-07-31T03:48:15Z,23,0,0,0.1,0,29.67,False
5500,2026-07-31T03:49:15Z,23,0,0,0.1,0,29.67,False
5501,2026-07-31T03:50:15Z,23,0,0,0.1,0,29.67,False
5502,2026-07-31T03:51:15Z,23,0,0,0.1,0,29.67,False
5503,2026-07-31T03:52:15Z,0,0,0,0.1,0,29.67,False
5504,2026-07-31T03:53:15Z,0,0,0,0.1,0,29.67,False
5505,2026-07-31T03:54:15Z,0,0,0,0.1,0,29.67,False
5506,2026-07-31T03:55:15Z,0,0,0,0.1,0,29.67,False
5507,2026-07-31T03:56:15Z,0,0,0,0.1,0,29.67,False
5508,2026-07-31T03:57:15Z,0,0,0,0.1,0,29.67,False
5509,2026-07-31T03:58:15Z,0,0,0,0.1,0,29.67,False
5510,2026-07-31T03:59:15Z,0,0,0,0.1,0,29.67,False
5511,2026-07-31T04:01:15Z,23,0.5,0,0.1,0,29.67,False
5512,2026-07-31T04:02:15Z,23,0.3,0,0.1,0,29.67,False
5513,2026-07-31T04:03:15Z,23,0,0,0.1,0,29.67,False
5514,2026-07-31T04:04:15Z,23,0,0,0.1,0,29.67,False
5515,2026-07-31T04:05:15Z,23,0,0,0.1,0,29.67,False
5516,2026-07-31T04:06:15Z,23,0,0,0.1,0,29.67,False
5517,2026-07-31T04:07:15Z,158,0,0,0.1,0,29.67,False
5518,2026-07-31T04:08:15Z,0,0,0,0.1,0,29.67,False
5519,2026-07-31T04:10:15Z,0,0,0,0.1,0,29.67,False
5520,2026-07-31T04:11:15Z,0,0,0,0.1,0,29.67,False
5521,2026-07-31T04:12:15Z,0,0,0,0.1,0,29.67,False
5522,2026-07-31T04:13:15Z,0,0,0,0.1,0,29.67,False
5523,2026-07-31T04:14:15Z,180,0,0,0.1,0,29.67,False
5524,2026-07-31T04:15:15Z,180,0,0,0.1,0,29.67,False
5525,2026-07-31T04:16:15Z,180,0,0,0.1,0,29.67,False
5526,2026-07-31T04:17:15Z,0,0,0,0.1,0,29.67,False
5527,2026-07-31T04:18:15Z,0,0,0,0.1,0,29.67,False
5528,2026-07-31T04:19:15Z,0,0,0,0.1,0,29.67,False
5529,2026-07-31T04:21:15Z,0,0,0,0.1,0,29.67,False
5530,2026-07-31T04:22:15Z,0,0,0,0.1,0,29.67,False
5531,2026-07-31T04:23:15Z,0,0,0,0.1,0,29.67,False
5532,2026-07-31T04:24:15Z,0,0,0,0.1,0,29.67,False
5533,2026-07-31T04:25:15Z,0,0,0,0.1,0,29.67,False
5534,2026-07-31T04:26:15Z,0,0,0,0.1,0,29.67,False
5535,2026-07-31T04:27:15Z,113,0,0,0.1,0,29.67,False
5536,2026-07-31T04:28:15Z,111,1.2,0,0.1,0,29.67,False
5537,2026-07-31T04:29:15Z,0,0.8,0,0.1,0,29.67,False
5538,2026-07-31T04:30:15Z,113,0.5,0,0.1,0,29.67,False
5539,2026-07-31T04:31:15Z,109,0.5,0,0.1,0,29.67,False
5540,2026-07-31T04:32:15Z,0,0.6,0,0.1,0,29.67,False
5541,2026-07-31T04:33:15Z,0,0.3,0,0.1,0,29.67,False
5542,2026-07-31T04:34:15Z,0,0,0,0.1,0,29.67,False
5543,2026-07-31T04:35:15Z,49,0.3,0,0.1,0,29.67,False
5544,2026-07-31T04:36:15Z,111,0.9,0,0.1,0,29.67,False
5545,2026-07-31T04:37:15Z,113,0.2,0,0.1,0,29.67,False
5546,2026-07-31T04:38:15Z,111,0,0,0.1,0,29.67,False
5547,2026-07-31T04:40:15Z,111,1.1,0,0.1,0,29.67,False
5548,2026-07-31T04:41:15Z,111,0.6,0,0.1,0,29.67,False
5549,2026-07-31T04:42:15Z,109,0.5,0,0.1,0,29.67,False
5550,2026-07-31T04:43:15Z,113,0.9,0,0.1,0,29.67,False
5551,2026-07-31T04:44:15Z,109,1,0,0.1,0,29.67,False
5552,2026-07-31T04:45:15Z,119,1.6,0,0.1,0,29.67,False
5553,2026-07-31T04:46:15Z,104,2.1,0,0.1,0,29.67,False
5554,2026-07-31T04:47:15Z,113,1.8,0,0.1,0,29.67,False
5555,2026-07-31T04:48:15Z,113,1.7,0,0.1,0,29.67,False
5556,2026-07-31T04:50:15Z,113,2.2,0,0.1,0,29.67,False
5557,2026-07-31T04:51:15Z,113,2.4,0,0.1,0,29.67,False
5558,2026-07-31T04:52:15Z,113,1.8,0,0.1,0,29.67,False
5559,2026-07-31T04:53:15Z,113,2,0,0.1,0,29.67,False
5560,2026-07-31T04:54:15Z,113,1.8,0,0.1,0,29.67,False
5561,2026-07-31T04:55:15Z,113,1.7,0,0.1,0,29.67,False
5562,2026-07-31T04:56:15Z,0,2,0,0.1,0,29.67,False
5563,2026-07-31T04:57:15Z,0,2.2,0,0.1,0,29.67,False
5564,2026-07-31T04:58:15Z,0,2.3,0,0.1,0,29.67,False
5565,2026-07-31T04:59:15Z,0,2.2,0,0.1,0,29.67,False
5566,2026-07-31T05:00:15Z,0,2.4,0,0.1,0,29.67,False
5567,2026-07-31T05:01:15Z,0,2,0,0.1,0,29.67,False
5568,2026-07-31T05:02:15Z,0,1.2,0,0.1,0,29.67,False
5569,2026-07-31T05:03:15Z,0,1.3,0,0.1,0,29.67,False
5570,2026-07-31T05:04:15Z,119,1.7,0,0.1,0,29.67,False
5571,2026-07-31T05:05:15Z,113,1.5,0,0.1,0,29.67,False
5572,2026-07-31T05:06:15Z,111,1.9,0,0.1,0,29.67,False
5573,2026-07-31T05:07:15Z,113,1.3,0,0.1,0,29.67,False
5574,2026-07-31T05:08:15Z,111,1.8,0,0.1,0,29.67,False
5575,2026-07-31T05:10:15Z,0,1.4,0,0.1,0,29.67,False
5576,2026-07-31T05:11:15Z,0,0.9,0,0.1,0,29.67,False
5577,2026-07-31T05:12:15Z,0,1.2,0,0.1,0,29.67,False
5578,2026-07-31T05:13:15Z,0,1.1,0,0.1,0,29.67,False
5579,2026-07-31T05:14:15Z,0,1.1,0,0.1,0,29.67,False
5580,2026-07-31T05:15:15Z,135,1.8,0,0.1,0,29.67,False
5581,2026-07-31T05:16:15Z,134,1.8,0,0.1,0,29.67,False
5582,2026-07-31T05:17:15Z,113,1.3,0,0.1,0,29.67,False
5583,2026-07-31T05:18:15Z,111,1.2,0,0.1,0,29.67,False
5584,2026-07-31T05:19:15Z,118,1.2,0,0.1,0,29.67,False
5585,2026-07-31T05:21:15Z,114,1.4,0,0.1,0,29.67,False
5586,2026-07-31T05:22:15Z,113,1.6,0,0.1,0,29.67,False
5587,2026-07-31T05:23:15Z,0,1.3,0,0.1,0,29.67,False
5588,2026-07-31T05:24:15Z,186,1.1,0,0.1,0,29.67,False
5589,2026-07-31T05:25:15Z,134,1,0,0.1,0,29.67,False
5590,2026-07-31T05:26:15Z,150,1.6,0,0.1,0,29.67,False
5591,2026-07-31T05:27:15Z,113,1.4,0,0.1,0,29.67,False
5592,2026-07-31T05:28:15Z,113,2.1,0,0.1,0,29.67,False
5593,2026-07-31T05:29:15Z,113,1.4,0,0.1,0,29.67,False
5594,2026-07-31T05:30:15Z,113,1.6,0,0.1,0,29.67,False
5595,2026-07-31T05:31:15Z,126,1.7,0,0.1,0,29.67,False
5596,2026-07-31T05:32:15Z,107,1.3,0,0.1,0,29.67,False
5597,2026-07-31T05:33:15Z,116,1.5,0,0.1,0,29.67,False
5598,2026-07-31T05:34:15Z,113,1.3,0,0.1,0,29.67,False
5599,2026-07-31T05:35:15Z,113,1,0,0.1,0,29.67,False
5600,2026-07-31T05:36:15Z,198,0.6,0,0.1,0,29.67,False
5601,2026-07-31T05:37:15Z,203,0.3,0,0.1,0,29.67,False
5602,2026-07-31T05:38:15Z,137,1,0,0.1,0,29.67,False
5603,2026-07-31T05:40:15Z,113,1.4,0,0.1,0,29.67,False
5604,2026-07-31T05:41:15Z,126,1.9,0,0.1,0,29.67,False
5605,2026-07-31T05:42:15Z,110,2.2,0,0.1,0,29.67,False
5606,2026-07-31T05:43:15Z,111,1.9,0,0.1,0,29.67,False
5607,2026-07-31T05:44:15Z,113,1.5,0,0.1,0,29.67,False
5608,2026-07-31T05:45:15Z,113,2.3,0,0.1,0,29.67,False
5609,2026-07-31T05:46:15Z,120,1.4,0,0.1,0,29.67,False
5610,2026-07-31T05:47:15Z,113,1.4,0,0.1,0,29.67,False
5611,2026-07-31T05:48:15Z,98,1.3,0,0.1,0,29.67,False
5612,2026-07-31T05:49:15Z,113,2.1,0,0.1,0,29.67,False
5613,2026-07-31T05:50:15Z,118,2.2,0,0.1,0,29.67,False
5614,2026-07-31T05:51:15Z,105,2.1,0,0.1,0,29.67,False
5615,2026-07-31T05:52:15Z,120,1.6,0,0.1,0,29.67,False
5616,2026-07-31T05:53:15Z,113,2.2,0,0.1,0,29.67,False
5617,2026-07-31T05:54:15Z,113,1.3,0,0.1,0,29.67,False
5618,2026-07-31T05:55:15Z,98,1.8,0,0.1,0,29.67,False
5619,2026-07-31T05:56:15Z,113,2,0,0.1,0,29.67,False
5620,2026-07-31T05:57:15Z,113,1.6,0,0.1,0,29.67,False
5621,2026-07-31T05:58:15Z,113,1.2,0,0.1,0,29.67,False
5622,2026-07-31T05:59:15Z,105,1.6,0,0.1,0,29.67,False
5623,2026-07-31T06:00:15Z,113,2.1,0,0.1,0,29.67,False
5624,2026-07-31T06:01:15Z,113,2.2,0,0.1,0,29.67,False
5625,2026-07-31T06:02:15Z,113,2,0,0.1,0,29.67,False
5626,2026-07-31T06:03:15Z,113,2.6,0,0.1,0,29.68,False
5627,2026-07-31T06:04:15Z,113,1.9,0,0.1,0,29.68,False
5628,2026-07-31T06:05:15Z,113,1.9,0,0.1,0,29.68,False
5629,2026-07-31T06:06:15Z,104,2.5,0,0.1,0,29.67,False
5630,2026-07-31T06:07:15Z,113,2.7,0,0.1,0,29.67,False
5631,2026-07-31T06:08:15Z,113,3.1,0,0.1,0,29.67,False
5632,2026-07-31T06:10:15Z,113,2.3,0,0.1,0,29.67,False
5633,2026-07-31T06:11:15Z,102,2.5,0,0.1,0,29.67,False
5634,2026-07-31T06:12:15Z,113,2.9,0,0.1,0,29.67,False
5635,2026-07-31T06:13:15Z,113,2.7,0,0.1,0,29.67,False
5636,2026-07-31T06:14:15Z,113,2.2,0,0.1,0,29.67,False
5637,2026-07-31T06:15:15Z,113,1.9,0,0.1,0,29.67,False
5638,2026-07-31T06:16:15Z,113,1.5,0,0.1,0,29.67,False
5639,2026-07-31T06:17:15Z,113,1.7,0,0.1,0,29.67,False
5640,2026-07-31T06:18:15Z,113,2.3,0,0.1,0,29.67,False
5641,2026-07-31T06:20:15Z,0,1.6,0,0.1,0,29.67,False
5642,2026-07-31T06:21:15Z,0,1.5,0,0.1,0,29.67,False
5643,2026-07-31T06:22:15Z,0,2.1,0,0.1,0,29.67,False
5644,2026-07-31T06:23:15Z,0,1.5,0,0.1,0,29.67,False
5645,2026-07-31T06:24:15Z,107,1.7,0,0.1,0,29.67,False
5646,2026-07-31T06:25:15Z,106,1.1,0,0.1,0,29.67,False
5647,2026-07-31T06:26:15Z,113,2.7,0,0.1,0,29.67,False
5648,2026-07-31T06:27:15Z,113,2.4,0,0.1,0,29.67,False
5649,2026-07-31T06:28:15Z,107,2,0,0.1,0,29.67,False
5650,2026-07-31T06:29:15Z,109,3.2,0,0.1,0,29.67,False
5651,2026-07-31T06:30:15Z,113,2.5,0,0.1,0,29.67,False
5652,2026-07-31T06:31:15Z,0,2.8,0,0.1,0,29.67,False
5653,2026-07-31T06:32:15Z,0,1.8,0,0.1,0,29.67,False
5654,2026-07-31T06:33:15Z,113,1.3,0,0.1,0,29.67,False
5655,2026-07-31T06:34:15Z,113,1.7,0,0.1,0,29.67,False
5656,2026-07-31T06:35:15Z,0,1.4,0,0.1,0,29.67,False
5657,2026-07-31T06:36:15Z,111,1.5,0,0.1,0,29.67,False
5658,2026-07-31T06:37:15Z,113,1.9,0,0.1,0,29.67,False
5659,2026-07-31T06:38:15Z,158,2.5,0,0.1,0,29.67,False
5660,2026-07-31T06:39:15Z,108,3,0,0.1,0,29.67,False
5661,2026-07-31T06:40:15Z,146,3,0,0.1,0,29.67,False
5662,2026-07-31T06:41:15Z,113,2.7,0,0.1,0,29.67,False
5663,2026-07-31T06:42:15Z,113,2.3,0,0.1,0,29.67,False
5664,2026-07-31T06:43:15Z,113,2.6,0,0.1,0,29.67,False
5665,2026-07-31T06:44:15Z,0,3.2,0,0.1,0,29.67,False
5666,2026-07-31T06:45:15Z,0,3,0,0.1,0,29.67,False
5667,2026-07-31T06:46:15Z,0,2,0,0.1,0,29.67,False
5668,2026-07-31T06:47:15Z,0,2.2,0,0.1,0,29.67,False
5669,2026-07-31T06:48:15Z,0,1.9,0,0.1,0,29.67,False
5670,2026-07-31T06:49:15Z,0,1.7,0,0.1,0,29.67,False
5671,2026-07-31T06:50:15Z,0,2.2,0,0.1,0,29.67,False
5672,2026-07-31T06:51:15Z,0,2,0,0.1,0,29.67,False
5673,2026-07-31T06:52:15Z,0,2.2,0,0.1,0,29.68,False
5674,2026-07-31T06:53:15Z,0,2.1,0,0.1,0,29.68,False
5675,2026-07-31T06:54:15Z,0,2,0,0.1,0,29.68,False
5676,2026-07-31T06:55:15Z,0,1.9,0,0.1,0,29.68,False
5677,2026-07-31T06:56:15Z,113,2,0,0.1,0,29.68,False
5678,2026-07-31T06:57:15Z,113,1.8,0,0.1,0,29.68,False
5679,2026-07-31T06:58:15Z,113,2,0,0.1,0,29.68,False
5680,2026-07-31T06:59:15Z,109,1.6,0,0.1,0,29.68,False
5681,2026-07-31T07:01:15Z,0,0.8,0,0.1,0,29.68,False
5682,2026-07-31T07:02:15Z,98,1.5,0,0.1,0,29.68,False
5683,2026-07-31T07:03:15Z,90,1.5,0,0.1,0,29.68,False
5684,2026-07-31T07:04:15Z,0,1.1,0,0.1,0,29.68,False
5685,2026-07-31T07:05:15Z,0,1.7,0,0.1,0,29.68,False
5686,2026-07-31T07:06:15Z,113,1.9,0,0.1,0,29.68,False
5687,2026-07-31T07:07:15Z,113,1.9,0,0.1,0,29.68,False
5688,2026-07-31T07:08:15Z,113,2.1,0,0.1,0,29.68,False
5689,2026-07-31T07:10:15Z,113,1.4,0,0.1,0,29.68,False
5690,2026-07-31T07:11:15Z,113,1.7,0,0.1,0,29.68,False
5691,2026-07-31T07:12:15Z,113,2.7,0,0.1,0,29.68,False
5692,2026-07-31T07:13:15Z,113,2.3,0,0.1,0,29.68,False
5693,2026-07-31T07:14:15Z,113,1.9,0,0.1,0,29.68,False
5694,2026-07-31T07:15:15Z,113,1.6,0,0.1,0,29.68,False
5695,2026-07-31T07:16:15Z,0,1.2,0,0.1,0,29.68,False
5696,2026-07-31T07:17:15Z,113,1.6,0,0.1,0,29.68,False
5697,2026-07-31T07:18:15Z,102,0.9,0,0.1,0,29.68,False
5698,2026-07-31T07:19:15Z,113,1.4,0,0.1,0,29.68,False
5699,2026-07-31T07:21:15Z,113,1.1,0,0.1,0,29.68,False
5700,2026-07-31T07:22:15Z,113,1,0,0.1,0,29.68,False
5701,2026-07-31T07:23:15Z,113,0.7,0,0.1,0,29.68,False
5702,2026-07-31T07:24:15Z,113,1.2,0,0.1,0,29.68,False
5703,2026-07-31T07:25:15Z,113,1.8,0,0.1,0,29.68,False
5704,2026-07-31T07:26:15Z,0,1.8,0,0.1,0,29.68,False
5705,2026-07-31T07:27:15Z,0,1.5,0,0.1,0,29.68,False
5706,2026-07-31T07:28:15Z,0,1.4,0,0.1,0,29.68,False
5707,2026-07-31T07:29:15Z,0,1.1,0,0.1,0,29.68,False
5708,2026-07-31T07:30:15Z,0,1.2,0,0.1,0,29.68,False
5709,2026-07-31T07:31:15Z,0,1.2,0,0.1,0,29.68,False
5710,2026-07-31T07:32:15Z,0,0.9,0,0.1,0,29.68,False
5711,2026-07-31T07:33:15Z,0,0.8,0,0.1,0,29.68,False
5712,2026-07-31T07:34:15Z,0,0.7,0,0.1,0,29.68,False
5713,2026-07-31T07:35:15Z,0,0.7,0,0.1,0,29.68,False
5714,2026-07-31T07:36:15Z,0,0,0,0.1,0,29.68,False
5715,2026-07-31T07:37:15Z,0,0,0,0.1,0,29.68,False
5716,2026-07-31T07:38:15Z,0,0,0,0.1,0,29.68,False
5717,2026-07-31T07:40:15Z,113,0,0,0.1,0,29.68,False
5718,2026-07-31T07:41:15Z,113,1.2,0,0.1,0,29.69,False
5719,2026-07-31T07:42:15Z,110,0.9,0,0.1,0,29.69,False
5720,2026-07-31T07:43:15Z,113,1,0,0.1,0,29.69,False
5721,2026-07-31T07:44:15Z,0,0.5,0,0.1,0,29.69,False
5722,2026-07-31T07:45:15Z,0,0.7,0,0.1,0,29.69,False
5723,2026-07-31T07:46:15Z,0,1.3,0,0.1,0,29.69,False
5724,2026-07-31T07:47:15Z,109,1.6,0,0.1,0,29.68,False
5725,2026-07-31T07:48:15Z,110,1.6,0,0.1,0,29.68,False
5726,2026-07-31T07:50:15Z,107,1.5,0,0.1,0,29.68,False
5727,2026-07-31T07:51:15Z,111,1.7,0,0.1,0,29.68,False
5728,2026-07-31T07:52:15Z,106,1.3,0,0.1,0,29.68,False
5729,2026-07-31T07:53:15Z,0,1,0,0.1,0,29.68,False
5730,2026-07-31T07:54:15Z,0,0.9,0,0.1,0,29.68,False
5731,2026-07-31T07:55:15Z,0,1.1,0,0.1,0,29.68,False
5732,2026-07-31T07:56:15Z,0,0.5,0,0.1,0,29.68,False
5733,2026-07-31T07:57:15Z,0,0.7,0,0.1,0,29.68,False
5734,2026-07-31T07:58:15Z,0,0.7,0,0.1,0,29.68,False
5735,2026-07-31T07:59:15Z,0,0.9,0,0.1,0,29.68,False
5736,2026-07-31T08:00:15Z,0,0.7,0,0.1,0,29.68,False
5737,2026-07-31T08:01:15Z,0,0.6,0,0.1,0,29.68,False
5738,2026-07-31T08:02:15Z,0,0.2,0,0.1,0,29.68,False
5739,2026-07-31T08:03:15Z,0,0,0,0.1,0,29.68,False
5740,2026-07-31T08:04:15Z,0,0,0,0.1,0,29.68,False
5741,2026-07-31T08:05:15Z,0,0,0,0.1,0,29.68,False
5742,2026-07-31T08:06:15Z,0,0,0,0.1,0,29.68,False
5743,2026-07-31T08:07:15Z,0,0.6,0,0.1,0,29.68,False
5744,2026-07-31T08:08:15Z,0,1,0,0.1,0,29.68,False
5745,2026-07-31T08:10:15Z,0,1,0,0.1,0,29.68,False
5746,2026-07-31T08:11:15Z,0,0.9,0,0.1,0,29.68,False
5747,2026-07-31T08:12:15Z,0,0.9,0,0.1,0,29.68,False
5748,2026-07-31T08:13:15Z,0,1.3,0,0.1,0,29.69,False
5749,2026-07-31T08:14:15Z,115,2,0,0.1,0,29.69,False
5750,2026-07-31T08:15:15Z,171,1.4,0,0.1,0,29.69,False
5751,2026-07-31T08:16:15Z,113,0.8,0,0.1,0,29.69,False
5752,2026-07-31T08:17:15Z,0,1.3,0,0.1,0,29.69,False
5753,2026-07-31T08:18:15Z,0,0.6,0,0.1,0,29.69,False
5754,2026-07-31T08:20:15Z,108,1.7,0,0.1,0,29.69,False
5755,2026-07-31T08:21:15Z,113,1.1,0,0.1,0,29.69,False
5756,2026-07-31T08:22:15Z,113,0.4,0,0.1,0,29.69,False
5757,2026-07-31T08:23:15Z,0,0.5,0,0.1,0,29.69,False
5758,2026-07-31T08:24:15Z,0,1.1,0,0.1,0,29.69,False
5759,2026-07-31T08:25:15Z,0,1.4,0,0.1,0,29.69,False
5760,2026-07-31T08:26:15Z,0,0.9,0,0.1,0,29.69,False
5761,2026-07-31T08:27:15Z,0,1.1,0,0.1,0,29.69,False
5762,2026-07-31T08:28:15Z,0,1.3,0,0.1,0,29.69,False
5763,2026-07-31T08:29:15Z,0,1,0,0.1,0,29.69,False
5764,2026-07-31T08:30:15Z,0,1.1,0,0.1,0,29.69,False
5765,2026-07-31T08:31:15Z,0,1,0,0.1,0,29.69,False
5766,2026-07-31T08:32:15Z,120,1.6,0,0.1,0,29.69,False
5767,2026-07-31T08:33:15Z,139,1.9,0,0.1,0,29.69,False
5768,2026-07-31T08:34:15Z,98,1.2,0,0.1,0,29.69,False
5769,2026-07-31T08:35:15Z,113,1.2,0,0.1,0,29.69,False
5770,2026-07-31T08:36:15Z,113,1.3,0,0.1,0,29.69,False
5771,2026-07-31T08:37:15Z,0,0.8,0,0.1,0,29.69,False
5772,2026-07-31T08:38:15Z,113,1.4,0,0.1,0,29.69,False
5773,2026-07-31T08:40:15Z,0,1.4,0,0.1,0,29.69,False
5774,2026-07-31T08:41:15Z,0,1.4,0,0.1,0,29.68,False
5775,2026-07-31T08:42:15Z,113,1.5,0,0.1,0,29.68,False
5776,2026-07-31T08:43:15Z,110,1,0,0.1,0,29.68,False
5777,2026-07-31T08:44:15Z,113,1.2,0,0.1,0,29.68,False
5778,2026-07-31T08:45:15Z,0,1.1,0,0.1,0,29.68,False
5779,2026-07-31T08:46:15Z,0,0.1,0,0.1,0,29.68,False
5780,2026-07-31T08:47:15Z,0,0.3,0,0.1,0,29.68,False
5781,2026-07-31T08:48:15Z,0,0.3,0,0.1,0,29.68,False
5782,2026-07-31T08:50:15Z,0,0.4,0,0.1,0,29.68,False
5783,2026-07-31T08:51:15Z,0,0,0,0.1,0,29.68,False
5784,2026-07-31T08:52:15Z,0,0,0,0.1,0,29.68,False
5785,2026-07-31T08:53:15Z,0,0,0,0.1,0,29.68,False
5786,2026-07-31T08:54:15Z,0,0,0,0.1,0,29.68,False
5787,2026-07-31T08:55:15Z,0,0.1,0,0.1,0,29.68,False
5788,2026-07-31T08:56:15Z,0,0.5,0,0.1,0,29.68,False
5789,2026-07-31T08:57:15Z,0,0,0,0.1,0,29.68,False
5790,2026-07-31T08:58:15Z,0,0,0,0.1,0,29.68,False
5791,2026-07-31T08:59:15Z,0,0,0,0.1,0,29.68,False
5792,2026-07-31T09:00:15Z,0,0.6,0,0.1,0,29.68,False
5793,2026-07-31T09:01:15Z,0,0.6,0,0.1,0,29.68,False
5794,2026-07-31T09:02:15Z,0,0.7,0,0.1,0,29.68,False
5795,2026-07-31T09:03:15Z,0,0.9,0,0.1,0,29.68,False
5796,2026-07-31T09:04:15Z,0,0.7,0,0.1,0,29.68,False
5797,2026-07-31T09:05:15Z,0,0.9,0,0.1,0,29.68,False
5798,2026-07-31T09:06:15Z,0,0.7,0,0.1,0,29.69,False
5799,2026-07-31T09:07:15Z,0,0.7,0,0.1,0,29.69,False
5800,2026-07-31T09:08:15Z,0,0.5,0,0.1,0,29.69,False
5801,2026-07-31T09:10:15Z,0,0.5,0,0.1,0,29.69,False
5802,2026-07-31T09:11:15Z,0,0.5,0,0.1,0,29.69,False
5803,2026-07-31T09:12:15Z,0,1.1,0,0.1,0,29.69,False
5804,2026-07-31T09:13:15Z,0,0.9,0,0.1,0,29.69,False
5805,2026-07-31T09:14:15Z,0,1.1,0,0.1,0,29.69,False
5806,2026-07-31T09:15:15Z,0,1.3,0,0.1,0,29.69,False
5807,2026-07-31T09:16:15Z,0,1.2,0,0.1,0,29.69,False
5808,2026-07-31T09:17:15Z,0,0.8,0,0.1,0,29.69,False
5809,2026-07-31T09:18:15Z,0,0.4,0,0.1,0,29.69,False
5810,2026-07-31T09:19:15Z,0,0.4,0,0.1,0,29.69,False
5811,2026-07-31T09:20:15Z,0,0.3,0,0.1,0,29.69,False
5812,2026-07-31T09:21:15Z,0,0.8,0,0.1,0,29.69,False
5813,2026-07-31T09:22:15Z,0,1,0,0.1,0,29.69,False
5814,2026-07-31T09:23:15Z,0,0.6,0,0.1,0,29.69,False
5815,2026-07-31T09:24:15Z,0,0.2,0,0.1,0,29.69,False
5816,2026-07-31T09:25:15Z,0,0,0,0.1,0,29.69,False
5817,2026-07-31T09:26:15Z,0,0,0,0.1,0,29.69,False
5818,2026-07-31T09:27:15Z,0,0,0,0.1,0,29.69,False
5819,2026-07-31T09:28:15Z,0,0,0,0.1,0,29.69,False
5820,2026-07-31T09:29:15Z,0,0.1,0,0.1,0,29.69,False
5821,2026-07-31T09:31:15Z,0,0.9,0,0.1,0,29.69,False
5822,2026-07-31T09:32:15Z,0,0.8,0,0.1,0,29.69,False
5823,2026-07-31T09:33:15Z,0,1.1,0,0.1,0,29.69,False
5824,2026-07-31T09:34:15Z,0,1.3,0,0.1,0,29.69,False
5825,2026-07-31T09:35:15Z,0,1.3,0,0.1,0,29.69,False
5826,2026-07-31T09:36:15Z,0,1,0,0.1,0,29.69,False
5827,2026-07-31T09:37:15Z,0,1,0,0.1,0,29.69,False
5828,2026-07-31T09:38:15Z,0,1.2,0,0.1,0,29.69,False
5829,2026-07-31T09:39:15Z,0,1.2,0,0.1,0,29.69,False
5830,2026-07-31T09:40:15Z,0,1.1,0,0.1,0,29.69,False
5831,2026-07-31T09:41:15Z,0,0.9,0,0.1,0,29.69,False
5832,2026-07-31T09:42:15Z,0,1,0,0.1,0,29.69,False
5833,2026-07-31T09:43:15Z,0,0.8,0,0.1,0,29.69,False
5834,2026-07-31T09:44:15Z,0,0.9,0,0.1,0,29.69,False
5835,2026-07-31T09:45:15Z,0,0.8,0,0.1,0,29.69,False
5836,2026-07-31T09:46:15Z,0,0.8,0,0.1,0,29.69,False
5837,2026-07-31T09:47:15Z,0,0.9,0,0.1,0,29.69,False
5838,2026-07-31T09:48:15Z,113,1.1,0,0.1,0,29.69,False
5839,2026-07-31T09:49:15Z,113,1.1,0,0.1,0,29.69,False
5840,2026-07-31T09:50:15Z,111,1,0,0.1,0,29.69,False
5841,2026-07-31T09:51:15Z,111,1.1,0,0.1,0,29.69,False
5842,2026-07-31T09:52:15Z,113,0.9,0,0.1,0,29.69,False
5843,2026-07-31T09:53:15Z,113,1.1,0,0.1,0,29.69,False
5844,2026-07-31T09:54:15Z,111,0.6,0,0.1,0,29.69,False
5845,2026-07-31T09:55:15Z,106,0.9,0,0.1,0,29.69,False
5846,2026-07-31T09:56:15Z,107,0.8,0,0.1,0,29.69,False
5847,2026-07-31T09:57:15Z,106,0.9,0,0.1,0,29.69,False
5848,2026-07-31T09:58:15Z,110,0.6,0,0.1,0,29.69,False
5849,2026-07-31T10:00:15Z,0,0.7,0,0.1,0,29.69,False
5850,2026-07-31T10:01:15Z,0,0.7,0,0.1,0,29.69,False
5851,2026-07-31T10:02:15Z,0,0.6,0,0.1,0,29.69,False
5852,2026-07-31T10:03:15Z,0,0,0,0.1,0,29.69,False
5853,2026-07-31T10:04:15Z,0,0,0,0.1,0,29.69,False
5854,2026-07-31T10:05:15Z,0,0,0,0.1,0,29.69,False
5855,2026-07-31T10:06:15Z,113,0.2,0,0.1,0,29.69,False
5856,2026-07-31T10:07:15Z,109,0.9,0,0.1,0,29.69,False
5857,2026-07-31T10:08:15Z,111,0.4,0,0.1,0,29.69,False
5858,2026-07-31T10:10:15Z,109,0,0,0.1,0,29.69,False
5859,2026-07-31T10:11:15Z,111,0,0,0.1,0,29.69,False
5860,2026-07-31T10:12:15Z,113,0,0,0.1,0,29.69,False
5861,2026-07-31T10:13:15Z,0,0,0,0.1,0,29.69,False
5862,2026-07-31T10:14:15Z,0,0,0,0.1,0,29.69,False
5863,2026-07-31T10:15:15Z,0,0,0,0.1,0,29.7,False
5864,2026-07-31T10:16:15Z,0,0,0,0.1,0,29.7,False
5865,2026-07-31T10:17:15Z,0,0,0,0.1,0,29.69,False
5866,2026-07-31T10:18:15Z,0,0,0,0.1,0,29.69,False
5867,2026-07-31T10:20:15Z,0,1,0,0.1,0,29.69,False
5868,2026-07-31T10:21:15Z,0,0.9,0,0.1,0,29.69,False
5869,2026-07-31T10:22:15Z,0,1.5,0,0.1,0,29.69,False
5870,2026-07-31T10:23:15Z,0,1.8,0,0.1,0,29.69,False
5871,2026-07-31T10:24:15Z,0,2.3,0,0.1,0,29.69,False
5872,2026-07-31T10:25:15Z,0,2.6,0,0.1,0,29.69,False
5873,2026-07-31T10:26:15Z,113,3.1,0,0.1,0,29.69,False
5874,2026-07-31T10:27:15Z,0,1.8,0,0.1,0,29.69,False
5875,2026-07-31T10:28:15Z,113,2.3,0,0.1,0,29.69,False
5876,2026-07-31T10:29:15Z,113,1.5,0,0.1,0,29.69,False
5877,2026-07-31T10:30:15Z,113,1.2,0,0.1,0,29.69,False
5878,2026-07-31T10:31:15Z,113,1.2,0,0.1,0,29.69,False
5879,2026-07-31T10:32:15Z,113,1.1,0,0.1,0,29.69,False
5880,2026-07-31T10:33:15Z,0,1,0,0.1,0,29.69,False
5881,2026-07-31T10:34:15Z,108,1.1,0,0.1,0,29.69,False
5882,2026-07-31T10:35:15Z,0,1.1,0,0.1,0,29.69,False
5883,2026-07-31T10:36:15Z,0,1.5,0,0.1,0,29.69,False
5884,2026-07-31T10:37:15Z,0,1,0,0.1,0,29.69,False
5885,2026-07-31T10:38:15Z,0,0.6,0,0.1,0,29.69,False
5886,2026-07-31T10:39:15Z,113,1.2,0,0.1,0,29.69,False
5887,2026-07-31T10:40:15Z,113,1.4,0,0.1,0,29.69,False
5888,2026-07-31T10:41:15Z,113,1.6,0,0.1,0,29.69,False
5889,2026-07-31T10:42:15Z,0,1.8,0,0.1,0,29.69,False
5890,2026-07-31T10:43:15Z,0,2.3,0,0.1,0,29.69,False
5891,2026-07-31T10:44:15Z,0,2,0,0.1,0,29.69,False
5892,2026-07-31T10:45:15Z,0,1.6,0,0.1,0,29.69,False
5893,2026-07-31T10:46:15Z,0,1.4,0,0.1,0,29.69,False
5894,2026-07-31T10:47:15Z,0,1.4,0,0.1,0,29.69,False
5895,2026-07-31T10:48:15Z,0,1.5,0,0.1,0,29.69,False
5896,2026-07-31T10:50:15Z,0,1.2,0,0.1,0,29.69,False
5897,2026-07-31T10:51:15Z,0,1.1,0,0.1,0,29.69,False
5898,2026-07-31T10:52:15Z,0,1,0,0.1,0,29.69,False
5899,2026-07-31T10:53:15Z,0,1,0,0.1,0,29.69,False
5900,2026-07-31T10:54:15Z,0,1,0,0.1,0,29.69,False
5901,2026-07-31T10:55:15Z,0,1.2,0,0.1,0,29.69,False
5902,2026-07-31T10:56:15Z,0,0.9,0,0.1,0,29.69,False
5903,2026-07-31T10:57:15Z,0,0.9,0,0.1,0,29.69,False
5904,2026-07-31T10:58:15Z,0,0.5,0,0.1,0,29.69,False
5905,2026-07-31T10:59:15Z,0,0.2,0,0.1,0,29.69,False
5906,2026-07-31T11:01:15Z,0,0,0,0.1,0,29.69,False
5907,2026-07-31T11:02:15Z,0,0,0,0.1,0,29.69,False
5908,2026-07-31T11:03:15Z,0,0,0,0.1,0,29.69,False
5909,2026-07-31T11:04:15Z,0,0,0,0.1,0.011,29.69,True
5910,2026-07-31T11:05:15Z,0,0,0,0.1,0,29.69,False
5911,2026-07-31T11:06:15Z,0,0,0,0.1,0,29.69,False
5912,2026-07-31T11:07:15Z,0,0,0,0.1,0,29.7,False
5913,2026-07-31T11:08:15Z,113,0,0,0.1,0,29.7,False
5914,2026-07-31T11:10:15Z,113,0,0,0.1,0,29.7,False
5915,2026-07-31T11:11:15Z,108,1.3,0,0.1,0,29.7,False
5916,2026-07-31T11:12:15Z,119,1.9,0,0.1,0,29.7,False
5917,2026-07-31T11:13:15Z,111,1.8,0,0.1,0,29.7,False
5918,2026-07-31T11:14:15Z,109,2.7,0,0.1,0,29.7,False
5919,2026-07-31T11:15:15Z,111,1.8,0,0.1,0,29.7,False
5920,2026-07-31T11:16:15Z,113,1.4,0,0.1,0,29.7,False
5921,2026-07-31T11:17:15Z,113,2.2,0,0.1,0,29.7,False
5922,2026-07-31T11:18:15Z,113,1.7,0,0.1,0,29.7,False
5923,2026-07-31T11:20:15Z,0,0.5,0,0.1,0,29.7,False
5924,2026-07-31T11:21:15Z,111,1,0,0.1,0,29.7,False
5925,2026-07-31T11:22:15Z,192,1.7,0,0.1,0,29.7,False
5926,2026-07-31T11:23:15Z,196,1,0,0.1,0,29.7,False
5927,2026-07-31T11:24:15Z,23,0.4,0,0.1,0,29.7,False
5928,2026-07-31T11:25:15Z,58,0.6,0,0.1,0,29.7,False
5929,2026-07-31T11:26:15Z,194,1,0,0.1,0,29.7,False
5930,2026-07-31T11:27:15Z,203,1.4,0,0.1,0,29.7,False
5931,2026-07-31T11:28:15Z,203,0.6,0,0.1,0,29.7,False
5932,2026-07-31T11:29:15Z,203,0,0,0.1,0,29.7,False
5933,2026-07-31T11:30:15Z,23,0,0,0.1,0,29.7,False
5934,2026-07-31T11:31:15Z,29,0,0,0.1,0,29.7,False
5935,2026-07-31T11:32:15Z,0,0,0,0.1,0,29.7,False
5936,2026-07-31T11:33:15Z,0,0,0,0.1,0,29.7,False
5937,2026-07-31T11:34:15Z,158,0,0,0.1,0,29.7,False
5938,2026-07-31T11:35:15Z,123,1.8,0,0.1,0,29.71,False
5939,2026-07-31T11:36:15Z,113,0.9,0,0.1,0,29.71,False
5940,2026-07-31T11:37:15Z,0,0.5,0,0.1,0,29.71,False
5941,2026-07-31T11:38:15Z,0,0,0,0.1,0,29.71,False
5942,2026-07-31T11:40:15Z,196,1.1,0,0.1,0,29.71,False
5943,2026-07-31T11:41:15Z,111,1,0,0.1,0,29.71,False
5944,2026-07-31T11:42:15Z,159,0.4,0,0.1,0,29.71,False
5945,2026-07-31T11:43:15Z,187,0.8,0,0.1,0,29.71,False
5946,2026-07-31T11:44:15Z,175,1.1,0,0.1,0,29.71,False
5947,2026-07-31T11:45:15Z,178,1,0,0.1,0,29.71,False
5948,2026-07-31T11:46:15Z,175,0.6,0,0.1,0,29.71,False
5949,2026-07-31T11:47:15Z,176,0.8,0,0.1,0,29.71,False
5950,2026-07-31T11:48:15Z,158,1.7,0,0.1,0,29.71,False
5951,2026-07-31T11:50:15Z,145,1.9,0,0.1,0,29.71,False
5952,2026-07-31T11:51:15Z,112,1.6,0,0.1,0,29.71,False
5953,2026-07-31T11:52:15Z,179,0.2,0,0.1,0,29.71,False
5954,2026-07-31T11:53:15Z,180,1.1,0,0.1,0,29.71,False
5955,2026-07-31T11:54:15Z,0,0.8,0,0.1,0,29.71,False
5956,2026-07-31T11:55:15Z,83,1.4,0,0.1,0,29.71,False
5957,2026-07-31T11:56:15Z,141,1.6,0,0.1,0,29.71,False
5958,2026-07-31T11:57:15Z,178,0.9,0,0.1,0,29.71,False
5959,2026-07-31T11:58:15Z,126,0.4,0,0.1,0,29.71,False
5960,2026-07-31T11:59:15Z,199,0.4,0,0.1,0,29.71,False
5961,2026-07-31T12:00:15Z,23,0.8,0,0.1,0,29.71,False
5962,2026-07-31T12:01:15Z,162,0.4,0,0.1,0,29.71,False
5963,2026-07-31T12:02:15Z,126,2.8,0,0.1,0,29.71,False
5964,2026-07-31T12:03:15Z,113,2.2,0,0.1,0,29.71,False
5965,2026-07-31T12:04:15Z,110,2.6,0,0.1,0,29.71,False
5966,2026-07-31T12:05:15Z,121,2.6,0,0.1,0,29.71,False
5967,2026-07-31T12:06:15Z,136,2.3,0,0.1,0,29.71,False
5968,2026-07-31T12:07:15Z,139,1.4,0,0.1,0,29.71,False
5969,2026-07-31T12:08:15Z,127,2.9,0,0.1,0,29.71,False
5970,2026-07-31T12:10:15Z,121,1.3,0,0.1,0,29.71,False
5971,2026-07-31T12:11:15Z,147,1.2,0,0.1,0,29.71,False
5972,2026-07-31T12:12:15Z,147,2.3,0,0.1,0,29.71,False
5973,2026-07-31T12:13:15Z,169,1.5,0,0.1,0,29.72,False
5974,2026-07-31T12:14:15Z,195,1.3,0,0.1,0,29.72,False
5975,2026-07-31T12:15:15Z,122,1.8,0,0.1,0,29.72,False
5976,2026-07-31T12:16:15Z,172,1.9,0,0.1,0,29.72,False
5977,2026-07-31T12:17:15Z,119,3.9,0,0.1,0,29.72,False
5978,2026-07-31T12:18:15Z,121,2.5,0,0.1,0,29.72,False
5979,2026-07-31T12:20:15Z,118,3.4,0,0.1,0,29.72,False
5980,2026-07-31T12:21:15Z,113,1.8,0,0.1,0,29.72,False
5981,2026-07-31T12:22:15Z,181,1.6,0,0.1,0,29.72,False
5982,2026-07-31T12:23:15Z,144,1.7,0,0.1,0,29.72,False
5983,2026-07-31T12:24:15Z,116,4.4,0,0.1,0,29.72,False
5984,2026-07-31T12:25:15Z,134,2.9,0,0.1,0,29.72,False
5985,2026-07-31T12:26:15Z,88,1.7,0,0.1,0,29.72,False
5986,2026-07-31T12:27:15Z,169,0.7,0,0.1,0,29.72,False
5987,2026-07-31T12:28:15Z,138,0.7,0,0.1,0,29.72,False
5988,2026-07-31T12:29:15Z,124,1.3,0,0.1,0,29.72,False
5989,2026-07-31T12:30:15Z,156,1.9,0,0.1,0,29.72,False
5990,2026-07-31T12:31:15Z,179,1.5,0,0.1,0,29.71,False
5991,2026-07-31T12:32:15Z,164,2.2,0,0.1,0,29.71,False
5992,2026-07-31T12:33:15Z,171,1.2,0,0.1,0,29.71,False
5993,2026-07-31T12:34:15Z,164,0.7,0,0.1,0,29.71,False
5994,2026-07-31T12:35:15Z,155,1,0,0.1,0,29.71,False
5995,2026-07-31T12:36:15Z,180,0.3,0,0.1,0,29.71,False
5996,2026-07-31T12:37:15Z,180,1.2,0,0.1,0,29.71,False
5997,2026-07-31T12:38:15Z,180,1.1,0,0.1,0,29.71,False
5998,2026-07-31T12:39:15Z,151,0.4,0,0.1,0,29.71,False
5999,2026-07-31T12:40:15Z,125,2.2,0,0.1,0,29.72,False
6000,2026-07-31T12:41:15Z,113,2.8,0,0.1,0,29.72,False
6001,2026-07-31T12:42:15Z,180,1.6,0,0.1,0,29.72,False
6002,2026-07-31T12:43:15Z,122,2.1,0,0.1,0,29.72,False
6003,2026-07-31T12:44:15Z,42,4.4,0,0.1,0,29.72,False
6004,2026-07-31T12:45:15Z,183,1.7,0,0.1,0,29.72,False
6005,2026-07-31T12:46:15Z,37,2.6,0,0.1,0,29.72,False
6006,2026-07-31T12:47:15Z,176,1.1,0,0.1,0,29.72,False
6007,2026-07-31T12:48:15Z,177,0.9,0,0.1,0,29.72,False
6008,2026-07-31T12:49:15Z,108,2.7,0,0.1,0,29.72,False
6009,2026-07-31T12:50:15Z,136,1.5,0,0.1,0,29.72,False
6010,2026-07-31T12:51:15Z,31,2.3,0,0.1,0,29.72,False
6011,2026-07-31T12:52:15Z,77,2.7,0,0.1,0,29.72,False
6012,2026-07-31T12:53:15Z,184,2.3,0,0.1,0,29.72,False
6013,2026-07-31T12:54:15Z,180,2,0,0.1,0,29.72,False
6014,2026-07-31T12:55:15Z,180,0.4,0,0.1,0,29.72,False
6015,2026-07-31T12:56:15Z,157,0.3,0,0.1,0,29.72,False
6016,2026-07-31T12:57:15Z,158,1.6,0,0.1,0,29.72,False
6017,2026-07-31T12:58:15Z,102,0.6,0,0.1,0,29.72,False
6018,2026-07-31T12:59:15Z,191,1.7,0,0.1,0,29.72,False
6019,2026-07-31T13:00:15Z,191,1.8,0,0.1,0,29.72,False
6020,2026-07-31T13:01:15Z,203,0.6,0,0.1,0,29.72,False
6021,2026-07-31T13:02:15Z,176,2.8,0,0.1,0,29.72,False
6022,2026-07-31T13:03:15Z,72,1.3,0,0.1,0,29.72,False
6023,2026-07-31T13:04:15Z,158,1.2,0,0.1,0,29.72,False
6024,2026-07-31T13:05:15Z,60,1.3,0,0.1,0,29.72,False
6025,2026-07-31T13:06:15Z,153,0.6,0,0.1,0,29.71,False
6026,2026-07-31T13:07:15Z,182,0.8,0,0.1,0,29.71,False
6027,2026-07-31T13:08:15Z,113,0.6,0,0.1,0,29.71,False
6028,2026-07-31T13:09:15Z,180,0.3,0,0.1,0,29.71,False
6029,2026-07-31T13:10:15Z,189,0,0,0.1,0,29.71,False
6030,2026-07-31T13:11:15Z,163,1.6,0,0.1,0,29.71,False
6031,2026-07-31T13:12:15Z,112,1.3,0,0.1,0,29.71,False
6032,2026-07-31T13:13:15Z,154,2.1,0,0.1,0,29.71,False
6033,2026-07-31T13:14:15Z,112,1.1,0,0.1,0,29.71,False
6034,2026-07-31T13:15:15Z,160,1.4,0,0.1,0,29.71,False
6035,2026-07-31T13:16:15Z,138,1.6,0,0.1,0,29.71,False
6036,2026-07-31T13:17:15Z,57,0.9,0,0.1,0,29.71,False
6037,2026-07-31T13:18:15Z,136,1.4,0,0.1,0,29.71,False
6038,2026-07-31T13:20:15Z,113,1.3,0,0.1,0,29.71,False
6039,2026-07-31T13:21:15Z,0,1.8,0,0.1,0,29.71,False
6040,2026-07-31T13:22:15Z,109,0.6,0,0.1,0,29.71,False
6041,2026-07-31T13:23:15Z,120,2.6,0,0.1,0,29.71,False
6042,2026-07-31T13:24:15Z,120,4.6,0,0.1,0,29.71,False
6043,2026-07-31T13:25:15Z,124,2.6,0,0.1,0,29.71,False
6044,2026-07-31T13:26:15Z,128,2.4,0,0.1,0,29.71,False
6045,2026-07-31T13:27:15Z,164,2.1,0,0.1,0,29.71,False
6046,2026-07-31T13:28:15Z,112,1.3,0,0.1,0,29.71,False
6047,2026-07-31T13:29:15Z,72,0.4,0,0.1,0,29.71,False
6048,2026-07-31T13:30:15Z,143,0.9,0,0.1,0,29.71,False
6049,2026-07-31T13:32:15Z,110,0.7,0,0.1,0,29.71,False
6050,2026-07-31T13:33:15Z,180,1,0,0.1,0,29.71,False
6051,2026-07-31T13:34:15Z,77,1.2,0,0.1,0,29.71,False
6052,2026-07-31T13:35:15Z,170,1,0,0.1,0,29.71,False
6053,2026-07-31T13:36:15Z,137,1.3,0,0.1,0,29.71,False
6054,2026-07-31T13:37:15Z,178,0.4,0,0.1,0,29.71,False
6055,2026-07-31T13:38:15Z,113,1.3,0,0.1,0,29.71,False
6056,2026-07-31T13:39:15Z,113,1.4,0,0.1,0,29.71,False
6057,2026-07-31T13:40:15Z,154,1.2,0,0.1,0,29.71,False
6058,2026-07-31T13:41:15Z,175,1.6,0,0.1,0,29.71,False
6059,2026-07-31T13:42:15Z,177,0.9,0,0.1,0,29.71,False
6060,2026-07-31T13:43:15Z,56,2.8,0,0.1,0,29.71,False
6061,2026-07-31T13:44:15Z,180,1.1,0,0.1,0,29.71,False
6062,2026-07-31T13:45:15Z,110,0.9,0,0.1,0,29.72,False
6063,2026-07-31T13:46:15Z,140,1.7,0,0.1,0,29.72,False
6064,2026-07-31T13:47:15Z,136,2.7,0,0.1,0,29.72,False
6065,2026-07-31T13:48:15Z,158,2.8,0,0.1,0,29.72,False
6066,2026-07-31T13:50:15Z,113,2.1,0,0.1,0,29.72,False
6067,2026-07-31T13:51:15Z,180,0.5,0,0.1,0,29.72,False
6068,2026-07-31T13:52:15Z,147,3.9,0,0.1,0,29.72,False
6069,2026-07-31T13:53:15Z,0,3.9,0,0.1,0,29.72,False
6070,2026-07-31T13:54:15Z,180,2.7,0,0.1,0,29.72,False
6071,2026-07-31T13:55:15Z,176,1.9,0,0.1,0,29.72,False
6072,2026-07-31T13:56:15Z,38,1.8,0,0.1,0,29.72,False
6073,2026-07-31T13:57:15Z,164,1.3,0,0.1,0,29.72,False
6074,2026-07-31T13:58:15Z,138,1.3,0,0.1,0,29.72,False
6075,2026-07-31T13:59:15Z,113,2.1,0,0.1,0,29.72,False
6076,2026-07-31T14:01:15Z,152,3,0,0.1,0,29.72,False
6077,2026-07-31T14:02:15Z,142,2.1,0,0.1,0,29.72,False
6078,2026-07-31T14:03:15Z,180,0.7,0,0.1,0,29.72,False
6079,2026-07-31T14:04:15Z,113,2.9,0,0.1,0,29.72,False
6080,2026-07-31T14:05:15Z,171,2.1,0,0.1,0,29.72,False
6081,2026-07-31T14:06:15Z,178,1.7,0,0.1,0,29.72,False
6082,2026-07-31T14:07:15Z,175,0.7,0,0.1,0,29.72,False
6083,2026-07-31T14:08:15Z,180,0.9,0,0.1,0,29.72,False
6084,2026-07-31T14:10:15Z,173,0.7,0,0.1,0,29.72,False
6085,2026-07-31T14:11:15Z,161,0.5,0,0.1,0,29.72,False
6086,2026-07-31T14:12:15Z,124,0.8,0,0.1,0,29.72,False
6087,2026-07-31T14:13:15Z,180,0.6,0,0.1,0,29.73,False
6088,2026-07-31T14:14:15Z,162,1.1,0,0.1,0,29.73,False
6089,2026-07-31T14:15:15Z,156,1.6,0,0.1,0,29.73,False
6090,2026-07-31T14:16:15Z,164,1.4,0,0.1,0,29.73,False
6091,2026-07-31T14:17:15Z,33,2.9,0,0.1,0,29.72,False
6092,2026-07-31T14:18:15Z,142,2,0,0.1,0,29.72,False
6093,2026-07-31T14:19:15Z,159,2.3,0,0.1,0,29.72,False
6094,2026-07-31T14:20:15Z,95,2.6,0,0.1,0,29.72,False
6095,2026-07-31T14:21:15Z,187,1.4,0,0.1,0,29.72,False
6096,2026-07-31T14:22:15Z,137,1.8,0,0.1,0,29.73,False
6097,2026-07-31T14:23:15Z,67,1.4,0,0.1,0,29.73,False
6098,2026-07-31T14:24:15Z,150,2,0,0.1,0,29.73,False
6099,2026-07-31T14:25:15Z,125,2,0,0.1,0,29.72,False
6100,2026-07-31T14:26:15Z,102,2.6,0,0.1,0,29.72,False
6101,2026-07-31T14:27:15Z,28,4.1,0,0.1,0,29.72,False
6102,2026-07-31T14:28:15Z,133,1.3,0,0.1,0,29.72,False
6103,2026-07-31T14:30:15Z,26,3.8,0,0.1,0,29.72,False
6104,2026-07-31T14:31:15Z,156,1.5,0,0.1,0,29.72,False
6105,2026-07-31T14:32:15Z,96,2.1,0,0.1,0,29.72,False
6106,2026-07-31T14:33:15Z,173,3.5,0,0.1,0,29.72,False
6107,2026-07-31T14:34:15Z,72,1.5,0,0.1,0,29.72,False
6108,2026-07-31T14:35:15Z,175,2.5,0,0.1,0,29.72,False
6109,2026-07-31T14:36:15Z,180,3.3,0,0.1,0,29.72,False
6110,2026-07-31T14:37:15Z,125,3.2,0,0.1,0,29.72,False
6111,2026-07-31T14:38:15Z,62,3.7,0,0.1,0,29.72,False
6112,2026-07-31T14:40:15Z,161,4.6,0,0.1,0,29.72,False
6113,2026-07-31T14:41:15Z,179,2,0,0.1,0,29.72,False
6114,2026-07-31T14:42:15Z,175,1.3,0,0.1,0,29.72,False
6115,2026-07-31T14:43:15Z,180,1,0,0.1,0,29.72,False
6116,2026-07-31T14:44:15Z,46,0.8,0,0.1,0,29.72,False
6117,2026-07-31T14:45:15Z,180,1,0,0.1,0,29.72,False
6118,2026-07-31T14:46:15Z,54,3.3,0,0.1,0,29.72,False
6119,2026-07-31T14:47:15Z,180,3.6,0,0.1,0,29.72,False
6120,2026-07-31T14:48:15Z,161,4.1,0,0.1,0,29.72,False
6121,2026-07-31T14:50:15Z,160,1.9,0,0.1,0,29.72,False
6122,2026-07-31T14:51:15Z,179,0.6,0,0.1,0,29.72,False
6123,2026-07-31T14:52:15Z,173,0.7,0,0.1,0,29.72,False
6124,2026-07-31T14:53:15Z,151,0.9,0,0.1,0,29.72,False
6125,2026-07-31T14:54:15Z,180,0.2,0,0.1,0,29.72,False
6126,2026-07-31T14:55:15Z,183,1.8,0,0.1,0,29.72,False
6127,2026-07-31T14:56:15Z,182,3,0,0.1,0,29.72,False
6128,2026-07-31T14:57:15Z,142,5.4,0,0.1,0,29.72,False
6129,2026-07-31T14:58:15Z,182,3.9,0,0.1,0,29.72,False
6130,2026-07-31T14:59:15Z,172,2.9,0,0.1,0,29.72,False
6131,2026-07-31T15:00:15Z,151,1.4,0,0.1,0,29.72,False
6132,2026-07-31T15:01:15Z,176,1.8,0,0.1,0,29.72,False
6133,2026-07-31T15:02:15Z,187,1.5,0,0.1,0,29.72,False
6134,2026-07-31T15:03:15Z,161,1.4,0,0.1,0,29.72,False
6135,2026-07-31T15:04:15Z,150,1.7,0,0.1,0,29.72,False
6136,2026-07-31T15:05:15Z,106,0.8,0,0.1,0,29.72,False
6137,2026-07-31T15:06:15Z,143,2.6,0,0.1,0,29.72,False
6138,2026-07-31T15:07:15Z,115,2.8,0,0.1,0,29.72,False
6139,2026-07-31T15:08:15Z,113,1.6,0,0.1,0,29.72,False
6140,2026-07-31T15:10:15Z,113,2.4,0,0.1,0,29.72,False
6141,2026-07-31T15:11:15Z,118,2.4,0,0.1,0,29.72,False
6142,2026-07-31T15:12:15Z,156,1.8,0,0.1,0,29.72,False
6143,2026-07-31T15:13:15Z,141,1.2,0,0.1,0,29.72,False
6144,2026-07-31T15:14:15Z,173,1.5,0,0.1,0,29.72,False
6145,2026-07-31T15:15:15Z,182,1.7,0,0.1,0,29.72,False
6146,2026-07-31T15:16:15Z,180,4.6,0,0.1,0,29.72,False
6147,2026-07-31T15:17:15Z,177,3.7,0,0.1,0,29.72,False
6148,2026-07-31T15:18:15Z,169,2.7,0,0.1,0,29.72,False
6149,2026-07-31T15:20:15Z,180,2.1,0,0.1,0,29.72,False
6150,2026-07-31T15:21:15Z,182,1.5,0,0.1,0,29.72,False
6151,2026-07-31T15:22:15Z,32,3.7,0,0.1,0,29.72,False
6152,2026-07-31T15:23:15Z,86,2,0,0.1,0,29.72,False
6153,2026-07-31T15:24:15Z,179,0.7,0,0.1,0,29.72,False
6154,2026-07-31T15:25:15Z,0,0.9,0,0.1,0,29.72,False
6155,2026-07-31T15:26:15Z,180,0.9,0,0.1,0,29.72,False
6156,2026-07-31T15:27:15Z,152,2.8,0,0.1,0,29.72,False
6157,2026-07-31T15:28:15Z,159,2.1,0,0.1,0,29.72,False
6158,2026-07-31T15:30:15Z,125,3.9,0,0.1,0,29.72,False
6159,2026-07-31T15:31:15Z,119,2.5,0,0.1,0,29.72,False
6160,2026-07-31T15:32:15Z,176,1.5,0,0.1,0,29.72,False
6161,2026-07-31T15:33:15Z,184,0.8,0,0.1,0,29.72,False
6162,2026-07-31T15:34:15Z,147,1.4,0,0.1,0,29.72,False
6163,2026-07-31T15:35:15Z,169,1.1,0,0.1,0,29.72,False
6164,2026-07-31T15:36:15Z,149,1.1,0,0.1,0,29.72,False
6165,2026-07-31T15:37:15Z,178,1.1,0,0.1,0,29.72,False
6166,2026-07-31T15:38:15Z,185,1.3,0,0.1,0,29.72,False
6167,2026-07-31T15:40:15Z,23,5.4,0,0.1,0,29.72,False
6168,2026-07-31T15:41:15Z,179,4.4,0,0.1,0,29.72,False
6169,2026-07-31T15:42:15Z,180,2.1,0,0.1,0,29.72,False
6170,2026-07-31T15:43:15Z,136,2.3,0,0.1,0,29.72,False
6171,2026-07-31T15:44:15Z,102,2.5,0,0.1,0,29.72,False
6172,2026-07-31T15:45:15Z,32,4.2,0,0.1,0,29.72,False
6173,2026-07-31T15:46:15Z,167,6.2,0,0.1,0,29.72,False
6174,2026-07-31T15:47:15Z,75,4,0,0.1,0,29.72,False
6175,2026-07-31T15:48:15Z,174,4.1,0,0.1,0,29.72,False
6176,2026-07-31T15:49:15Z,119,4.5,0,0.1,0,29.72,False
6177,2026-07-31T15:50:15Z,162,1.8,0,0.1,0,29.72,False
6178,2026-07-31T15:51:15Z,147,2.1,0,0.1,0,29.72,False
6179,2026-07-31T15:52:15Z,157,2.1,0,0.1,0,29.72,False
6180,2026-07-31T15:53:15Z,168,2.4,0,0.1,0,29.72,False
6181,2026-07-31T15:54:15Z,148,1.4,0,0.1,0,29.72,False
6182,2026-07-31T15:55:15Z,134,1.9,0,0.1,0,29.72,False
6183,2026-07-31T15:56:15Z,121,2.9,0,0.1,0,29.72,False
6184,2026-07-31T15:57:15Z,111,3.9,0,0.1,0,29.72,False
6185,2026-07-31T15:58:15Z,121,2.3,0,0.1,0,29.72,False
6186,2026-07-31T15:59:15Z,161,2.1,0,0.1,0,29.72,False
6187,2026-07-31T16:00:15Z,174,1.6,0,0.1,0,29.72,False
6188,2026-07-31T16:01:15Z,0,0.2,0,0.1,0,29.72,False
6189,2026-07-31T16:02:15Z,171,3.3,0,0.1,0,29.72,False
6190,2026-07-31T16:03:15Z,136,4.5,0,0.1,0,29.72,False
6191,2026-07-31T16:04:15Z,113,2.7,0,0.1,0,29.72,False
6192,2026-07-31T16:05:15Z,129,2.5,0,0.1,0,29.72,False
6193,2026-07-31T16:06:15Z,143,3.4,0,0.1,0,29.72,False
6194,2026-07-31T16:07:15Z,114,2.6,0,0.1,0,29.72,False
6195,2026-07-31T16:08:15Z,172,1.4,0,0.1,0,29.72,False
6196,2026-07-31T16:09:15Z,180,1,0,0.1,0,29.72,False
6197,2026-07-31T16:10:15Z,176,3,0,0.1,0,29.72,False
6198,2026-07-31T16:11:15Z,177,2.1,0,0.1,0,29.72,False
6199,2026-07-31T16:12:15Z,173,2.1,0,0.1,0,29.72,False
6200,2026-07-31T16:13:15Z,179,2.7,0,0.1,0,29.72,False
6201,2026-07-31T16:14:15Z,174,2.3,0,0.1,0,29.72,False
6202,2026-07-31T16:15:15Z,151,6.4,0,0.1,0,29.72,False
6203,2026-07-31T16:16:15Z,23,7.5,0,0.1,0,29.72,False
6204,2026-07-31T16:17:15Z,102,4.6,0,0.1,0,29.72,False
6205,2026-07-31T16:18:15Z,144,3.2,0,0.1,0,29.72,False
6206,2026-07-31T16:19:15Z,167,2.2,0,0.1,0,29.71,False
6207,2026-07-31T16:20:15Z,177,2.2,0,0.1,0,29.71,False
6208,2026-07-31T16:21:15Z,199,1.7,0,0.1,0,29.71,False
6209,2026-07-31T16:22:15Z,127,1.8,0,0.1,0,29.71,False
6210,2026-07-31T16:23:15Z,122,1.6,0,0.1,0,29.71,False
6211,2026-07-31T16:24:15Z,180,1.6,0,0.1,0,29.71,False
6212,2026-07-31T16:25:15Z,168,1.8,0,0.1,0,29.71,False
6213,2026-07-31T16:26:15Z,144,4.1,0,0.1,0,29.71,False
6214,2026-07-31T16:27:15Z,156,3.3,0,0.1,0,29.71,False
6215,2026-07-31T16:28:15Z,180,2.4,0,0.1,0,29.71,False
6216,2026-07-31T16:30:15Z,139,3.1,0,0.1,0,29.71,False
6217,2026-07-31T16:31:15Z,68,1.7,0,0.1,0,29.71,False
6218,2026-07-31T16:32:15Z,170,3.8,0,0.1,0,29.71,False
6219,2026-07-31T16:33:15Z,156,2.8,0,0.1,0,29.71,False
6220,2026-07-31T16:34:15Z,160,2.7,0,0.1,0,29.71,False
6221,2026-07-31T16:35:15Z,125,1.9,0,0.1,0,29.71,False
6222,2026-07-31T16:36:15Z,78,4.3,0,0.1,0,29.71,False
6223,2026-07-31T16:37:15Z,147,1.6,0,0.1,0,29.71,False
6224,2026-07-31T16:38:15Z,147,1.4,0,0.1,0,29.71,False
6225,2026-07-31T16:39:15Z,102,4.2,0,0.1,0,29.71,False
6226,2026-07-31T16:41:15Z,180,3.7,0,0.1,0,29.71,False
6227,2026-07-31T16:42:15Z,31,1.6,0,0.1,0,29.71,False
6228,2026-07-31T16:43:15Z,124,1.8,0,0.1,0,29.71,False
6229,2026-07-31T16:44:15Z,128,1.9,0,0.1,0,29.71,False
6230,2026-07-31T16:45:15Z,112,1.2,0,0.1,0,29.71,False
6231,2026-07-31T16:46:15Z,131,1,0,0.1,0,29.71,False
6232,2026-07-31T16:47:15Z,25,3.2,0,0.1,0,29.71,False
6233,2026-07-31T16:48:15Z,180,4.4,0,0.1,0,29.71,False
6234,2026-07-31T16:49:15Z,147,1.5,0,0.1,0,29.71,False
6235,2026-07-31T16:50:15Z,110,1,0,0.1,0,29.71,False
6236,2026-07-31T16:51:15Z,160,0.7,0,0.1,0,29.71,False
6237,2026-07-31T16:52:15Z,62,2.3,0,0.1,0,29.71,False
6238,2026-07-31T16:53:15Z,150,3.3,0,0.1,0,29.71,False
6239,2026-07-31T16:54:15Z,143,2.3,0,0.1,0,29.71,False
6240,2026-07-31T16:55:15Z,176,3.9,0,0.1,0,29.71,False
6241,2026-07-31T16:56:15Z,168,6,0,0.1,0,29.71,False
6242,2026-07-31T16:57:15Z,180,5.3,0,0.1,0,29.71,False
6243,2026-07-31T16:58:15Z,180,4.3,0,0.1,0,29.71,False
6244,2026-07-31T16:59:15Z,102,3,0,0.1,0,29.71,False
6245,2026-07-31T17:01:15Z,42,3.3,0,0.1,0,29.71,False
6246,2026-07-31T17:02:15Z,155,4.4,0,0.1,0,29.71,False
6247,2026-07-31T17:03:15Z,161,6.1,0,0.1,0,29.71,False
6248,2026-07-31T17:04:15Z,102,6.1,0,0.1,0,29.71,False
6249,2026-07-31T17:05:15Z,77,4.6,0,0.1,0,29.71,False
6250,2026-07-31T17:06:15Z,102,5.6,0,0.1,0,29.71,False
6251,2026-07-31T17:07:15Z,36,4.4,0,0.1,0,29.71,False
6252,2026-07-31T17:08:15Z,102,5.6,0,0.1,0,29.71,False
6253,2026-07-31T17:10:15Z,175,6.7,0,0.1,0,29.71,False
6254,2026-07-31T17:11:15Z,102,5.1,0,0.1,0,29.71,False
6255,2026-07-31T17:12:15Z,180,6.7,0,0.1,0,29.71,False
6256,2026-07-31T17:13:15Z,180,5.5,0,0.1,0,29.71,False
6257,2026-07-31T17:14:15Z,26,4.3,0,0.1,0,29.71,False
6258,2026-07-31T17:15:15Z,180,4.6,0,0.1,0,29.71,False
6259,2026-07-31T17:16:15Z,180,5.5,0,0.1,0,29.71,False
6260,2026-07-31T17:17:15Z,198,3.7,0,0.1,0,29.71,False
6261,2026-07-31T17:18:15Z,180,5.1,0,0.1,0,29.7,False
6262,2026-07-31T17:19:15Z,175,6.9,0,0.1,0,29.7,False
6263,2026-07-31T17:20:15Z,183,3.5,0,0.1,0,29.7,False
6264,2026-07-31T17:21:15Z,121,1.9,0,0.1,0,29.7,False
6265,2026-07-31T17:22:15Z,46,3.1,0,0.1,0,29.7,False
6266,2026-07-31T17:23:15Z,111,3,0,0.1,0,29.7,False
6267,2026-07-31T17:24:15Z,155,1.7,0,0.1,0,29.7,False
6268,2026-07-31T17:25:15Z,164,2.3,0,0.1,0,29.7,False
6269,2026-07-31T17:26:15Z,53,1.5,0,0.1,0,29.7,False
6270,2026-07-31T17:27:15Z,23,1.8,0,0.1,0,29.7,False
6271,2026-07-31T17:28:15Z,179,1.9,0,0.1,0,29.7,False
6272,2026-07-31T17:29:15Z,184,3.2,0,0.1,0,29.7,False
6273,2026-07-31T17:30:15Z,143,1.5,0,0.1,0,29.7,False
6274,2026-07-31T17:31:15Z,179,2,0,0.1,0,29.7,False
6275,2026-07-31T17:32:15Z,180,1.6,0,0.1,0,29.7,False
6276,2026-07-31T17:33:15Z,180,3.2,0,0.1,0,29.7,False
6277,2026-07-31T17:34:15Z,180,5.8,0,0.1,0,29.7,False
6278,2026-07-31T17:35:15Z,173,5.2,0,0.1,0,29.7,False
6279,2026-07-31T17:36:15Z,176,4.9,0,0.1,0,29.7,False
6280,2026-07-31T17:37:15Z,180,7.5,0,0.1,0,29.7,False
6281,2026-07-31T17:38:15Z,176,2.2,0,0.1,0,29.7,False
6282,2026-07-31T17:40:15Z,138,0.9,0,0.1,0,29.7,False
6283,2026-07-31T17:41:15Z,153,1.3,0,0.1,0,29.7,False
6284,2026-07-31T17:42:15Z,158,1.2,0,0.1,0,29.7,False
6285,2026-07-31T17:43:15Z,118,1,0,0.1,0,29.7,False
6286,2026-07-31T17:44:15Z,66,3.8,0,0.1,0,29.7,False
6287,2026-07-31T17:45:15Z,173,5.5,0,0.1,0,29.7,False
6288,2026-07-31T17:46:15Z,23,4.3,0,0.1,0,29.7,False
6289,2026-07-31T17:47:15Z,180,5,0,0.1,0,29.7,False
6290,2026-07-31T17:48:15Z,170,4.2,0,0.1,0,29.7,False
6291,2026-07-31T17:49:16Z,162,2.5,0,0.1,0,29.7,False
6292,2026-07-31T17:50:15Z,102,3.1,0,0.1,0,29.7,False
6293,2026-07-31T17:51:15Z,89,2.9,0,0.1,0,29.7,False
6294,2026-07-31T17:52:15Z,113,1.6,0,0.1,0,29.7,False
6295,2026-07-31T17:53:15Z,170,1.4,0,0.1,0,29.7,False
6296,2026-07-31T17:54:15Z,167,1.5,0,0.1,0,29.7,False
6297,2026-07-31T17:55:15Z,102,3.3,0,0.1,0,29.7,False
6298,2026-07-31T17:56:15Z,177,3.2,0,0.1,0,29.7,False
6299,2026-07-31T17:57:15Z,177,3.7,0,0.1,0,29.7,False
6300,2026-07-31T17:58:15Z,180,5.5,0,0.1,0,29.7,False
6301,2026-07-31T17:59:15Z,161,4.7,0,0.1,0,29.7,False
6302,2026-07-31T18:00:15Z,28,4.3,0,0.1,0,29.7,False
6303,2026-07-31T18:01:15Z,0,5.9,0,0.1,0,29.7,False
6304,2026-07-31T18:02:15Z,170,3.2,0,0.1,0,29.7,False
6305,2026-07-31T18:03:15Z,180,4.6,0,0.1,0,29.7,False
6306,2026-07-31T18:04:15Z,23,5.1,0,0.1,0,29.7,False
6307,2026-07-31T18:05:15Z,151,3.4,0,0.1,0,29.7,False
6308,2026-07-31T18:06:15Z,165,3.3,0,0.1,0,29.7,False
6309,2026-07-31T18:07:15Z,0,5.3,0,0.1,0,29.7,False
6310,2026-07-31T18:08:15Z,93,1.9,0,0.1,0,29.7,False
6311,2026-07-31T18:10:15Z,203,3.1,0,0.1,0,29.7,False
6312,2026-07-31T18:11:15Z,187,1.5,0,0.1,0,29.7,False
6313,2026-07-31T18:12:15Z,77,2.6,0,0.1,0,29.7,False
6314,2026-07-31T18:13:15Z,182,1.7,0,0.1,0,29.7,False
6315,2026-07-31T18:14:15Z,161,1.6,0,0.1,0,29.7,False
6316,2026-07-31T18:15:15Z,180,1.4,0,0.1,0,29.7,False
6317,2026-07-31T18:16:15Z,57,0.3,0,0.1,0,29.7,False
6318,2026-07-31T18:17:15Z,180,0.5,0,0.1,0,29.7,False
6319,2026-07-31T18:18:15Z,179,1.2,0,0.1,0,29.7,False
6320,2026-07-31T18:19:15Z,33,3.2,0,0.1,0,29.7,False
6321,2026-07-31T18:20:15Z,66,3.7,0,0.1,0,29.7,False
6322,2026-07-31T18:21:15Z,102,5.4,0,0.1,0,29.7,False
6323,2026-07-31T18:22:15Z,147,3.9,0,0.1,0,29.7,False
6324,2026-07-31T18:23:15Z,161,4.9,0,0.1,0,29.7,False
6325,2026-07-31T18:24:15Z,183,2.5,0,0.1,0,29.7,False
6326,2026-07-31T18:25:15Z,125,2,0,0.1,0,29.7,False
6327,2026-07-31T18:26:15Z,180,2.1,0,0.1,0,29.7,False
6328,2026-07-31T18:27:15Z,23,3.2,0,0.1,0,29.7,False
6329,2026-07-31T18:28:15Z,102,2,0,0.1,0,29.7,False
6330,2026-07-31T18:29:15Z,133,1.7,0,0.1,0,29.7,False
6331,2026-07-31T18:30:15Z,148,2.2,0,0.1,0,29.7,False
6332,2026-07-31T18:31:15Z,113,4,0,0.1,0,29.7,False
6333,2026-07-31T18:32:15Z,0,3.6,0,0.1,0,29.7,False
6334,2026-07-31T18:33:15Z,113,3,0,0.1,0,29.7,False
6335,2026-07-31T18:34:15Z,0,4.7,0,0.1,0,29.7,False
6336,2026-07-31T18:35:15Z,113,3.4,0,0.1,0,29.7,False
6337,2026-07-31T18:36:15Z,113,4,0,0.1,0,29.7,False
6338,2026-07-31T18:37:15Z,113,4.4,0,0.1,0,29.7,False
6339,2026-07-31T18:38:15Z,113,3.8,0,0.1,0,29.7,False
6340,2026-07-31T18:40:15Z,118,2.4,0,0.1,0,29.7,False
6341,2026-07-31T18:41:15Z,152,3.4,0,0.1,0,29.7,False
6342,2026-07-31T18:42:15Z,113,4.2,0,0.1,0,29.7,False
6343,2026-07-31T18:43:15Z,118,3.5,0,0.1,0,29.7,False
6344,2026-07-31T18:44:15Z,113,3.2,0,0.1,0,29.7,False
6345,2026-07-31T18:45:15Z,0,4.5,0,0.1,0,29.7,False
6346,2026-07-31T18:46:16Z,113,4.4,0,0.1,0,29.7,False
6347,2026-07-31T18:47:15Z,120,3.1,0,0.1,0,29.7,False
6348,2026-07-31T18:48:15Z,162,2.4,0,0.1,0,29.7,False
6349,2026-07-31T18:50:15Z,113,0.6,0,0.1,0,29.7,False
6350,2026-07-31T18:51:15Z,0,4.9,0,0.1,0,29.69,False
6351,2026-07-31T18:52:15Z,113,3.4,0,0.1,0,29.69,False
6352,2026-07-31T18:53:15Z,113,4.5,0,0.1,0,29.69,False
6353,2026-07-31T18:54:15Z,117,6.6,0,0.1,0,29.69,False
6354,2026-07-31T18:55:15Z,113,4.8,0,0.1,0,29.69,False
6355,2026-07-31T18:56:15Z,113,5.3,0,0.1,0,29.69,False
6356,2026-07-31T18:57:15Z,113,5.3,0,0.1,0,29.69,False
6357,2026-07-31T18:58:15Z,113,4.6,0,0.1,0,29.69,False
6358,2026-07-31T18:59:15Z,113,4.9,0,0.1,0,29.69,False
6359,2026-07-31T19:00:15Z,136,3.5,0,0.1,0,29.69,False
6360,2026-07-31T19:01:15Z,119,2.9,0,0.1,0,29.69,False
6361,2026-07-31T19:02:15Z,142,2.4,0,0.1,0,29.69,False
6362,2026-07-31T19:03:15Z,122,2.3,0,0.1,0,29.69,False
6363,2026-07-31T19:04:15Z,135,1.8,0,0.1,0,29.69,False
6364,2026-07-31T19:05:15Z,113,3,0,0.1,0,29.69,False
6365,2026-07-31T19:06:15Z,128,3.1,0,0.1,0,29.69,False
6366,2026-07-31T19:07:15Z,0,5.2,0,0.1,0,29.69,False
6367,2026-07-31T19:08:15Z,0,4.3,0,0.1,0,29.69,False
6368,2026-07-31T19:10:15Z,115,4.3,0,0.1,0,29.7,False
6369,2026-07-31T19:11:15Z,111,2.8,0,0.1,0,29.7,False
6370,2026-07-31T19:12:15Z,127,4.4,0,0.1,0,29.7,False
6371,2026-07-31T19:13:15Z,138,2.6,0,0.1,0,29.7,False
6372,2026-07-31T19:14:15Z,125,3.4,0,0.1,0,29.7,False
6373,2026-07-31T19:15:15Z,147,2.2,0,0.1,0,29.7,False
6374,2026-07-31T19:16:15Z,161,1.8,0,0.1,0,29.7,False
6375,2026-07-31T19:17:15Z,138,2,0,0.1,0,29.7,False
6376,2026-07-31T19:18:15Z,50,9.300000000000001,0,0.1,0,29.7,False
6377,2026-07-31T19:20:15Z,152,4.5,0,0.1,0,29.7,False
6378,2026-07-31T19:21:15Z,171,3,0,0.1,0,29.7,False
6379,2026-07-31T19:22:15Z,127,4.3,0,0.1,0,29.7,False
6380,2026-07-31T19:23:15Z,34,9.5,0,0.1,0,29.7,False
6381,2026-07-31T19:24:15Z,170,17,0,0.1,0.011,29.7,True
6382,2026-07-31T19:25:15Z,23,12.2,0,0.1,0,29.71,False
6383,2026-07-31T19:26:15Z,83,7.2,0,0.1,0.011,29.71,True
6384,2026-07-31T19:27:15Z,188,8.9,0,0.1,0.011,29.71,True
6385,2026-07-31T19:28:15Z,153,6.3,0,0.1,0.022,29.71,True
6386,2026-07-31T19:29:15Z,55,5.5,0,0.1,0.022,29.71,True
6387,2026-07-31T19:30:15Z,180,4.7,0,0.1,0.011,29.71,True
6388,2026-07-31T19:31:15Z,42,8.6,0,0.1,0.011,29.71,True
6389,2026-07-31T19:32:15Z,42,7,0,0.1,0.011,29.71,True
6390,2026-07-31T19:33:15Z,28,8.5,0,0.1,0,29.71,False
6391,2026-07-31T19:34:15Z,180,3.4,0,0.1,0.011,29.71,True
6392,2026-07-31T19:35:15Z,127,2.6,0,0.1,0,29.71,False
6393,2026-07-31T19:36:15Z,76,3.8,0,0.1,0,29.71,False
6394,2026-07-31T19:37:15Z,180,2.9,0,0.1,0.011,29.71,True
6395,2026-07-31T19:38:15Z,180,1.3,0,0.1,0,29.71,False
6396,2026-07-31T19:40:15Z,0,0.9,0,0.1,0,29.71,False
6397,2026-07-31T19:41:15Z,180,0.6,0,0.1,0,29.71,False
6398,2026-07-31T19:42:15Z,180,0.6,0,0.1,0,29.71,False
6399,2026-07-31T19:43:15Z,113,0.8,0,0.1,0,29.71,False
6400,2026-07-31T19:44:15Z,113,2.6,0,0.1,0,29.71,False
6401,2026-07-31T19:45:15Z,113,4,0,0.1,0,29.71,False
6402,2026-07-31T19:46:15Z,113,4.6,0,0.1,0,29.71,False
6403,2026-07-31T19:47:15Z,0,2.7,0,0.1,0,29.7,False
6404,2026-07-31T19:48:15Z,120,2.3,0,0.1,0,29.7,False
6405,2026-07-31T19:49:15Z,113,3.2,0,0.1,0,29.7,False
6406,2026-07-31T19:50:15Z,131,2.4,0,0.1,0,29.7,False
6407,2026-07-31T19:51:15Z,113,2.4,0,0.1,0,29.7,False
6408,2026-07-31T19:52:15Z,115,2.4,0,0.1,0,29.7,False
6409,2026-07-31T19:53:15Z,116,2.4,0,0.1,0,29.7,False
6410,2026-07-31T19:54:15Z,116,2.4,0,0.1,0,29.7,False
6411,2026-07-31T19:55:15Z,111,3.1,0,0.1,0,29.7,False
6412,2026-07-31T19:56:15Z,111,3.1,0,0.1,0,29.71,False
6413,2026-07-31T19:57:15Z,113,3.4,0,0.1,0,29.71,False
6414,2026-07-31T19:58:15Z,139,1.3,0,0.1,0,29.7,False
6415,2026-07-31T19:59:15Z,107,1.3,0,0.1,0,29.7,False
6416,2026-07-31T20:00:15Z,113,0.6,0,0.1,0,29.7,False
6417,2026-07-31T20:01:15Z,176,0.8,0,0.1,0,29.7,False
6418,2026-07-31T20:02:15Z,135,0.3,0,0.1,0,29.7,False
6419,2026-07-31T20:03:15Z,0,2.4,0,0.1,0,29.7,False
6420,2026-07-31T20:04:15Z,113,4.3,0,0.1,0,29.7,False
6421,2026-07-31T20:05:16Z,113,3.7,0,0.1,0,29.7,False
6422,2026-07-31T20:06:15Z,113,4,0,0.1,0,29.7,False
6423,2026-07-31T20:07:15Z,0,4.7,0,0.1,0,29.7,False
6424,2026-07-31T20:08:15Z,113,4.1,0,0.1,0,29.7,False
6425,2026-07-31T20:09:15Z,137,2.4,0,0.1,0,29.7,False
6426,2026-07-31T20:10:15Z,0,4.7,0,0.1,0,29.7,False
6427,2026-07-31T20:11:15Z,0,4.1,0,0.1,0,29.7,False
6428,2026-07-31T20:12:15Z,0,3.9,0,0.1,0,29.7,False
6429,2026-07-31T20:13:15Z,0,3.1,0,0.1,0,29.7,False
6430,2026-07-31T20:14:15Z,0,4,0,0.1,0,29.7,False
6431,2026-07-31T20:15:15Z,0,3.7,0,0.1,0,29.7,False
6432,2026-07-31T20:16:15Z,0,4,0,0.1,0,29.7,False
6433,2026-07-31T20:17:15Z,0,3.4,0,0.1,0,29.7,False
6434,2026-07-31T20:18:15Z,0,2.3,0,0.1,0,29.7,False
6435,2026-07-31T20:20:15Z,0,2.4,0,0.1,0,29.7,False
6436,2026-07-31T20:21:15Z,0,3.1,0,0.1,0,29.7,False
6437,2026-07-31T20:22:15Z,0,2.3,0,0.1,0,29.7,False
6438,2026-07-31T20:23:15Z,102,1,0,0.1,0,29.7,False
6439,2026-07-31T20:24:15Z,113,1.2,0,0.1,0,29.7,False
6440,2026-07-31T20:25:15Z,173,0.1,0,0.1,0,29.7,False
6441,2026-07-31T20:26:15Z,157,0,0,0.1,0,29.7,False
6442,2026-07-31T20:27:15Z,180,0.4,0,0.1,0,29.7,False
6443,2026-07-31T20:28:15Z,0,6.1,0,0.1,0,29.7,False
6444,2026-07-31T20:29:15Z,23,6,0,0.1,0,29.7,False
6445,2026-07-31T20:30:15Z,180,4.9,0,0.1,0,29.7,False
6446,2026-07-31T20:31:15Z,161,5.8,0,0.1,0,29.7,False
6447,2026-07-31T20:32:15Z,110,2.6,0,0.1,0,29.7,False
6448,2026-07-31T20:33:15Z,135,4,0,0.1,0,29.7,False
6449,2026-07-31T20:34:15Z,176,3.4,0,0.1,0,29.7,False
6450,2026-07-31T20:35:15Z,0,2.1,0,0.1,0,29.7,False
6451,2026-07-31T20:36:15Z,0,2.3,0,0.1,0,29.7,False
6452,2026-07-31T20:37:15Z,68,3.4,0,0.1,0,29.7,False
6453,2026-07-31T20:38:15Z,0,3.1,0,0.1,0,29.7,False
6454,2026-07-31T20:39:15Z,0,4.7,0,0.1,0,29.7,False
6455,2026-07-31T20:40:15Z,0,3.3,0,0.1,0,29.7,False
6456,2026-07-31T20:41:15Z,0,3.2,0,0.1,0,29.7,False
6457,2026-07-31T20:42:15Z,0,3.1,0,0.1,0,29.7,False
6458,2026-07-31T20:43:15Z,0,2.4,0,0.1,0,29.7,False
6459,2026-07-31T20:44:15Z,113,2.2,0,0.1,0,29.7,False
6460,2026-07-31T20:45:15Z,0,2.2,0,0.1,0,29.7,False
6461,2026-07-31T20:46:15Z,35,1.6,0,0.1,0,29.7,False
6462,2026-07-31T20:47:15Z,180,2.8,0,0.1,0,29.69,False
6463,2026-07-31T20:48:15Z,180,2.2,0,0.1,0,29.69,False
6464,2026-07-31T20:49:15Z,180,2,0,0.1,0,29.69,False
6465,2026-07-31T20:50:15Z,179,1.3,0,0.1,0,29.69,False
6466,2026-07-31T20:51:15Z,180,2,0,0.1,0,29.7,False
6467,2026-07-31T20:52:15Z,178,2.5,0,0.1,0,29.7,False
6468,2026-07-31T20:53:15Z,176,1.3,0,0.1,0,29.7,False
6469,2026-07-31T20:54:15Z,180,0.2,0,0.1,0,29.7,False
6470,2026-07-31T20:55:15Z,25,0.3,0,0.1,0,29.7,False
6471,2026-07-31T20:56:15Z,180,1.1,0,0.1,0,29.7,False
6472,2026-07-31T20:57:15Z,180,1,0,0.1,0,29.7,False
6473,2026-07-31T20:58:15Z,128,0.2,0,0.1,0,29.7,False
6474,2026-07-31T20:59:15Z,164,0.4,0,0.1,0,29.7,False
6475,2026-07-31T21:01:15Z,178,2.3,0,0.1,0,29.69,False
6476,2026-07-31T21:02:15Z,180,2.3,0,0.1,0,29.69,False
6477,2026-07-31T21:03:15Z,180,2.4,0,0.1,0,29.69,False
6478,2026-07-31T21:04:15Z,113,2.3,0,0.1,0,29.69,False
6479,2026-07-31T21:05:15Z,0,2.1,0,0.1,0,29.69,False
6480,2026-07-31T21:06:15Z,0,5.9,0,0.1,0,29.69,False
6481,2026-07-31T21:07:15Z,113,4.8,0,0.1,0,29.69,False
6482,2026-07-31T21:08:15Z,113,2.5,0,0.1,0,29.69,False
6483,2026-07-31T21:10:15Z,146,1.4,0,0.1,0,29.69,False
6484,2026-07-31T21:11:15Z,113,1.3,0,0.1,0,29.69,False
6485,2026-07-31T21:12:15Z,178,0.8,0,0.1,0,29.69,False
6486,2026-07-31T21:13:15Z,0,1.3,0,0.1,0,29.69,False
6487,2026-07-31T21:14:15Z,0,1.1,0,0.1,0,29.69,False
6488,2026-07-31T21:15:15Z,0,0.6,0,0.1,0,29.69,False
6489,2026-07-31T21:16:15Z,0,0.4,0,0.1,0,29.69,False
6490,2026-07-31T21:17:15Z,113,2.2,0,0.1,0,29.7,False
6491,2026-07-31T21:18:15Z,180,1,0,0.1,0,29.7,False
6492,2026-07-31T21:20:15Z,180,1.4,0,0.1,0,29.7,False
6493,2026-07-31T21:21:15Z,177,2.7,0,0.1,0,29.7,False
6494,2026-07-31T21:22:15Z,180,2.3,0,0.1,0,29.7,False
6495,2026-07-31T21:23:15Z,182,2.2,0,0.1,0,29.7,False
6496,2026-07-31T21:24:15Z,180,3.5,0,0.1,0,29.7,False
6497,2026-07-31T21:25:15Z,180,1.6,0,0.1,0,29.7,False
6498,2026-07-31T21:26:15Z,178,0.9,0,0.1,0,29.7,False
6499,2026-07-31T21:27:15Z,124,1,0,0.1,0,29.7,False
6500,2026-07-31T21:28:15Z,0,1.5,0,0.1,0,29.7,False
6501,2026-07-31T21:29:15Z,180,0.8,0,0.1,0,29.7,False
6502,2026-07-31T21:30:15Z,173,0.8,0,0.1,0,29.7,False
6503,2026-07-31T21:31:15Z,180,0.7,0,0.1,0,29.7,False
6504,2026-07-31T21:32:15Z,171,1.7,0,0.1,0,29.7,False
6505,2026-07-31T21:33:15Z,141,2.6,0,0.1,0,29.7,False
6506,2026-07-31T21:34:15Z,163,1.7,0,0.1,0,29.7,False
6507,2026-07-31T21:35:15Z,182,1,0,0.1,0,29.7,False
6508,2026-07-31T21:36:15Z,102,2.2,0,0.1,0,29.7,False
6509,2026-07-31T21:37:15Z,131,1.5,0,0.1,0,29.7,False
6510,2026-07-31T21:38:15Z,170,2.8,0,0.1,0,29.7,False
6511,2026-07-31T21:39:15Z,180,2.1,0,0.1,0,29.7,False
6512,2026-07-31T21:40:15Z,171,0.9,0,0.1,0,29.7,False
6513,2026-07-31T21:41:15Z,113,1.3,0,0.1,0,29.7,False
6514,2026-07-31T21:42:15Z,0,1.4,0,0.1,0,29.7,False
6515,2026-07-31T21:43:15Z,0,0.6,0,0.1,0,29.7,False
6516,2026-07-31T21:44:15Z,179,0.6,0,0.1,0,29.7,False
6517,2026-07-31T21:45:15Z,176,1.4,0,0.1,0,29.7,False
6518,2026-07-31T21:46:15Z,178,1.4,0,0.1,0,29.7,False
6519,2026-07-31T21:47:15Z,178,2.4,0,0.1,0,29.7,False
6520,2026-07-31T21:48:15Z,180,1.1,0,0.1,0,29.7,False
6521,2026-07-31T21:50:15Z,127,1.3,0,0.1,0,29.7,False
6522,2026-07-31T21:51:15Z,23,1.3,0,0.1,0,29.7,False
6523,2026-07-31T21:52:15Z,23,1,0,0.1,0,29.71,False
6524,2026-07-31T21:53:15Z,23,0.1,0,0.1,0,29.71,False
6525,2026-07-31T21:54:15Z,180,0.3,0,0.1,0,29.71,False
6526,2026-07-31T21:55:15Z,135,1.5,0,0.1,0,29.71,False
6527,2026-07-31T21:56:15Z,0,0.9,0,0.1,0,29.71,False
6528,2026-07-31T21:57:15Z,171,1,0,0.1,0,29.71,False
6529,2026-07-31T21:58:15Z,0,0.2,0,0.1,0,29.71,False
6530,2026-07-31T21:59:15Z,180,0.3,0,0.1,0,29.71,False
6531,2026-07-31T22:01:15Z,113,1.6,0,0.1,0,29.71,False
6532,2026-07-31T22:02:15Z,113,1.7,0,0.1,0,29.71,False
6533,2026-07-31T22:03:15Z,0,1.4,0,0.1,0,29.71,False
6534,2026-07-31T22:04:15Z,180,1.9,0,0.1,0,29.7,False
6535,2026-07-31T22:05:15Z,0,3.7,0,0.1,0,29.7,False
6536,2026-07-31T22:06:15Z,0,3.5,0,0.1,0,29.7,False
6537,2026-07-31T22:07:15Z,0,2.5,0,0.1,0,29.71,False
6538,2026-07-31T22:08:15Z,0,2.5,0,0.1,0,29.71,False
6539,2026-07-31T22:09:15Z,0,4,0,0.1,0,29.71,False
6540,2026-07-31T22:10:15Z,0,2.7,0,0.1,0,29.71,False
6541,2026-07-31T22:11:15Z,0,2.3,0,0.1,0,29.71,False
6542,2026-07-31T22:12:15Z,180,1.2,0,0.1,0,29.71,False
6543,2026-07-31T22:13:15Z,180,0.9,0,0.1,0,29.71,False
6544,2026-07-31T22:14:15Z,180,1.5,0,0.1,0,29.71,False
6545,2026-07-31T22:15:15Z,0,3,0,0.1,0,29.71,False
6546,2026-07-31T22:16:15Z,0,2.5,0,0.1,0,29.7,False
6547,2026-07-31T22:17:15Z,0,2.2,0,0.1,0,29.7,False
6548,2026-07-31T22:18:15Z,0,2.9,0,0.1,0,29.7,False
6549,2026-07-31T22:20:15Z,0,2.6,0,0.1,0,29.7,False
6550,2026-07-31T22:21:15Z,0,2.9,0,0.1,0,29.7,False
6551,2026-07-31T22:22:15Z,0,4.7,0,0.1,0,29.7,False
6552,2026-07-31T22:23:15Z,0,3.3,0,0.1,0,29.7,False
6553,2026-07-31T22:24:15Z,0,3.9,0,0.1,0,29.7,False
6554,2026-07-31T22:25:15Z,0,4.3,0,0.1,0,29.7,False
6555,2026-07-31T22:26:15Z,113,5.2,0,0.1,0,29.7,False
6556,2026-07-31T22:27:15Z,0,4.6,0,0.1,0,29.7,False
6557,2026-07-31T22:28:15Z,175,1.5,0,0.1,0,29.7,False
6558,2026-07-31T22:29:15Z,175,0.7,0,0.1,0,29.7,False
6559,2026-07-31T22:30:15Z,0,2.3,0,0.1,0,29.7,False
6560,2026-07-31T22:31:15Z,163,3.3,0,0.1,0,29.7,False
6561,2026-07-31T22:32:15Z,113,3.1,0,0.1,0,29.7,False
6562,2026-07-31T22:33:15Z,0,1.9,0,0.1,0,29.7,False
6563,2026-07-31T22:34:15Z,0,1.3,0,0.1,0,29.7,False
6564,2026-07-31T22:35:15Z,0,1,0,0.1,0,29.7,False
6565,2026-07-31T22:36:15Z,0,1.2,0,0.1,0,29.7,False
6566,2026-07-31T22:37:15Z,0,2.7,0,0.1,0,29.7,False
6567,2026-07-31T22:38:15Z,0,2.1,0,0.1,0,29.7,False
6568,2026-07-31T22:40:15Z,0,0.4,0,0.1,0,29.7,False
6569,2026-07-31T22:41:15Z,0,0.2,0,0.1,0,29.7,False
6570,2026-07-31T22:42:15Z,0,0,0,0.1,0,29.7,False
6571,2026-07-31T22:43:15Z,0,0.4,0,0.1,0,29.7,False
6572,2026-07-31T22:44:15Z,0,1.1,0,0.1,0,29.7,False
6573,2026-07-31T22:45:15Z,0,2,0,0.1,0,29.7,False
6574,2026-07-31T22:46:15Z,0,1.3,0,0.1,0,29.7,False
6575,2026-07-31T22:47:15Z,0,1.9,0,0.1,0,29.7,False
6576,2026-07-31T22:48:15Z,0,1.9,0,0.1,0,29.7,False
6577,2026-07-31T22:50:15Z,0,1.5,0,0.1,0,29.7,False
6578,2026-07-31T22:51:15Z,0,1.9,0,0.1,0,29.7,False
6579,2026-07-31T22:52:15Z,0,2.5,0,0.1,0,29.7,False
6580,2026-07-31T22:53:15Z,0,3.2,0,0.1,0,29.7,False
6581,2026-07-31T22:54:15Z,0,3.2,0,0.1,0,29.7,False
6582,2026-07-31T22:55:15Z,0,3.2,0,0.1,0,29.7,False
6583,2026-07-31T22:56:15Z,0,2.2,0,0.1,0,29.7,False
6584,2026-07-31T22:57:15Z,0,2.2,0,0.1,0,29.7,False
6585,2026-07-31T22:58:15Z,0,1.5,0,0.1,0,29.7,False
6586,2026-07-31T22:59:15Z,0,1.9,0,0.1,0,29.7,False
6587,2026-07-31T23:00:15Z,0,2,0,0.1,0,29.7,False
6588,2026-07-31T23:01:15Z,0,1.2,0,0.1,0,29.7,False
6589,2026-07-31T23:02:15Z,0,1.2,0,0.1,0,29.7,False
6590,2026-07-31T23:03:15Z,0,1.6,0,0.1,0,29.7,False
6591,2026-07-31T23:04:15Z,0,1.6,0,0.1,0,29.7,False
6592,2026-07-31T23:05:15Z,113,1.8,0,0.1,0,29.7,False
6593,2026-07-31T23:06:15Z,0,3.7,0,0.1,0,29.7,False
6594,2026-07-31T23:07:15Z,0,3.4,0,0.1,0,29.7,False
6595,2026-07-31T23:08:15Z,0,1.3,0,0.1,0,29.7,False
6596,2026-07-31T23:10:15Z,0,3.4,0,0.1,0,29.7,False
6597,2026-07-31T23:11:15Z,0,4.8,0,0.1,0,29.71,False
6598,2026-07-31T23:12:15Z,0,4.3,0,0.1,0,29.71,False
6599,2026-07-31T23:13:15Z,0,3.5,0,0.1,0,29.71,False
6600,2026-07-31T23:14:15Z,0,2.5,0,0.1,0,29.71,False
6601,2026-07-31T23:15:15Z,0,2.4,0,0.1,0,29.71,False
6602,2026-07-31T23:16:15Z,0,2.4,0,0.1,0,29.71,False
6603,2026-07-31T23:17:15Z,0,3.1,0,0.1,0,29.71,False
6604,2026-07-31T23:18:15Z,0,2.1,0,0.1,0,29.71,False
6605,2026-07-31T23:20:15Z,0,2.8,0,0.1,0,29.71,False
6606,2026-07-31T23:21:15Z,0,2.7,0,0.1,0,29.71,False
6607,2026-07-31T23:22:15Z,0,3.6,0,0.1,0,29.71,False
6608,2026-07-31T23:23:15Z,0,2.4,0,0.1,0,29.71,False
6609,2026-07-31T23:24:15Z,0,2.3,0,0.1,0,29.71,False
6610,2026-07-31T23:25:15Z,0,2.6,0,0.1,0,29.71,False
6611,2026-07-31T23:26:15Z,0,3.2,0,0.1,0,29.71,False
6612,2026-07-31T23:27:15Z,0,3.8,0,0.1,0,29.71,False
6613,2026-07-31T23:28:15Z,0,3.9,0,0.1,0,29.71,False
6614,2026-07-31T23:30:15Z,0,4.5,0,0.1,0,29.71,False
6615,2026-07-31T23:31:15Z,0,5,0,0.1,0,29.71,False
6616,2026-07-31T23:32:15Z,0,4.9,0,0.1,0,29.71,False
6617,2026-07-31T23:33:15Z,0,3.5,0,0.1,0,29.71,False
6618,2026-07-31T23:34:15Z,0,2.2,0,0.1,0,29.71,False
6619,2026-07-31T23:35:15Z,0,1.9,0,0.1,0,29.71,False
6620,2026-07-31T23:36:15Z,0,5.8,0,0.1,0,29.71,False
6621,2026-07-31T23:37:15Z,0,5.2,0,0.1,0,29.71,False
6622,2026-07-31T23:38:15Z,0,3.4,0,0.1,0,29.71,False
6623,2026-07-31T23:40:15Z,0,2.6,0,0.1,0,29.71,False
6624,2026-07-31T23:41:15Z,0,2.6,0,0.1,0,29.71,False
6625,2026-07-31T23:42:15Z,180,2.1,0,0.1,0,29.71,False
6626,2026-07-31T23:43:15Z,0,2.3,0,0.1,0,29.71,False
6627,2026-07-31T23:44:15Z,0,4.2,0,0.1,0,29.71,False
6628,2026-07-31T23:45:15Z,0,3.1,0,0.1,0,29.71,False
6629,2026-07-31T23:46:15Z,0,2.8,0,0.1,0,29.71,False
6630,2026-07-31T23:47:15Z,0,3.4,0,0.1,0,29.71,False
6631,2026-07-31T23:48:15Z,0,3.5,0,0.1,0,29.71,False
6632,2026-07-31T23:49:15Z,0,3.8,0,0.1,0,29.72,False
6633,2026-07-31T23:50:15Z,0,2.6,0,0.1,0,29.71,False
6634,2026-07-31T23:51:15Z,0,2.5,0,0.1,0,29.72,False
6635,2026-07-31T23:52:15Z,0,2.6,0,0.1,0,29.72,False
6636,2026-07-31T23:53:15Z,0,2.2,0,0.1,0,29.72,False
6637,2026-07-31T23:54:15Z,0,2.9,0,0.1,0,29.72,False
6638,2026-07-31T23:55:15Z,0,3.5,0,0.1,0,29.72,False
6639,2026-07-31T23:56:15Z,0,2.6,0,0.1,0,29.72,False
6640,2026-07-31T23:57:15Z,0,2.3,0,0.1,0,29.72,False
6641,2026-07-31T23:58:15Z,0,2.6,0,0.1,0,29.72,False
6642,2026-07-31T23:59:15Z,0,2.4,0,0.1,0,29.72,False
6643,2026-08-01T00:00:15Z,113,3.5,0,0.1,0,29.72,False
6644,2026-08-01T00:01:15Z,113,3,0,0.1,0,29.72,False
6645,2026-08-01T00:02:15Z,0,2.8,0,0.1,0,29.72,False
6646,2026-08-01T00:03:15Z,0,2.1,0,0.1,0,29.72,False
6647,2026-08-01T00:04:15Z,0,3.1,0,0.1,0,29.72,False
6648,2026-08-01T00:05:15Z,0,3.2,0,0.1,0,29.72,False
6649,2026-08-01T00:06:15Z,0,2.3,0,0.1,0,29.72,False
6650,2026-08-01T00:07:15Z,0,3.1,0,0.1,0,29.72,False
6651,2026-08-01T00:08:15Z,0,2.8,0,0.1,0,29.72,False
6652,2026-08-01T00:09:15Z,0,2.5,0,0.1,0,29.72,False
6653,2026-08-01T00:10:15Z,0,1.7,0,0.1,0,29.72,False
6654,2026-08-01T00:11:15Z,0,3.4,0,0.1,0,29.72,False
6655,2026-08-01T00:12:15Z,0,3.3,0,0.1,0,29.72,False
6656,2026-08-01T00:13:15Z,0,4.7,0,0.1,0,29.72,False
6657,2026-08-01T00:14:15Z,180,4.8,0,0.1,0,29.72,False
6658,2026-08-01T00:15:15Z,0,4.5,0,0.1,0,29.72,False
6659,2026-08-01T00:16:15Z,0,3.5,0,0.1,0,29.72,False
6660,2026-08-01T00:17:15Z,0,3.4,0,0.1,0,29.72,False
6661,2026-08-01T00:18:15Z,0,2.8,0,0.1,0,29.72,False
6662,2026-08-01T00:20:15Z,0,3.3,0,0.1,0,29.72,False
6663,2026-08-01T00:21:15Z,0,4.2,0,0.1,0,29.72,False
6664,2026-08-01T00:22:15Z,180,3.1,0,0.1,0,29.72,False
6665,2026-08-01T00:23:15Z,0,2.3,0,0.1,0,29.72,False
6666,2026-08-01T00:24:15Z,0,2.6,0,0.1,0,29.72,False
6667,2026-08-01T00:25:15Z,0,2.5,0,0.1,0,29.72,False
6668,2026-08-01T00:26:15Z,0,3.7,0,0.1,0,29.72,False
6669,2026-08-01T00:27:15Z,0,3.6,0,0.1,0,29.72,False
6670,2026-08-01T00:28:15Z,0,3.4,0,0.1,0,29.72,False
6671,2026-08-01T00:29:15Z,180,3.2,0,0.1,0,29.72,False
6672,2026-08-01T00:30:15Z,180,2.5,0,0.1,0,29.72,False
6673,2026-08-01T00:31:15Z,0,2.9,0,0.1,0,29.72,False
6674,2026-08-01T00:32:15Z,0,2.3,0,0.1,0,29.72,False
6675,2026-08-01T00:33:15Z,0,2.5,0,0.1,0,29.72,False
6676,2026-08-01T00:34:16Z,0,3.3,0,0.1,0,29.72,False
6677,2026-08-01T00:35:15Z,0,4.6,0,0.1,0,29.72,False
6678,2026-08-01T00:36:15Z,0,3.7,0,0.1,0,29.72,False
6679,2026-08-01T00:37:15Z,0,2.7,0,0.1,0,29.72,False
6680,2026-08-01T00:38:16Z,0,2.6,0,0.1,0,29.72,False
6681,2026-08-01T00:40:15Z,0,3,0,0.1,0,29.72,False
6682,2026-08-01T00:41:15Z,0,2.9,0,0.1,0,29.72,False
6683,2026-08-01T00:42:15Z,0,3,0,0.1,0,29.72,False
6684,2026-08-01T00:43:15Z,0,4,0,0.1,0,29.72,False
6685,2026-08-01T00:44:15Z,0,3.1,0,0.1,0,29.72,False
6686,2026-08-01T00:45:15Z,0,2.2,0,0.1,0,29.72,False
6687,2026-08-01T00:46:15Z,0,1,0,0.1,0,29.72,False
6688,2026-08-01T00:47:15Z,0,2.7,0,0.1,0,29.72,False
6689,2026-08-01T00:48:15Z,0,2.3,0,0.1,0,29.72,False
6690,2026-08-01T00:50:15Z,0,2.3,0,0.1,0,29.72,False
6691,2026-08-01T00:51:15Z,113,3.4,0,0.1,0,29.72,False
6692,2026-08-01T00:52:15Z,0,4.5,0,0.1,0,29.72,False
6693,2026-08-01T00:53:15Z,0,3.6,0,0.1,0,29.72,False
6694,2026-08-01T00:54:15Z,180,5.1,0,0.1,0,29.72,False
6695,2026-08-01T00:55:15Z,0,4.7,0,0.1,0,29.72,False
6696,2026-08-01T00:56:15Z,0,5.4,0,0.1,0,29.72,False
6697,2026-08-01T00:57:15Z,0,3.6,0,0.1,0,29.72,False
6698,2026-08-01T00:58:15Z,0,2.3,0,0.1,0,29.73,False
6699,2026-08-01T00:59:15Z,0,2.8,0,0.1,0,29.73,False
6700,2026-08-01T01:00:15Z,0,2.6,0,0.1,0,29.73,False
6701,2026-08-01T01:01:15Z,0,2.7,0,0.1,0,29.73,False
6702,2026-08-01T01:02:15Z,0,2.5,0,0.1,0,29.73,False
6703,2026-08-01T01:03:15Z,0,3,0,0.1,0,29.73,False
6704,2026-08-01T01:04:15Z,0,3.7,0,0.1,0,29.73,False
6705,2026-08-01T01:05:15Z,0,2.7,0,0.1,0,29.73,False
6706,2026-08-01T01:06:15Z,0,1.9,0,0.1,0,29.73,False
6707,2026-08-01T01:07:15Z,0,2.5,0,0.1,0,29.73,False
6708,2026-08-01T01:08:15Z,0,2.9,0,0.1,0,29.73,False
6709,2026-08-01T01:10:15Z,0,2.9,0,0.1,0,29.73,False
6710,2026-08-01T01:11:15Z,0,1.8,0,0.1,0,29.73,False
6711,2026-08-01T01:12:15Z,0,2.7,0,0.1,0,29.73,False
6712,2026-08-01T01:13:15Z,0,3.2,0,0.1,0,29.73,False
6713,2026-08-01T01:14:15Z,0,2.6,0,0.1,0,29.73,False
6714,2026-08-01T01:15:15Z,0,3,0,0.1,0,29.73,False
6715,2026-08-01T01:16:15Z,0,2.2,0,0.1,0,29.73,False
6716,2026-08-01T01:17:15Z,0,1.9,0,0.1,0,29.73,False
6717,2026-08-01T01:18:15Z,0,2.3,0,0.1,0,29.73,False
6718,2026-08-01T01:20:15Z,0,2.5,0,0.1,0,29.73,False
6719,2026-08-01T01:21:15Z,113,2.6,0,0.1,0,29.73,False
6720,2026-08-01T01:22:15Z,90,1.9,0,0.1,0,29.73,False
6721,2026-08-01T01:23:15Z,0,2.4,0,0.1,0,29.73,False
6722,2026-08-01T01:24:15Z,0,1.8,0,0.1,0,29.73,False
6723,2026-08-01T01:25:15Z,0,1.6,0,0.1,0,29.73,False
6724,2026-08-01T01:26:15Z,0,2.5,0,0.1,0,29.73,False
6725,2026-08-01T01:27:15Z,0,2.1,0,0.1,0,29.73,False
6726,2026-08-01T01:28:15Z,0,2.5,0,0.1,0,29.73,False
6727,2026-08-01T01:29:15Z,0,1.9,0,0.1,0,29.73,False
6728,2026-08-01T01:30:15Z,0,1.8,0,0.1,0,29.73,False
6729,2026-08-01T01:31:15Z,0,2.2,0,0.1,0,29.73,False
6730,2026-08-01T01:32:15Z,0,2.7,0,0.1,0,29.73,False
6731,2026-08-01T01:33:15Z,0,2.8,0,0.1,0,29.73,False
6732,2026-08-01T01:34:15Z,0,2.8,0,0.1,0,29.73,False
6733,2026-08-01T01:35:15Z,0,2.7,0,0.1,0,29.73,False
6734,2026-08-01T01:36:15Z,0,2.7,0,0.1,0,29.73,False
6735,2026-08-01T01:37:15Z,0,3,0,0.1,0,29.73,False
6736,2026-08-01T01:38:15Z,0,3.1,0,0.1,0,29.73,False
6737,2026-08-01T01:39:15Z,0,2.6,0,0.1,0,29.73,False
6738,2026-08-01T01:40:15Z,0,3,0,0.1,0,29.73,False
6739,2026-08-01T01:41:15Z,0,3.5,0,0.1,0,29.73,False
6740,2026-08-01T01:42:15Z,0,4.5,0,0.1,0,29.73,False
6741,2026-08-01T01:43:15Z,0,3.7,0,0.1,0,29.73,False
6742,2026-08-01T01:44:15Z,0,4.7,0,0.1,0,29.73,False
6743,2026-08-01T01:45:15Z,0,3.5,0,0.1,0,29.73,False
6744,2026-08-01T01:46:15Z,0,3.3,0,0.1,0,29.73,False
6745,2026-08-01T01:47:15Z,0,3.3,0,0.1,0,29.73,False
6746,2026-08-01T01:48:15Z,113,2.5,0,0.1,0,29.73,False
6747,2026-08-01T01:49:15Z,0,3.1,0,0.1,0,29.73,False
6748,2026-08-01T01:50:15Z,113,3.6,0,0.1,0,29.73,False
6749,2026-08-01T01:51:15Z,0,3.2,0,0.1,0,29.73,False
6750,2026-08-01T01:52:15Z,158,3.5,0,0.1,0,29.73,False
6751,2026-08-01T01:53:15Z,0,2.6,0,0.1,0,29.73,False
6752,2026-08-01T01:54:15Z,0,2.4,0,0.1,0,29.73,False
6753,2026-08-01T01:55:15Z,113,2.3,0,0.1,0,29.73,False
6754,2026-08-01T01:56:15Z,0,3.3,0,0.1,0,29.73,False
6755,2026-08-01T01:57:15Z,0,3.6,0,0.1,0,29.73,False
6756,2026-08-01T01:58:15Z,113,2.2,0,0.1,0,29.73,False
6757,2026-08-01T01:59:15Z,0,2.2,0,0.1,0,29.73,False
6758,2026-08-01T02:00:15Z,0,2.2,0,0.1,0,29.73,False
6759,2026-08-01T02:01:15Z,0,3.4,0,0.1,0,29.73,False
6760,2026-08-01T02:02:15Z,0,2.5,0,0.1,0,29.73,False
6761,2026-08-01T02:03:15Z,0,4.6,0,0.1,0,29.73,False
6762,2026-08-01T02:04:15Z,0,3.3,0,0.1,0,29.73,False
6763,2026-08-01T02:05:15Z,0,2.9,0,0.1,0,29.73,False
6764,2026-08-01T02:06:15Z,0,3,0,0.1,0,29.73,False
6765,2026-08-01T02:07:15Z,0,2.7,0,0.1,0,29.73,False
6766,2026-08-01T02:08:15Z,0,3.5,0,0.1,0,29.73,False
6767,2026-08-01T02:10:15Z,0,3.8,0,0.1,0,29.73,False
6768,2026-08-01T02:11:15Z,0,4.8,0,0.1,0,29.73,False
6769,2026-08-01T02:12:15Z,0,2.5,0,0.1,0,29.73,False
6770,2026-08-01T02:13:15Z,0,2.6,0,0.1,0,29.73,False
6771,2026-08-01T02:14:15Z,0,3.3,0,0.1,0,29.74,False
6772,2026-08-01T02:15:15Z,113,3.6,0,0.1,0,29.74,False
6773,2026-08-01T02:16:15Z,0,3.8,0,0.1,0,29.74,False
6774,2026-08-01T02:17:15Z,113,2.8,0,0.1,0,29.74,False
6775,2026-08-01T02:18:15Z,113,3.6,0,0.1,0,29.74,False
6776,2026-08-01T02:20:15Z,113,4.6,0,0.1,0,29.74,False
6777,2026-08-01T02:21:15Z,113,3.5,0,0.1,0,29.74,False
6778,2026-08-01T02:22:15Z,113,2.7,0,0.1,0,29.74,False
6779,2026-08-01T02:23:15Z,113,2,0,0.1,0,29.74,False
6780,2026-08-01T02:24:15Z,0,1.6,0,0.1,0,29.74,False
6781,2026-08-01T02:25:15Z,0,2.2,0,0.1,0,29.74,False
6782,2026-08-01T02:26:15Z,113,2.3,0,0.1,0,29.74,False
6783,2026-08-01T02:27:15Z,113,1.6,0,0.1,0,29.74,False
6784,2026-08-01T02:28:15Z,113,1.7,0,0.1,0,29.74,False
6785,2026-08-01T02:30:15Z,113,1.6,0,0.1,0,29.74,False
6786,2026-08-01T02:31:15Z,83,1.9,0,0.1,0,29.74,False
6787,2026-08-01T02:32:15Z,113,2.1,0,0.1,0,29.74,False
6788,2026-08-01T02:33:15Z,0,1.3,0,0.1,0,29.74,False
6789,2026-08-01T02:34:15Z,113,1.5,0,0.1,0,29.74,False
6790,2026-08-01T02:35:15Z,0,2.2,0,0.1,0,29.74,False
6791,2026-08-01T02:36:15Z,0,1.7,0,0.1,0,29.74,False
6792,2026-08-01T02:37:15Z,113,1.8,0,0.1,0,29.74,False
6793,2026-08-01T02:38:15Z,0,2,0,0.1,0,29.74,False
6794,2026-08-01T02:39:15Z,0,2.5,0,0.1,0,29.74,False
6795,2026-08-01T02:40:15Z,0,2.6,0,0.1,0,29.74,False
6796,2026-08-01T02:41:15Z,0,1.9,0,0.1,0,29.74,False
6797,2026-08-01T02:42:15Z,0,1.4,0,0.1,0,29.74,False
6798,2026-08-01T02:43:15Z,203,1.4,0,0.1,0,29.74,False
6799,2026-08-01T02:44:15Z,0,2.9,0,0.1,0,29.74,False
6800,2026-08-01T02:45:15Z,0,2.1,0,0.1,0,29.74,False
6801,2026-08-01T02:46:15Z,0,2.2,0,0.1,0,29.74,False
6802,2026-08-01T02:47:15Z,0,1.6,0,0.1,0,29.74,False
6803,2026-08-01T02:48:15Z,0,1.3,0,0.1,0,29.74,False
6804,2026-08-01T02:49:15Z,113,2.7,0,0.1,0,29.74,False
6805,2026-08-01T02:50:15Z,113,2.9,0,0.1,0,29.74,False
6806,2026-08-01T02:51:15Z,113,3.3,0,0.1,0,29.74,False
6807,2026-08-01T02:52:15Z,113,2.8,0,0.1,0,29.74,False
6808,2026-08-01T02:53:15Z,113,2.6,0,0.1,0,29.74,False
6809,2026-08-01T02:54:15Z,113,4,0,0.1,0,29.74,False
6810,2026-08-01T02:55:15Z,0,2.1,0,0.1,0,29.74,False
6811,2026-08-01T02:56:15Z,113,3.1,0,0.1,0,29.74,False
6812,2026-08-01T02:57:15Z,113,3.2,0,0.1,0,29.74,False
6813,2026-08-01T02:58:15Z,0,2.6,0,0.1,0,29.74,False
6814,2026-08-01T02:59:15Z,0,2.1,0,0.1,0,29.74,False
6815,2026-08-01T03:00:15Z,0,1.4,0,0.1,0,29.74,False
6816,2026-08-01T03:01:15Z,0,1.3,0,0.1,0,29.74,False
6817,2026-08-01T03:02:15Z,0,1.8,0,0.1,0,29.74,False
6818,2026-08-01T03:03:15Z,0,1.8,0,0.1,0,29.74,False
6819,2026-08-01T03:04:15Z,0,1.9,0,0.1,0,29.74,False
6820,2026-08-01T03:05:15Z,0,2.6,0,0.1,0,29.74,False
6821,2026-08-01T03:06:15Z,0,2.5,0,0.1,0,29.74,False
6822,2026-08-01T03:07:15Z,0,2.5,0,0.1,0,29.74,False
6823,2026-08-01T03:08:15Z,0,1.8,0,0.1,0,29.74,False
6824,2026-08-01T03:09:15Z,0,1.9,0,0.1,0,29.74,False
6825,2026-08-01T03:10:15Z,0,1.2,0,0.1,0,29.74,False
6826,2026-08-01T03:11:15Z,0,1.4,0,0.1,0,29.74,False
6827,2026-08-01T03:12:15Z,113,1.4,0,0.1,0,29.74,False
6828,2026-08-01T03:13:15Z,0,1.3,0,0.1,0,29.74,False
6829,2026-08-01T03:14:15Z,0,1.4,0,0.1,0,29.74,False
6830,2026-08-01T03:15:15Z,0,1,0,0.1,0,29.74,False
6831,2026-08-01T03:16:15Z,113,1.5,0,0.1,0,29.74,False
6832,2026-08-01T03:17:15Z,0,1.4,0,0.1,0,29.74,False
6833,2026-08-01T03:18:15Z,0,1.2,0,0.1,0,29.74,False
6834,2026-08-01T03:20:15Z,0,1.4,0,0.1,0,29.74,False
6835,2026-08-01T03:21:15Z,0,2.2,0,0.1,0,29.74,False
6836,2026-08-01T03:22:15Z,0,2.5,0,0.1,0,29.74,False
6837,2026-08-01T03:23:15Z,0,2.6,0,0.1,0,29.74,False
6838,2026-08-01T03:24:15Z,0,2.5,0,0.1,0,29.74,False
6839,2026-08-01T03:25:15Z,0,1.7,0,0.1,0,29.74,False
6840,2026-08-01T03:26:15Z,0,2.5,0,0.1,0,29.74,False
6841,2026-08-01T03:27:15Z,0,2.7,0,0.1,0,29.74,False
6842,2026-08-01T03:28:15Z,0,1.9,0,0.1,0,29.74,False
6843,2026-08-01T03:29:15Z,0,2.1,0,0.1,0,29.74,False
6844,2026-08-01T03:30:15Z,113,2.3,0,0.1,0,29.74,False
6845,2026-08-01T03:31:15Z,113,2.2,0,0.1,0,29.74,False
6846,2026-08-01T03:32:15Z,0,1.8,0,0.1,0,29.74,False
6847,2026-08-01T03:33:15Z,0,2.1,0,0.1,0,29.74,False
6848,2026-08-01T03:34:15Z,139,2.1,0,0.1,0,29.74,False
6849,2026-08-01T03:35:15Z,113,2.2,0,0.1,0,29.74,False
6850,2026-08-01T03:36:15Z,0,1.4,0,0.1,0,29.74,False
6851,2026-08-01T03:37:15Z,113,2.4,0,0.1,0,29.74,False
6852,2026-08-01T03:38:15Z,0,1.5,0,0.1,0,29.74,False
6853,2026-08-01T03:40:15Z,113,2.8,0,0.1,0,29.74,False
6854,2026-08-01T03:41:15Z,119,2.1,0,0.1,0,29.74,False
6855,2026-08-01T03:42:15Z,113,2.1,0,0.1,0,29.74,False
6856,2026-08-01T03:43:15Z,109,1.9,0,0.1,0,29.74,False
6857,2026-08-01T03:44:15Z,0,1.1,0,0.1,0,29.74,False
6858,2026-08-01T03:45:15Z,0,0.6,0,0.1,0,29.74,False
6859,2026-08-01T03:46:15Z,113,1.6,0,0.1,0,29.74,False
6860,2026-08-01T03:47:15Z,113,1.9,0,0.1,0,29.74,False
6861,2026-08-01T03:48:15Z,0,2,0,0.1,0,29.74,False
6862,2026-08-01T03:49:15Z,0,2.1,0,0.1,0,29.74,False
6863,2026-08-01T03:51:15Z,0,2.5,0,0.1,0,29.74,False
6864,2026-08-01T03:52:15Z,0,1.7,0,0.1,0,29.74,False
6865,2026-08-01T03:53:15Z,0,2.6,0,0.1,0,29.74,False
6866,2026-08-01T03:54:15Z,0,2.7,0,0.1,0,29.74,False
6867,2026-08-01T03:55:15Z,0,2.9,0,0.1,0,29.74,False
6868,2026-08-01T03:56:15Z,0,2.1,0,0.1,0,29.74,False
6869,2026-08-01T03:57:15Z,0,3,0,0.1,0,29.73,False
6870,2026-08-01T03:58:15Z,0,2.7,0,0.1,0,29.73,False
6871,2026-08-01T04:00:15Z,0,1.9,0,0.1,0,29.73,False
6872,2026-08-01T04:01:15Z,0,3.2,0,0.1,0,29.73,False
6873,2026-08-01T04:02:15Z,0,3.1,0,0.1,0,29.73,False
6874,2026-08-01T04:03:15Z,113,3,0,0.1,0,29.73,False
6875,2026-08-01T04:04:15Z,0,3.8,0,0.1,0,29.73,False
6876,2026-08-01T04:05:15Z,0,2.8,0,0.1,0,29.73,False
6877,2026-08-01T04:06:15Z,0,3.1,0,0.1,0,29.73,False
6878,2026-08-01T04:07:15Z,0,3.8,0,0.1,0,29.73,False
6879,2026-08-01T04:08:15Z,113,2.3,0,0.1,0,29.73,False
6880,2026-08-01T04:09:15Z,0,3.8,0,0.1,0,29.73,False
6881,2026-08-01T04:10:15Z,113,3.6,0,0.1,0,29.73,False
6882,2026-08-01T04:11:15Z,0,3.8,0,0.1,0,29.73,False
6883,2026-08-01T04:12:15Z,0,2.9,0,0.1,0,29.73,False
6884,2026-08-01T04:13:15Z,0,4.6,0,0.1,0,29.73,False
6885,2026-08-01T04:14:15Z,0,3.8,0,0.1,0,29.73,False
6886,2026-08-01T04:15:15Z,0,3.7,0,0.1,0,29.73,False
6887,2026-08-01T04:16:15Z,0,3,0,0.1,0,29.73,False
6888,2026-08-01T04:17:15Z,0,4.5,0,0.1,0,29.73,False
6889,2026-08-01T04:18:15Z,0,3.8,0,0.1,0,29.73,False
6890,2026-08-01T04:19:15Z,0,3.9,0,0.1,0,29.73,False
6891,2026-08-01T04:20:15Z,0,5.1,0,0.1,0,29.73,False
6892,2026-08-01T04:21:15Z,0,4.7,0,0.1,0,29.72,False
6893,2026-08-01T04:22:15Z,0,4.4,0,0.1,0,29.72,False
6894,2026-08-01T04:23:20Z,0,4.6,0,0.1,0,29.72,False
6895,2026-08-01T04:24:20Z,0,3.8,0,0.1,0,29.72,False
6896,2026-08-01T04:25:20Z,0,3.6,0,0.1,0,29.72,False
6897,2026-08-01T04:26:20Z,0,3.2,0,0.1,0,29.72,False
6898,2026-08-01T04:27:20Z,0,3.1,0,0.1,0,29.72,False
6899,2026-08-01T04:28:20Z,0,4.4,0,0.1,0,29.72,False
6900,2026-08-01T04:29:20Z,113,3.3,0,0.1,0,29.72,False
6901,2026-08-01T04:31:20Z,0,4.5,0,0.1,0,29.72,False
6902,2026-08-01T04:32:20Z,113,4.6,0,0.1,0,29.72,False
6903,2026-08-01T04:33:20Z,0,2.6,0,0.1,0,29.72,False
6904,2026-08-01T04:34:20Z,113,3.7,0,0.1,0,29.72,False
6905,2026-08-01T04:35:20Z,139,3.6,0,0.1,0,29.72,False
6906,2026-08-01T04:36:20Z,113,3.9,0,0.1,0,29.72,False
6907,2026-08-01T04:37:20Z,0,4.2,0,0.1,0,29.72,False
6908,2026-08-01T04:38:20Z,0,3.8,0,0.1,0,29.72,False
6909,2026-08-01T04:40:20Z,113,2.7,0,0.1,0,29.72,False
6910,2026-08-01T04:41:20Z,113,2.6,0,0.1,0,29.72,False
6911,2026-08-01T04:42:20Z,0,3.5,0,0.1,0,29.72,False
6912,2026-08-01T04:43:20Z,0,4,0,0.1,0,29.72,False
6913,2026-08-01T04:44:20Z,0,3.5,0,0.1,0,29.72,False
6914,2026-08-01T04:45:20Z,113,2.4,0,0.1,0,29.72,False
6915,2026-08-01T04:46:20Z,0,3.4,0,0.1,0,29.72,False
6916,2026-08-01T04:47:20Z,113,2.9,0,0.1,0,29.72,False
6917,2026-08-01T04:48:20Z,0,3.4,0,0.1,0,29.72,False
6918,2026-08-01T04:50:20Z,0,2.9,0,0.1,0,29.72,False
6919,2026-08-01T04:51:20Z,0,4,0,0.1,0,29.72,False
6920,2026-08-01T04:52:20Z,0,5.2,0,0.1,0,29.72,False
6921,2026-08-01T04:53:20Z,113,2.9,0,0.1,0,29.72,False
6922,2026-08-01T04:54:20Z,0,2.7,0,0.1,0,29.72,False
6923,2026-08-01T04:55:20Z,113,3.8,0,0.1,0,29.72,False
6924,2026-08-01T04:56:20Z,203,3.1,0,0.1,0,29.72,False
6925,2026-08-01T04:57:20Z,0,3,0,0.1,0,29.72,False
6926,2026-08-01T04:58:20Z,113,3.2,0,0.1,0,29.72,False
6927,2026-08-01T04:59:20Z,0,3.1,0,0.1,0,29.72,False
6928,2026-08-01T05:00:20Z,113,3,0,0.1,0,29.72,False
6929,2026-08-01T05:01:20Z,113,4.1,0,0.1,0,29.72,False
6930,2026-08-01T05:02:20Z,0,3,0,0.1,0,29.72,False
6931,2026-08-01T05:03:20Z,0,4,0,0.1,0,29.72,False
6932,2026-08-01T05:04:20Z,0,3.9,0,0.1,0,29.72,False
6933,2026-08-01T05:05:20Z,113,2.8,0,0.1,0,29.72,False
6934,2026-08-01T05:06:20Z,0,2.3,0,0.1,0,29.72,False
6935,2026-08-01T05:07:20Z,0,2.7,0,0.1,0,29.72,False
6936,2026-08-01T05:08:20Z,0,2.5,0,0.1,0,29.72,False
6937,2026-08-01T05:10:20Z,0,2.2,0,0.1,0,29.72,False
6938,2026-08-01T05:11:20Z,0,1.9,0,0.1,0,29.72,False
6939,2026-08-01T05:12:20Z,0,2.3,0,0.1,0,29.72,False
6940,2026-08-01T05:13:20Z,0,2,0,0.1,0,29.72,False
6941,2026-08-01T05:14:20Z,0,1.7,0,0.1,0,29.72,False
6942,2026-08-01T05:15:20Z,0,1.8,0,0.1,0,29.72,False
6943,2026-08-01T05:16:20Z,0,2.2,0,0.1,0,29.72,False
6944,2026-08-01T05:17:20Z,0,2,0,0.1,0,29.72,False
6945,2026-08-01T05:18:20Z,0,1.7,0,0.1,0,29.72,False
6946,2026-08-01T05:20:20Z,113,1.2,0,0.1,0,29.72,False
6947,2026-08-01T05:21:20Z,0,1.6,0,0.1,0,29.72,False
6948,2026-08-01T05:22:20Z,0,1.5,0,0.1,0,29.72,False
6949,2026-08-01T05:23:20Z,0,1.5,0,0.1,0,29.72,False
6950,2026-08-01T05:24:20Z,113,1.3,0,0.1,0,29.72,False
6951,2026-08-01T05:25:20Z,113,1.5,0,0.1,0,29.72,False
6952,2026-08-01T05:26:20Z,0,1.5,0,0.1,0,29.72,False
6953,2026-08-01T05:27:20Z,113,1.8,0,0.1,0,29.72,False
6954,2026-08-01T05:28:20Z,113,1.8,0,0.1,0,29.72,False
6955,2026-08-01T05:30:20Z,113,1.6,0,0.1,0,29.72,False
6956,2026-08-01T05:31:20Z,0,1.6,0,0.1,0,29.72,False
6957,2026-08-01T05:32:20Z,0,2.5,0,0.1,0,29.72,False
6958,2026-08-01T05:33:20Z,0,2.5,0,0.1,0,29.72,False
6959,2026-08-01T05:34:20Z,0,2.3,0,0.1,0,29.72,False
6960,2026-08-01T05:35:20Z,0,2.4,0,0.1,0,29.72,False
6961,2026-08-01T05:36:20Z,0,2.2,0,0.1,0,29.72,False
6962,2026-08-01T05:37:20Z,0,1.9,0,0.1,0,29.72,False
6963,2026-08-01T05:38:20Z,0,1.9,0,0.1,0,29.72,False
6964,2026-08-01T05:40:20Z,0,2,0,0.1,0,29.72,False
6965,2026-08-01T05:41:20Z,0,2.6,0,0.1,0,29.72,False
6966,2026-08-01T05:42:20Z,0,2.3,0,0.1,0,29.72,False
6967,2026-08-01T05:43:20Z,0,2.6,0,0.1,0,29.72,False
6968,2026-08-01T05:44:20Z,0,2,0,0.1,0,29.72,False
6969,2026-08-01T05:45:20Z,0,1.7,0,0.1,0,29.72,False
6970,2026-08-01T05:46:20Z,0,2.4,0,0.1,0,29.72,False
6971,2026-08-01T05:47:20Z,0,1.9,0,0.1,0,29.72,False
6972,2026-08-01T05:48:20Z,113,2.5,0,0.1,0,29.72,False
6973,2026-08-01T05:49:20Z,113,3.1,0,0.1,0,29.72,False
6974,2026-08-01T05:50:20Z,0,2.6,0,0.1,0,29.72,False
6975,2026-08-01T05:51:20Z,0,2.9,0,0.1,0,29.72,False
6976,2026-08-01T05:52:20Z,0,3.1,0,0.1,0,29.72,False
6977,2026-08-01T05:53:20Z,0,2.9,0,0.1,0,29.72,False
6978,2026-08-01T05:54:20Z,113,1.6,0,0.1,0,29.72,False
6979,2026-08-01T05:55:20Z,0,2.3,0,0.1,0,29.72,False
6980,2026-08-01T05:56:20Z,0,1.7,0,0.1,0,29.72,False
6981,2026-08-01T05:57:20Z,113,2.7,0,0.1,0,29.72,False
6982,2026-08-01T05:58:20Z,0,2.1,0,0.1,0,29.72,False
6983,2026-08-01T05:59:20Z,0,1.6,0,0.1,0,29.72,False
6984,2026-08-01T06:00:20Z,0,1.7,0,0.1,0,29.72,False
6985,2026-08-01T06:01:20Z,113,2.1,0,0.1,0,29.72,False
6986,2026-08-01T06:02:20Z,0,2.1,0,0.1,0,29.72,False
6987,2026-08-01T06:03:20Z,0,2.1,0,0.1,0,29.72,False
6988,2026-08-01T06:04:20Z,0,1.3,0,0.1,0,29.72,False
6989,2026-08-01T06:05:20Z,0,1.4,0,0.1,0,29.72,False
6990,2026-08-01T06:06:20Z,0,1.5,0,0.1,0,29.72,False
6991,2026-08-01T06:07:20Z,0,1.7,0,0.1,0,29.72,False
6992,2026-08-01T06:08:20Z,0,2,0,0.1,0,29.72,False
6993,2026-08-01T06:10:20Z,0,3.4,0,0.1,0,29.72,False
6994,2026-08-01T06:11:20Z,0,2.1,0,0.1,0,29.72,False
6995,2026-08-01T06:12:20Z,0,2.7,0,0.1,0,29.72,False
6996,2026-08-01T06:13:20Z,0,2.8,0,0.1,0,29.72,False
6997,2026-08-01T06:14:20Z,0,2.4,0,0.1,0,29.72,False
6998,2026-08-01T06:15:20Z,0,2.5,0,0.1,0,29.72,False
6999,2026-08-01T06:16:20Z,0,2.8,0,0.1,0,29.72,False
7000,2026-08-01T06:17:20Z,0,4,0,0.1,0,29.72,False
7001,2026-08-01T06:18:20Z,0,3.8,0,0.1,0,29.72,False
7002,2026-08-01T06:19:20Z,0,2.2,0,0.1,0,29.72,False
7003,2026-08-01T06:20:20Z,113,2.2,0,0.1,0,29.72,False
7004,2026-08-01T06:21:20Z,113,2.8,0,0.1,0,29.72,False
7005,2026-08-01T06:22:20Z,113,2.3,0,0.1,0,29.72,False
7006,2026-08-01T06:23:20Z,113,2.3,0,0.1,0,29.72,False
7007,2026-08-01T06:24:20Z,0,2.2,0,0.1,0,29.72,False
7008,2026-08-01T06:25:20Z,113,2.3,0,0.1,0,29.72,False
7009,2026-08-01T06:26:20Z,0,2.7,0,0.1,0,29.72,False
7010,2026-08-01T06:27:20Z,0,1.7,0,0.1,0,29.72,False
7011,2026-08-01T06:28:20Z,0,1.7,0,0.1,0,29.72,False
7012,2026-08-01T06:29:20Z,0,2.2,0,0.1,0,29.72,False
7013,2026-08-01T06:30:20Z,113,2.3,0,0.1,0,29.72,False
7014,2026-08-01T06:31:20Z,113,2.1,0,0.1,0,29.72,False
7015,2026-08-01T06:32:20Z,0,1.9,0,0.1,0,29.72,False
7016,2026-08-01T06:33:20Z,0,2.2,0,0.1,0,29.72,False
7017,2026-08-01T06:34:20Z,0,1.5,0,0.1,0,29.72,False
7018,2026-08-01T06:35:20Z,0,1.7,0,0.1,0,29.72,False
7019,2026-08-01T06:36:20Z,0,1.3,0,0.1,0,29.72,False
7020,2026-08-01T06:37:20Z,113,1.8,0,0.1,0,29.72,False
7021,2026-08-01T06:38:20Z,113,1.7,0,0.1,0,29.72,False
7022,2026-08-01T06:39:20Z,113,2.5,0,0.1,0,29.72,False
7023,2026-08-01T06:40:20Z,0,2.2,0,0.1,0,29.72,False
7024,2026-08-01T06:41:20Z,102,2.8,0,0.1,0,29.72,False
7025,2026-08-01T06:42:20Z,0,2.2,0,0.1,0,29.72,False
7026,2026-08-01T06:43:20Z,113,1.3,0,0.1,0,29.72,False
7027,2026-08-01T06:44:20Z,0,1.9,0,0.1,0,29.72,False
7028,2026-08-01T06:45:20Z,113,2.2,0,0.1,0,29.72,False
7029,2026-08-01T06:46:20Z,0,2.1,0,0.1,0,29.72,False
7030,2026-08-01T06:47:20Z,0,2.1,0,0.1,0,29.72,False
7031,2026-08-01T06:48:20Z,0,1.9,0,0.1,0,29.72,False
7032,2026-08-01T06:50:20Z,0,1.8,0,0.1,0,29.72,False
7033,2026-08-01T06:51:20Z,0,2.6,0,0.1,0,29.72,False
7034,2026-08-01T06:52:20Z,0,3,0,0.1,0,29.72,False
7035,2026-08-01T06:53:20Z,0,2.6,0,0.1,0,29.72,False
7036,2026-08-01T06:54:20Z,0,2.3,0,0.1,0,29.72,False
7037,2026-08-01T06:55:20Z,0,1.6,0,0.1,0,29.72,False
7038,2026-08-01T06:56:20Z,0,1.3,0,0.1,0,29.72,False
7039,2026-08-01T06:57:20Z,0,1.8,0,0.1,0,29.72,False
7040,2026-08-01T06:58:20Z,0,2.1,0,0.1,0,29.72,False
7041,2026-08-01T06:59:20Z,0,1.8,0,0.1,0,29.72,False
7042,2026-08-01T07:00:20Z,0,2.4,0,0.1,0,29.72,False
7043,2026-08-01T07:01:20Z,0,1.5,0,0.1,0,29.72,False
7044,2026-08-01T07:02:20Z,113,2,0,0.1,0,29.72,False
7045,2026-08-01T07:03:20Z,0,2.3,0,0.1,0,29.72,False
7046,2026-08-01T07:04:20Z,113,2.1,0,0.1,0,29.72,False
7047,2026-08-01T07:05:20Z,113,1.8,0,0.1,0,29.72,False
7048,2026-08-01T07:06:20Z,0,2.8,0,0.1,0,29.72,False
7049,2026-08-01T07:07:20Z,0,1.3,0,0.1,0,29.72,False
7050,2026-08-01T07:08:20Z,113,1.9,0,0.1,0,29.72,False
7051,2026-08-01T07:10:20Z,113,2.4,0,0.1,0,29.72,False
7052,2026-08-01T07:11:20Z,113,2.3,0,0.1,0,29.72,False
7053,2026-08-01T07:12:20Z,0,2.7,0,0.1,0,29.72,False
7054,2026-08-01T07:13:20Z,0,1.9,0,0.1,0,29.72,False
7055,2026-08-01T07:14:20Z,113,1.2,0,0.1,0,29.72,False
7056,2026-08-01T07:15:20Z,0,1.5,0,0.1,0,29.72,False
7057,2026-08-01T07:16:20Z,0,1.5,0,0.1,0,29.72,False
7058,2026-08-01T07:17:20Z,113,1.8,0,0.1,0,29.72,False
7059,2026-08-01T07:18:20Z,113,1.9,0,0.1,0,29.72,False
7060,2026-08-01T07:20:20Z,0,1.6,0,0.1,0,29.72,False
7061,2026-08-01T07:21:20Z,0,1.4,0,0.1,0,29.72,False
7062,2026-08-01T07:22:20Z,113,1.7,0,0.1,0,29.72,False
7063,2026-08-01T07:23:20Z,113,1,0,0.1,0,29.72,False
7064,2026-08-01T07:24:20Z,0,1.5,0,0.1,0,29.72,False
7065,2026-08-01T07:25:20Z,0,1.6,0,0.1,0,29.72,False
7066,2026-08-01T07:26:20Z,0,1.4,0,0.1,0,29.72,False
7067,2026-08-01T07:27:20Z,0,1.5,0,0.1,0,29.72,False
7068,2026-08-01T07:28:20Z,0,1.1,0,0.1,0,29.72,False
7069,2026-08-01T07:29:20Z,0,1.1,0,0.1,0,29.72,False
7070,2026-08-01T07:31:20Z,0,1.3,0,0.1,0,29.72,False
7071,2026-08-01T07:32:20Z,0,1,0,0.1,0,29.72,False
7072,2026-08-01T07:33:20Z,0,0.8,0,0.1,0,29.72,False
7073,2026-08-01T07:34:20Z,0,0.8,0,0.1,0,29.72,False
7074,2026-08-01T07:35:20Z,0,1.1,0,0.1,0,29.72,False
7075,2026-08-01T07:36:20Z,0,1,0,0.1,0,29.72,False
7076,2026-08-01T07:37:20Z,0,1,0,0.1,0,29.72,False
7077,2026-08-01T07:38:20Z,0,0.9,0,0.1,0,29.72,False
7078,2026-08-01T07:39:20Z,0,0.8,0,0.1,0,29.72,False
7079,2026-08-01T07:41:20Z,0,1.1,0,0.1,0,29.72,False
7080,2026-08-01T07:42:20Z,0,0.9,0,0.1,0,29.72,False
7081,2026-08-01T07:43:20Z,0,0.9,0,0.1,0,29.72,False
7082,2026-08-01T07:44:20Z,0,0.8,0,0.1,0,29.72,False
7083,2026-08-01T07:45:20Z,0,0.8,0,0.1,0,29.72,False
7084,2026-08-01T07:46:20Z,0,0.6,0,0.1,0,29.73,False
7085,2026-08-01T07:47:20Z,0,0.9,0,0.1,0,29.72,False
7086,2026-08-01T07:48:20Z,0,2,0,0.1,0,29.73,False
7087,2026-08-01T07:50:20Z,0,2.2,0,0.1,0,29.73,False
7088,2026-08-01T07:51:20Z,0,1.4,0,0.1,0,29.73,False
7089,2026-08-01T07:52:20Z,0,1.2,0,0.1,0,29.73,False
7090,2026-08-01T07:53:20Z,113,1.5,0,0.1,0,29.73,False
7091,2026-08-01T07:54:20Z,0,1.1,0,0.1,0,29.73,False
7092,2026-08-01T07:55:20Z,0,1.1,0,0.1,0,29.73,False
7093,2026-08-01T07:56:20Z,0,0.7,0,0.1,0,29.73,False
7094,2026-08-01T07:57:20Z,0,0.5,0,0.1,0,29.73,False
7095,2026-08-01T07:58:20Z,0,0.9,0,0.1,0,29.73,False
7096,2026-08-01T07:59:20Z,113,1.1,0,0.1,0,29.73,False
7097,2026-08-01T08:00:20Z,107,1.2,0,0.1,0,29.73,False
7098,2026-08-01T08:01:20Z,0,0.8,0,0.1,0,29.73,False
7099,2026-08-01T08:02:20Z,0,0.8,0,0.1,0,29.73,False
7100,2026-08-01T08:03:20Z,113,1,0,0.1,0,29.73,False
7101,2026-08-01T08:04:20Z,113,1.2,0,0.1,0,29.73,False
7102,2026-08-01T08:05:20Z,113,1.4,0,0.1,0,29.73,False
7103,2026-08-01T08:06:20Z,113,2.2,0,0.1,0,29.73,False
7104,2026-08-01T08:07:20Z,113,2.9,0,0.1,0,29.73,False
7105,2026-08-01T08:08:20Z,0,2.9,0,0.1,0,29.73,False
7106,2026-08-01T08:09:20Z,113,2.6,0,0.1,0,29.73,False
7107,2026-08-01T08:10:20Z,113,2.5,0,0.1,0,29.73,False
7108,2026-08-01T08:11:20Z,113,1.7,0,0.1,0,29.73,False
7109,2026-08-01T08:12:20Z,113,1.7,0,0.1,0,29.73,False
7110,2026-08-01T08:13:20Z,113,2.1,0,0.1,0,29.73,False
7111,2026-08-01T08:14:20Z,113,2.5,0,0.1,0,29.73,False
7112,2026-08-01T08:15:20Z,113,3.9,0,0.1,0,29.73,False
7113,2026-08-01T08:16:20Z,113,2.5,0,0.1,0,29.73,False
7114,2026-08-01T08:17:20Z,0,2.2,0,0.1,0,29.73,False
7115,2026-08-01T08:18:20Z,113,2.6,0,0.1,0,29.73,False
7116,2026-08-01T08:20:20Z,113,1.9,0,0.1,0,29.73,False
7117,2026-08-01T08:21:20Z,113,2.3,0,0.1,0,29.73,False
7118,2026-08-01T08:22:20Z,113,1.8,0,0.1,0,29.73,False
7119,2026-08-01T08:23:20Z,109,2.2,0,0.1,0,29.73,False
7120,2026-08-01T08:24:20Z,113,2.3,0,0.1,0,29.72,False
7121,2026-08-01T08:25:20Z,113,1.4,0,0.1,0,29.72,False
7122,2026-08-01T08:26:20Z,113,1,0,0.1,0,29.72,False
7123,2026-08-01T08:27:20Z,113,1.6,0,0.1,0,29.72,False
7124,2026-08-01T08:28:20Z,111,1.3,0,0.1,0,29.72,False
7125,2026-08-01T08:29:20Z,111,1.2,0,0.1,0,29.72,False
7126,2026-08-01T08:30:20Z,0,1.2,0,0.1,0,29.72,False
7127,2026-08-01T08:31:20Z,0,0.6,0,0.1,0,29.72,False
7128,2026-08-01T08:32:20Z,0,0,0,0.1,0,29.72,False
7129,2026-08-01T08:33:20Z,0,0.2,0,0.1,0,29.72,False
7130,2026-08-01T08:34:20Z,0,1.5,0,0.1,0,29.72,False
7131,2026-08-01T08:35:20Z,0,1.7,0,0.1,0,29.72,False
7132,2026-08-01T08:36:20Z,0,2,0,0.1,0,29.72,False
7133,2026-08-01T08:37:20Z,113,1.8,0,0.1,0,29.72,False
7134,2026-08-01T08:38:20Z,113,1.7,0,0.1,0,29.72,False
7135,2026-08-01T08:39:20Z,0,1.4,0,0.1,0,29.72,False
7136,2026-08-01T08:40:20Z,113,1.4,0,0.1,0,29.72,False
7137,2026-08-01T08:41:20Z,113,1.4,0,0.1,0,29.72,False
7138,2026-08-01T08:42:20Z,0,1.3,0,0.1,0,29.72,False
7139,2026-08-01T08:43:20Z,0,1.3,0,0.1,0,29.72,False
7140,2026-08-01T08:44:20Z,0,1,0,0.1,0,29.73,False
7141,2026-08-01T08:45:20Z,0,1.1,0,0.1,0,29.73,False
7142,2026-08-01T08:46:20Z,0,0.9,0,0.1,0,29.73,False
7143,2026-08-01T08:47:20Z,0,1.1,0,0.1,0,29.73,False
7144,2026-08-01T08:48:20Z,0,0.9,0,0.1,0,29.72,False
7145,2026-08-01T08:49:20Z,0,1.5,0,0.1,0,29.72,False
7146,2026-08-01T08:50:20Z,113,1.8,0,0.1,0,29.73,False
7147,2026-08-01T08:51:20Z,0,2.8,0,0.1,0,29.73,False
7148,2026-08-01T08:52:20Z,0,2.7,0,0.1,0,29.73,False
7149,2026-08-01T08:53:20Z,113,2.5,0,0.1,0,29.73,False
7150,2026-08-01T08:54:20Z,113,1.9,0,0.1,0,29.73,False
7151,2026-08-01T08:55:20Z,0,1.8,0,0.1,0,29.73,False
7152,2026-08-01T08:56:20Z,113,1.4,0,0.1,0,29.73,False
7153,2026-08-01T08:57:20Z,0,1.9,0,0.1,0,29.73,False
7154,2026-08-01T08:58:20Z,0,1.6,0,0.1,0,29.73,False
7155,2026-08-01T08:59:20Z,113,1.2,0,0.1,0,29.73,False
7156,2026-08-01T09:01:20Z,113,1.4,0,0.1,0,29.73,False
7157,2026-08-01T09:02:20Z,0,1.3,0,0.1,0,29.73,False
7158,2026-08-01T09:03:20Z,113,1.5,0,0.1,0,29.73,False
7159,2026-08-01T09:04:20Z,113,1.1,0,0.1,0,29.73,False
7160,2026-08-01T09:05:20Z,113,1.4,0,0.1,0,29.73,False
7161,2026-08-01T09:06:20Z,0,1.4,0,0.1,0,29.73,False
7162,2026-08-01T09:07:20Z,0,1.1,0,0.1,0,29.73,False
7163,2026-08-01T09:08:20Z,0,0.7,0,0.1,0,29.73,False
7164,2026-08-01T09:09:20Z,0,1,0,0.1,0,29.73,False
7165,2026-08-01T09:10:20Z,113,1.4,0,0.1,0,29.73,False
7166,2026-08-01T09:11:20Z,0,1.6,0,0.1,0,29.73,False
7167,2026-08-01T09:12:20Z,0,1.6,0,0.1,0,29.73,False
7168,2026-08-01T09:13:20Z,0,1.5,0,0.1,0,29.73,False
7169,2026-08-01T09:14:20Z,0,2,0,0.1,0,29.73,False
7170,2026-08-01T09:15:20Z,0,1.9,0,0.1,0,29.73,False
7171,2026-08-01T09:16:20Z,0,1.3,0,0.1,0,29.73,False
7172,2026-08-01T09:17:20Z,0,1.1,0,0.1,0,29.73,False
7173,2026-08-01T09:18:20Z,0,1.1,0,0.1,0,29.73,False
7174,2026-08-01T09:20:20Z,0,1.3,0,0.1,0,29.73,False
7175,2026-08-01T09:21:20Z,0,1.7,0,0.1,0,29.73,False
7176,2026-08-01T09:22:20Z,0,2.6,0,0.1,0,29.73,False
7177,2026-08-01T09:23:20Z,0,2.4,0,0.1,0,29.73,False
7178,2026-08-01T09:24:20Z,0,2.4,0,0.1,0,29.73,False
7179,2026-08-01T09:25:20Z,0,2.9,0,0.1,0,29.73,False
7180,2026-08-01T09:26:20Z,0,2.4,0,0.1,0,29.74,False
7181,2026-08-01T09:27:20Z,0,2,0,0.1,0,29.74,False
7182,2026-08-01T09:28:20Z,0,1.7,0,0.1,0,29.74,False
7183,2026-08-01T09:30:20Z,0,1.3,0,0.1,0,29.74,False
7184,2026-08-01T09:31:20Z,0,1.3,0,0.1,0,29.74,False
7185,2026-08-01T09:32:20Z,0,1.4,0,0.1,0,29.74,False
7186,2026-08-01T09:33:20Z,0,1.4,0,0.1,0,29.74,False
7187,2026-08-01T09:34:20Z,0,2,0,0.1,0,29.74,False
7188,2026-08-01T09:35:20Z,0,2.1,0,0.1,0,29.74,False
7189,2026-08-01T09:36:20Z,0,2.9,0,0.1,0,29.74,False
7190,2026-08-01T09:37:20Z,0,2.5,0,0.1,0,29.74,False
7191,2026-08-01T09:38:20Z,0,1.9,0,0.1,0,29.74,False
7192,2026-08-01T09:40:20Z,113,1.9,0,0.1,0,29.74,False
7193,2026-08-01T09:41:20Z,0,1.5,0,0.1,0,29.74,False
7194,2026-08-01T09:42:20Z,0,1.6,0,0.1,0,29.74,False
7195,2026-08-01T09:43:20Z,0,2.3,0,0.1,0,29.74,False
7196,2026-08-01T09:44:20Z,0,1.6,0,0.1,0,29.74,False
7197,2026-08-01T09:45:20Z,0,1.7,0,0.1,0,29.74,False
7198,2026-08-01T09:46:20Z,0,1.5,0,0.1,0,29.74,False
7199,2026-08-01T09:47:20Z,0,1.5,0,0.1,0,29.74,False
7200,2026-08-01T09:48:20Z,0,1.4,0,0.1,0,29.74,False
7201,2026-08-01T09:49:20Z,0,1.3,0,0.1,0,29.74,False
7202,2026-08-01T09:50:20Z,0,1.1,0,0.1,0,29.74,False
7203,2026-08-01T09:51:20Z,0,1.7,0,0.1,0,29.74,False
7204,2026-08-01T09:52:20Z,0,1.4,0,0.1,0,29.74,False
7205,2026-08-01T09:53:20Z,113,1.8,0,0.1,0,29.74,False
7206,2026-08-01T09:54:20Z,0,2.5,0,0.1,0,29.74,False
7207,2026-08-01T09:55:20Z,0,2.9,0,0.1,0,29.74,False
7208,2026-08-01T09:56:20Z,0,1.9,0,0.1,0,29.74,False
7209,2026-08-01T09:57:20Z,0,1.9,0,0.1,0,29.74,False
7210,2026-08-01T09:58:20Z,0,1.4,0,0.1,0,29.74,False
7211,2026-08-01T09:59:20Z,0,1.3,0,0.1,0,29.74,False
7212,2026-08-01T10:01:20Z,0,1.2,0,0.1,0,29.74,False
7213,2026-08-01T10:02:20Z,0,1.3,0,0.1,0,29.74,False
7214,2026-08-01T10:03:20Z,0,1.5,0,0.1,0,29.74,False
7215,2026-08-01T10:04:20Z,0,1.5,0,0.1,0,29.74,False
7216,2026-08-01T10:05:20Z,0,1.5,0,0.1,0,29.74,False
7217,2026-08-01T10:06:20Z,0,1.2,0,0.1,0,29.74,False
7218,2026-08-01T10:07:20Z,0,1.3,0,0.1,0,29.74,False
7219,2026-08-01T10:08:20Z,0,1,0,0.1,0,29.74,False
7220,2026-08-01T10:09:20Z,0,1.3,0,0.1,0,29.74,False
7221,2026-08-01T10:10:20Z,0,1.3,0,0.1,0,29.74,False
7222,2026-08-01T10:11:20Z,0,1.6,0,0.1,0,29.74,False
7223,2026-08-01T10:12:20Z,0,1.6,0,0.1,0,29.74,False
7224,2026-08-01T10:13:20Z,0,1.7,0,0.1,0,29.74,False
7225,2026-08-01T10:14:20Z,0,1.5,0,0.1,0,29.74,False
7226,2026-08-01T10:15:20Z,0,1.3,0,0.1,0,29.74,False
7227,2026-08-01T10:16:20Z,0,1.2,0,0.1,0,29.74,False
7228,2026-08-01T10:17:20Z,0,1.2,0,0.1,0,29.74,False
7229,2026-08-01T10:18:20Z,0,1.1,0,0.1,0,29.74,False
7230,2026-08-01T10:20:20Z,0,1.1,0,0.1,0,29.74,False
7231,2026-08-01T10:21:20Z,0,1.2,0,0.1,0,29.74,False
7232,2026-08-01T10:22:20Z,0,1.4,0,0.1,0,29.74,False
7233,2026-08-01T10:23:20Z,0,1.4,0,0.1,0,29.74,False
7234,2026-08-01T10:24:20Z,0,1.5,0,0.1,0,29.74,False
7235,2026-08-01T10:25:20Z,0,1.6,0,0.1,0,29.74,False
7236,2026-08-01T10:26:20Z,0,1.4,0,0.1,0,29.74,False
7237,2026-08-01T10:27:20Z,0,1.9,0,0.1,0,29.74,False
7238,2026-08-01T10:28:20Z,0,1.7,0,0.1,0,29.74,False
7239,2026-08-01T10:29:20Z,0,1.7,0,0.1,0,29.74,False
7240,2026-08-01T10:30:20Z,0,1.7,0,0.1,0,29.74,False
7241,2026-08-01T10:31:20Z,0,1.6,0,0.1,0,29.74,False
7242,2026-08-01T10:32:20Z,0,2.6,0,0.1,0,29.74,False
7243,2026-08-01T10:33:20Z,0,3.2,0,0.1,0,29.74,False
7244,2026-08-01T10:34:20Z,0,2.6,0,0.1,0,29.74,False
7245,2026-08-01T10:35:20Z,113,1.7,0,0.1,0,29.74,False
7246,2026-08-01T10:36:20Z,113,1.5,0,0.1,0,29.74,False
7247,2026-08-01T10:37:20Z,0,1.3,0,0.1,0,29.74,False
7248,2026-08-01T10:38:20Z,0,1.6,0,0.1,0,29.74,False
7249,2026-08-01T10:40:20Z,0,1.2,0,0.1,0,29.74,False
7250,2026-08-01T10:41:20Z,0,1.8,0,0.1,0,29.74,False
7251,2026-08-01T10:42:20Z,113,1.5,0,0.1,0,29.75,False
7252,2026-08-01T10:43:20Z,113,1.6,0,0.1,0,29.75,False
7253,2026-08-01T10:44:20Z,0,1.2,0,0.1,0,29.75,False
7254,2026-08-01T10:45:20Z,0,1.6,0,0.1,0,29.75,False
7255,2026-08-01T10:46:20Z,0,0.9,0,0.1,0,29.75,False
7256,2026-08-01T10:47:20Z,0,0.8,0,0.1,0,29.75,False
7257,2026-08-01T10:48:20Z,0,1.3,0,0.1,0,29.75,False
7258,2026-08-01T10:49:20Z,0,1.1,0,0.1,0,29.75,False
7259,2026-08-01T10:50:20Z,0,1.6,0,0.1,0,29.75,False
7260,2026-08-01T10:51:20Z,0,1.2,0,0.1,0,29.75,False
7261,2026-08-01T10:52:20Z,0,1.7,0,0.1,0,29.75,False
7262,2026-08-01T10:53:20Z,0,1.6,0,0.1,0,29.75,False
7263,2026-08-01T10:54:20Z,0,1.9,0,0.1,0,29.75,False
7264,2026-08-01T10:55:20Z,0,2.2,0,0.1,0,29.75,False
7265,2026-08-01T10:56:20Z,0,2.3,0,0.1,0,29.75,False
7266,2026-08-01T10:57:20Z,113,2.3,0,0.1,0,29.75,False
7267,2026-08-01T10:58:20Z,0,2.3,0,0.1,0,29.75,False
7268,2026-08-01T10:59:20Z,0,2.3,0,0.1,0,29.75,False
7269,2026-08-01T11:00:20Z,0,2.6,0,0.1,0,29.75,False
7270,2026-08-01T11:01:20Z,0,2.7,0,0.1,0,29.75,False
7271,2026-08-01T11:02:20Z,113,1.7,0,0.1,0,29.75,False
7272,2026-08-01T11:03:20Z,113,2.1,0,0.1,0,29.75,False
7273,2026-08-01T11:04:20Z,0,1.7,0,0.1,0,29.75,False
7274,2026-08-01T11:05:20Z,113,1.8,0,0.1,0,29.75,False
7275,2026-08-01T11:06:20Z,113,1.9,0,0.1,0,29.75,False
7276,2026-08-01T11:07:20Z,113,1.9,0,0.1,0,29.75,False
7277,2026-08-01T11:08:20Z,113,3.7,0,0.1,0,29.75,False
7278,2026-08-01T11:10:20Z,110,5.6,0,0.1,0,29.75,False
7279,2026-08-01T11:11:20Z,113,4.6,0,0.1,0,29.75,False
7280,2026-08-01T11:12:20Z,110,4.3,0,0.1,0,29.75,False
7281,2026-08-01T11:13:20Z,118,6.4,0,0.1,0,29.75,False
7282,2026-08-01T11:14:20Z,113,3.2,0,0.1,0,29.75,False
7283,2026-08-01T11:15:20Z,113,2.3,0,0.1,0,29.75,False
7284,2026-08-01T11:16:20Z,113,2.4,0,0.1,0,29.75,False
7285,2026-08-01T11:17:20Z,0,1.7,0,0.1,0,29.75,False
7286,2026-08-01T11:18:20Z,116,2.1,0,0.1,0,29.75,False
7287,2026-08-01T11:19:20Z,113,1.9,0,0.1,0,29.75,False
7288,2026-08-01T11:20:20Z,113,2.2,0,0.1,0,29.75,False
7289,2026-08-01T11:21:20Z,113,2.3,0,0.1,0,29.75,False
7290,2026-08-01T11:22:20Z,0,2.2,0,0.1,0,29.75,False
7291,2026-08-01T11:23:20Z,117,2.4,0,0.1,0,29.74,False
7292,2026-08-01T11:24:20Z,115,1.7,0,0.1,0,29.74,False
7293,2026-08-01T11:25:20Z,160,1.6,0,0.1,0,29.74,False
7294,2026-08-01T11:26:20Z,183,1.9,0,0.1,0,29.74,False
7295,2026-08-01T11:27:20Z,126,2.3,0,0.1,0,29.74,False
7296,2026-08-01T11:28:20Z,113,1.7,0,0.1,0,29.75,False
7297,2026-08-01T11:29:20Z,113,1.5,0,0.1,0,29.75,False
7298,2026-08-01T11:30:20Z,113,1.8,0,0.1,0,29.75,False
7299,2026-08-01T11:31:20Z,125,3.2,0,0.1,0,29.75,False
7300,2026-08-01T11:32:20Z,114,2.8,0,0.1,0,29.75,False
7301,2026-08-01T11:33:20Z,111,2.5,0,0.1,0,29.75,False
7302,2026-08-01T11:34:20Z,113,1.6,0,0.1,0,29.75,False
7303,2026-08-01T11:35:20Z,110,3,0,0.1,0,29.75,False
7304,2026-08-01T11:36:20Z,113,1.8,0,0.1,0,29.75,False
7305,2026-08-01T11:37:20Z,113,2.9,0,0.1,0,29.75,False
7306,2026-08-01T11:38:20Z,108,3.3,0,0.1,0,29.75,False
7307,2026-08-01T11:40:20Z,135,2.6,0,0.1,0,29.75,False
7308,2026-08-01T11:41:20Z,110,5.5,0,0.1,0,29.75,False
7309,2026-08-01T11:42:20Z,113,3.2,0,0.1,0,29.75,False
7310,2026-08-01T11:43:20Z,113,2.8,0,0.1,0,29.75,False
7311,2026-08-01T11:44:20Z,113,2.6,0,0.1,0,29.75,False
7312,2026-08-01T11:45:20Z,108,2.3,0,0.1,0,29.75,False
7313,2026-08-01T11:46:20Z,111,2.8,0,0.1,0,29.75,False
7314,2026-08-01T11:47:20Z,119,2.5,0,0.1,0,29.75,False
7315,2026-08-01T11:48:20Z,115,2.5,0,0.1,0,29.75,False
7316,2026-08-01T11:50:20Z,113,3.1,0,0.1,0,29.75,False
7317,2026-08-01T11:51:20Z,192,2.1,0,0.1,0,29.75,False
7318,2026-08-01T11:52:20Z,113,5.1,0,0.1,0,29.75,False
7319,2026-08-01T11:53:20Z,113,2.4,0,0.1,0,29.75,False
7320,2026-08-01T11:54:20Z,0,3.3,0,0.1,0,29.75,False
7321,2026-08-01T11:55:20Z,0,2.4,0,0.1,0,29.75,False
7322,2026-08-01T11:56:20Z,0,4.1,0,0.1,0,29.75,False
7323,2026-08-01T11:57:20Z,0,3.1,0,0.1,0,29.75,False
7324,2026-08-01T11:58:20Z,113,3.1,0,0.1,0,29.75,False
7325,2026-08-01T11:59:20Z,120,2.8,0,0.1,0,29.75,False
7326,2026-08-01T12:00:20Z,163,2.2,0,0.1,0,29.74,False
7327,2026-08-01T12:01:20Z,0,1.5,0,0.1,0,29.74,False
7328,2026-08-01T12:02:20Z,0,0.7,0,0.1,0,29.74,False
7329,2026-08-01T12:03:20Z,113,2.9,0,0.1,0,29.74,False
7330,2026-08-01T12:04:20Z,0,2.8,0,0.1,0,29.74,False
7331,2026-08-01T12:05:20Z,134,3.6,0,0.1,0,29.74,False
7332,2026-08-01T12:06:20Z,182,3.3,0,0.1,0,29.74,False
7333,2026-08-01T12:07:20Z,190,0.2,0,0.1,0,29.74,False
7334,2026-08-01T12:08:20Z,151,1.6,0,0.1,0,29.74,False
7335,2026-08-01T12:09:20Z,120,0.8,0,0.1,0,29.74,False
7336,2026-08-01T12:10:20Z,168,0.6,0,0.1,0,29.74,False
7337,2026-08-01T12:11:20Z,113,0.9,0,0.1,0,29.74,False
7338,2026-08-01T12:12:20Z,180,0.5,0,0.1,0,29.74,False
7339,2026-08-01T12:13:20Z,202,1,0,0.1,0,29.74,False
7340,2026-08-01T12:14:20Z,203,0.8,0,0.1,0,29.74,False
7341,2026-08-01T12:15:20Z,198,0,0,0.1,0,29.74,False
7342,2026-08-01T12:16:20Z,113,0.1,0,0.1,0,29.75,False
7343,2026-08-01T12:17:20Z,117,0.7,0,0.1,0,29.75,False
7344,2026-08-01T12:18:20Z,180,0.3,0,0.1,0,29.75,False
7345,2026-08-01T12:19:20Z,180,0.8,0,0.1,0,29.75,False
7346,2026-08-01T12:20:20Z,178,1.2,0,0.1,0,29.75,False
7347,2026-08-01T12:21:20Z,168,1.7,0,0.1,0,29.75,False
7348,2026-08-01T12:22:20Z,167,1.7,0,0.1,0,29.75,False
7349,2026-08-01T12:23:20Z,176,1.7,0,0.1,0,29.75,False
7350,2026-08-01T12:24:20Z,23,5.1,0,0.1,0,29.75,False
7351,2026-08-01T12:25:20Z,28,2.4,0,0.1,0,29.75,False
7352,2026-08-01T12:26:20Z,176,0.9,0,0.1,0,29.75,False
7353,2026-08-01T12:27:20Z,170,1.1,0,0.1,0,29.75,False
7354,2026-08-01T12:28:20Z,169,0.6,0,0.1,0,29.75,False
7355,2026-08-01T12:29:20Z,191,0.4,0,0.1,0,29.75,False
7356,2026-08-01T12:30:20Z,143,2.1,0,0.1,0,29.75,False
7357,2026-08-01T12:31:20Z,113,2.1,0,0.1,0,29.75,False
7358,2026-08-01T12:32:20Z,124,1.3,0,0.1,0,29.75,False
7359,2026-08-01T12:33:20Z,132,1,0,0.1,0,29.75,False
7360,2026-08-01T12:34:20Z,135,1.5,0,0.1,0,29.75,False
7361,2026-08-01T12:35:20Z,124,3.6,0,0.1,0,29.75,False
7362,2026-08-01T12:36:20Z,0,3.4,0,0.1,0,29.75,False
7363,2026-08-01T12:37:20Z,113,2.8,0,0.1,0,29.75,False
7364,2026-08-01T12:38:20Z,0,1.5,0,0.1,0,29.75,False
7365,2026-08-01T12:39:20Z,113,1.5,0,0.1,0,29.75,False
7366,2026-08-01T12:40:20Z,203,1.6,0,0.1,0,29.75,False
7367,2026-08-01T12:41:20Z,200,0.3,0,0.1,0,29.75,False
7368,2026-08-01T12:42:20Z,158,3.1,0,0.1,0,29.75,False
7369,2026-08-01T12:43:20Z,169,2.4,0,0.1,0,29.75,False
7370,2026-08-01T12:44:20Z,131,3,0,0.1,0,29.75,False
7371,2026-08-01T12:45:20Z,138,2.1,0,0.1,0,29.75,False
7372,2026-08-01T12:46:20Z,142,2.1,0,0.1,0,29.75,False
7373,2026-08-01T12:47:20Z,147,2,0,0.1,0,29.75,False
7374,2026-08-01T12:48:20Z,0,0.4,0,0.1,0,29.75,False
7375,2026-08-01T12:49:20Z,176,0.2,0,0.1,0,29.75,False
7376,2026-08-01T12:50:20Z,0,2.3,0,0.1,0,29.75,False
7377,2026-08-01T12:51:20Z,0,5.1,0,0.1,0,29.75,False
7378,2026-08-01T12:52:20Z,113,3.7,0,0.1,0,29.75,False
7379,2026-08-01T12:53:20Z,0,3.7,0,0.1,0,29.75,False
7380,2026-08-01T12:54:20Z,195,2.6,0,0.1,0,29.75,False
7381,2026-08-01T12:55:20Z,176,1.1,0,0.1,0,29.74,False
7382,2026-08-01T12:56:20Z,120,3.2,0,0.1,0,29.74,False
7383,2026-08-01T12:57:20Z,134,1.7,0,0.1,0,29.74,False
7384,2026-08-01T12:58:20Z,186,1.5,0,0.1,0,29.74,False
7385,2026-08-01T12:59:20Z,149,2.4,0,0.1,0,29.75,False
7386,2026-08-01T13:01:20Z,124,1.6,0,0.1,0,29.74,False
7387,2026-08-01T13:02:20Z,160,1,0,0.1,0,29.74,False
7388,2026-08-01T13:03:20Z,166,1.4,0,0.1,0,29.75,False
7389,2026-08-01T13:04:20Z,119,1.7,0,0.1,0,29.75,False
7390,2026-08-01T13:05:20Z,119,1.3,0,0.1,0,29.75,False
7391,2026-08-01T13:06:20Z,151,1.4,0,0.1,0,29.75,False
7392,2026-08-01T13:07:20Z,119,4.7,0,0.1,0,29.75,False
7393,2026-08-01T13:08:20Z,141,2.1,0,0.1,0,29.75,False
7394,2026-08-01T13:09:20Z,68,1.9,0,0.1,0,29.75,False
7395,2026-08-01T13:10:20Z,0,2.1,0,0.1,0,29.75,False
7396,2026-08-01T13:11:20Z,113,1.1,0,0.1,0,29.75,False
7397,2026-08-01T13:12:20Z,113,1.5,0,0.1,0,29.75,False
7398,2026-08-01T13:13:20Z,0,1.6,0,0.1,0,29.75,False
7399,2026-08-01T13:14:20Z,169,1.1,0,0.1,0,29.75,False
7400,2026-08-01T13:15:20Z,193,0.5,0,0.1,0,29.75,False
7401,2026-08-01T13:16:20Z,189,1,0,0.1,0,29.75,False
7402,2026-08-01T13:17:20Z,137,1.2,0,0.1,0,29.75,False
7403,2026-08-01T13:18:20Z,178,2.3,0,0.1,0,29.75,False
7404,2026-08-01T13:19:20Z,0,2,0,0.1,0,29.75,False
7405,2026-08-01T13:21:20Z,179,0.8,0,0.1,0,29.75,False
7406,2026-08-01T13:22:20Z,151,0.9,0,0.1,0,29.75,False
7407,2026-08-01T13:23:20Z,177,0.4,0,0.1,0,29.75,False
7408,2026-08-01T13:24:20Z,113,1.7,0,0.1,0,29.75,False
7409,2026-08-01T13:25:20Z,113,1.5,0,0.1,0,29.75,False
7410,2026-08-01T13:26:20Z,113,1.6,0,0.1,0,29.74,False
7411,2026-08-01T13:27:20Z,113,1,0,0.1,0,29.74,False
7412,2026-08-01T13:28:20Z,113,1.6,0,0.1,0,29.74,False
7413,2026-08-01T13:30:20Z,172,1.7,0,0.1,0,29.74,False
7414,2026-08-01T13:31:20Z,68,1.9,0,0.1,0,29.74,False
7415,2026-08-01T13:32:20Z,140,1.2,0,0.1,0,29.75,False
7416,2026-08-01T13:33:20Z,179,1.4,0,0.1,0,29.75,False
7417,2026-08-01T13:34:20Z,102,2.5,0,0.1,0,29.75,False
7418,2026-08-01T13:35:20Z,36,1.5,0,0.1,0,29.75,False
7419,2026-08-01T13:36:20Z,157,0.5,0,0.1,0,29.75,False
7420,2026-08-01T13:37:20Z,161,0,0,0.1,0,29.75,False
7421,2026-08-01T13:38:20Z,188,0.3,0,0.1,0,29.75,False
7422,2026-08-01T13:40:20Z,134,1.6,0,0.1,0,29.75,False
7423,2026-08-01T13:41:20Z,131,2.1,0,0.1,0,29.75,False
7424,2026-08-01T13:42:20Z,146,1,0,0.1,0,29.75,False
7425,2026-08-01T13:43:20Z,116,1.7,0,0.1,0,29.75,False
7426,2026-08-01T13:44:20Z,177,1.4,0,0.1,0,29.75,False
7427,2026-08-01T13:45:20Z,150,1.9,0,0.1,0,29.75,False
7428,2026-08-01T13:46:20Z,117,2.4,0,0.1,0,29.75,False
7429,2026-08-01T13:47:20Z,113,1.8,0,0.1,0,29.75,False
7430,2026-08-01T13:48:20Z,176,1.3,0,0.1,0,29.75,False
7431,2026-08-01T13:50:20Z,196,1.5,0,0.1,0,29.75,False
7432,2026-08-01T13:51:20Z,123,1.1,0,0.1,0,29.75,False
7433,2026-08-01T13:52:20Z,163,0.9,0,0.1,0,29.75,False
7434,2026-08-01T13:53:20Z,93,1.3,0,0.1,0,29.75,False
7435,2026-08-01T13:54:20Z,26,2.1,0,0.1,0,29.76,False
7436,2026-08-01T13:55:20Z,176,1,0,0.1,0,29.76,False
7437,2026-08-01T13:56:20Z,177,0.6,0,0.1,0,29.76,False
7438,2026-08-01T13:57:20Z,90,1.4,0,0.1,0,29.75,False
7439,2026-08-01T13:58:20Z,175,1.7,0,0.1,0,29.75,False
7440,2026-08-01T13:59:20Z,102,2.1,0,0.1,0,29.75,False
7441,2026-08-01T14:00:20Z,126,2.8,0,0.1,0,29.75,False
7442,2026-08-01T14:01:20Z,173,2.8,0,0.1,0,29.75,False
7443,2026-08-01T14:02:20Z,173,2.1,0,0.1,0,29.75,False
7444,2026-08-01T14:03:20Z,170,1.4,0,0.1,0,29.75,False
7445,2026-08-01T14:04:20Z,178,1.5,0,0.1,0,29.75,False
7446,2026-08-01T14:05:20Z,179,1.2,0,0.1,0,29.75,False
7447,2026-08-01T14:06:20Z,186,0.8,0,0.1,0,29.75,False
7448,2026-08-01T14:07:20Z,193,0.5,0,0.1,0,29.75,False
7449,2026-08-01T14:08:20Z,180,0.8,0,0.1,0,29.75,False
7450,2026-08-01T14:10:20Z,189,1.5,0,0.1,0,29.75,False
7451,2026-08-01T14:11:20Z,155,2.8,0,0.1,0,29.75,False
7452,2026-08-01T14:12:20Z,170,1.7,0,0.1,0,29.75,False
7453,2026-08-01T14:13:20Z,0,0.3,0,0.1,0,29.75,False
7454,2026-08-01T14:14:20Z,0,1.6,0,0.1,0,29.75,False
7455,2026-08-01T14:15:20Z,136,2.5,0,0.1,0,29.75,False
7456,2026-08-01T14:16:20Z,180,1.1,0,0.1,0,29.75,False
7457,2026-08-01T14:17:20Z,113,1.5,0,0.1,0,29.75,False
7458,2026-08-01T14:18:20Z,113,3,0,0.1,0,29.76,False
7459,2026-08-01T14:20:20Z,134,1,0,0.1,0,29.76,False
7460,2026-08-01T14:21:20Z,180,0.5,0,0.1,0,29.76,False
7461,2026-08-01T14:22:20Z,0,1.4,0,0.1,0,29.75,False
7462,2026-08-01T14:23:20Z,0,1.3,0,0.1,0,29.75,False
7463,2026-08-01T14:24:20Z,0,1,0,0.1,0,29.75,False
7464,2026-08-01T14:25:20Z,177,1,0,0.1,0,29.75,False
7465,2026-08-01T14:26:20Z,180,0.4,0,0.1,0,29.75,False
7466,2026-08-01T14:27:20Z,180,1.1,0,0.1,0,29.75,False
7467,2026-08-01T14:28:20Z,178,1.7,0,0.1,0,29.75,False
7468,2026-08-01T14:29:20Z,180,1.2,0,0.1,0,29.75,False
7469,2026-08-01T14:31:20Z,180,3.2,0,0.1,0,29.75,False
7470,2026-08-01T14:32:20Z,175,1.8,0,0.1,0,29.75,False
7471,2026-08-01T14:33:20Z,180,1.9,0,0.1,0,29.75,False
7472,2026-08-01T14:34:20Z,166,0.8,0,0.1,0,29.75,False
7473,2026-08-01T14:35:20Z,176,1.4,0,0.1,0,29.75,False
7474,2026-08-01T14:36:20Z,0,1.9,0,0.1,0,29.75,False
7475,2026-08-01T14:37:20Z,0,2.3,0,0.1,0,29.75,False
7476,2026-08-01T14:38:20Z,113,1.1,0,0.1,0,29.75,False
7477,2026-08-01T14:39:20Z,0,2.7,0,0.1,0,29.75,False
7478,2026-08-01T14:40:20Z,113,2.7,0,0.1,0,29.75,False
7479,2026-08-01T14:41:20Z,113,1.8,0,0.1,0,29.75,False
7480,2026-08-01T14:42:20Z,113,3.8,0,0.1,0,29.75,False
7481,2026-08-01T14:43:20Z,116,2.9,0,0.1,0,29.75,False
7482,2026-08-01T14:44:20Z,200,0.9,0,0.1,0,29.75,False
7483,2026-08-01T14:45:20Z,203,0.4,0,0.1,0,29.75,False
7484,2026-08-01T14:46:20Z,180,1,0,0.1,0,29.75,False
7485,2026-08-01T14:47:20Z,180,0.7,0,0.1,0,29.75,False
7486,2026-08-01T14:48:20Z,180,0.5,0,0.1,0,29.75,False
7487,2026-08-01T14:50:20Z,176,1.4,0,0.1,0,29.75,False
7488,2026-08-01T14:51:20Z,172,1.9,0,0.1,0,29.75,False
7489,2026-08-01T14:52:20Z,121,2.7,0,0.1,0,29.75,False
7490,2026-08-01T14:53:20Z,0,2.3,0,0.1,0,29.75,False
7491,2026-08-01T14:54:20Z,180,1.9,0,0.1,0,29.75,False
7492,2026-08-01T14:55:20Z,147,2.7,0,0.1,0,29.75,False
7493,2026-08-01T14:56:20Z,0,5.4,0,0.1,0,29.75,False
7494,2026-08-01T14:57:20Z,159,3,0,0.1,0,29.75,False
7495,2026-08-01T14:58:20Z,178,0.5,0,0.1,0,29.75,False
7496,2026-08-01T14:59:20Z,149,3,0,0.1,0,29.75,False
7497,2026-08-01T15:00:20Z,149,5.7,0,0.1,0,29.75,False
7498,2026-08-01T15:01:20Z,177,1.1,0,0.1,0,29.75,False
7499,2026-08-01T15:02:20Z,23,2.2,0,0.1,0,29.75,False
7500,2026-08-01T15:03:20Z,180,2.4,0,0.1,0,29.75,False
7501,2026-08-01T15:04:20Z,155,2.4,0,0.1,0,29.75,False
7502,2026-08-01T15:05:20Z,125,3.1,0,0.1,0,29.75,False
7503,2026-08-01T15:06:20Z,133,1.9,0,0.1,0,29.75,False
7504,2026-08-01T15:07:20Z,0,0.6,0,0.1,0,29.75,False
7505,2026-08-01T15:08:20Z,180,0.3,0,0.1,0,29.75,False
7506,2026-08-01T15:10:20Z,135,0.5,0,0.1,0,29.75,False
7507,2026-08-01T15:11:20Z,175,1.2,0,0.1,0,29.75,False
7508,2026-08-01T15:12:20Z,128,3.3,0,0.1,0,29.75,False
7509,2026-08-01T15:13:20Z,185,1.2,0,0.1,0,29.75,False
7510,2026-08-01T15:14:20Z,30,2.2,0,0.1,0,29.75,False
7511,2026-08-01T15:15:20Z,23,1.3,0,0.1,0,29.75,False
7512,2026-08-01T15:16:20Z,180,0.4,0,0.1,0,29.75,False
7513,2026-08-01T15:17:20Z,0,2.2,0,0.1,0,29.75,False
7514,2026-08-01T15:18:20Z,0,1.9,0,0.1,0,29.75,False
7515,2026-08-01T15:20:20Z,113,4.1,0,0.1,0,29.75,False
7516,2026-08-01T15:21:20Z,113,4.2,0,0.1,0,29.75,False
7517,2026-08-01T15:22:20Z,113,6.9,0,0.1,0,29.75,False
7518,2026-08-01T15:23:20Z,113,8,0,0.1,0,29.75,False
7519,2026-08-01T15:24:20Z,113,5.4,0,0.1,0,29.75,False
7520,2026-08-01T15:25:20Z,0,2.4,0,0.1,0,29.75,False
7521,2026-08-01T15:26:20Z,158,2,0,0.1,0,29.75,False
7522,2026-08-01T15:28:20Z,0,2.7,0,0.1,0,29.75,False
7523,2026-08-01T15:29:20Z,157,2.6,0,0.1,0,29.75,False
7524,2026-08-01T15:30:20Z,0,0.9,0,0.1,0,29.75,False
7525,2026-08-01T15:31:20Z,113,0.3,0,0.1,0,29.75,False
7526,2026-08-01T15:32:20Z,0,1,0,0.1,0,29.75,False
7527,2026-08-01T15:33:20Z,113,4.3,0,0.1,0,29.75,False
7528,2026-08-01T15:34:20Z,113,6.8,0,0.1,0,29.75,False
7529,2026-08-01T15:35:20Z,0,10.7,0,0.1,0,29.75,False
7530,2026-08-01T15:36:20Z,120,5.4,0,0.1,0,29.75,False
7531,2026-08-01T15:37:20Z,113,5.3,0,0.1,0,29.75,False
7532,2026-08-01T15:38:20Z,0,7.9,0,0.1,0,29.75,False
7533,2026-08-01T15:40:20Z,113,3.4,0,0.1,0,29.75,False
7534,2026-08-01T15:41:20Z,0,7.7,0,0.1,0,29.75,False
7535,2026-08-01T15:42:20Z,0,7.6,0,0.1,0,29.75,False
7536,2026-08-01T15:43:20Z,0,5.3,0,0.1,0,29.75,False
7537,2026-08-01T15:44:20Z,159,3.8,0,0.1,0,29.75,False
7538,2026-08-01T15:45:20Z,113,2.6,0,0.1,0,29.75,False
7539,2026-08-01T15:46:20Z,203,0.9,0,0.1,0,29.75,False
7540,2026-08-01T15:47:20Z,169,1,0,0.1,0,29.75,False
7541,2026-08-01T15:48:20Z,113,2.6,0,0.1,0,29.75,False
7542,2026-08-01T15:49:20Z,113,4,0,0.1,0,29.75,False
7543,2026-08-01T15:50:20Z,143,2.3,0,0.1,0,29.75,False
7544,2026-08-01T15:51:20Z,101,1.7,0,0.1,0,29.75,False
7545,2026-08-01T15:52:20Z,168,1.4,0,0.1,0,29.75,False
7546,2026-08-01T15:53:20Z,125,3.8,0,0.1,0,29.75,False
7547,2026-08-01T15:54:20Z,127,5.3,0,0.1,0,29.75,False
7548,2026-08-01T15:55:20Z,122,3.1,0,0.1,0,29.74,False
7549,2026-08-01T15:56:20Z,113,3.4,0,0.1,0,29.74,False
7550,2026-08-01T15:57:20Z,127,2.4,0,0.1,0,29.74,False
7551,2026-08-01T15:58:20Z,120,3,0,0.1,0,29.74,False
7552,2026-08-01T15:59:20Z,0,4.7,0,0.1,0,29.74,False
7553,2026-08-01T16:00:20Z,0,4.7,0,0.1,0,29.74,False
7554,2026-08-01T16:01:20Z,180,5.8,0,0.1,0,29.74,False
7555,2026-08-01T16:02:20Z,0,5.4,0,0.1,0,29.74,False
7556,2026-08-01T16:03:20Z,113,5,0,0.1,0,29.75,False
7557,2026-08-01T16:04:20Z,113,6,0,0.1,0,29.75,False
7558,2026-08-01T16:05:20Z,127,5.7,0,0.1,0,29.75,False
7559,2026-08-01T16:06:20Z,120,3.6,0,0.1,0,29.75,False
7560,2026-08-01T16:07:20Z,131,5.5,0,0.1,0,29.75,False
7561,2026-08-01T16:08:20Z,130,5.4,0,0.1,0,29.75,False
7562,2026-08-01T16:10:20Z,113,5,0,0.1,0,29.75,False
7563,2026-08-01T16:11:20Z,113,3.3,0,0.1,0,29.75,False
7564,2026-08-01T16:12:20Z,123,4.1,0,0.1,0,29.75,False
7565,2026-08-01T16:13:20Z,113,5.2,0,0.1,0,29.75,False
7566,2026-08-01T16:14:20Z,113,5.2,0,0.1,0,29.75,False
7567,2026-08-01T16:15:20Z,113,4.2,0,0.1,0,29.75,False
7568,2026-08-01T16:16:20Z,180,2.6,0,0.1,0,29.75,False
7569,2026-08-01T16:17:20Z,0,4.2,0,0.1,0,29.75,False
7570,2026-08-01T16:18:20Z,0,4.8,0,0.1,0,29.74,False
7571,2026-08-01T16:20:20Z,0,4.4,0,0.1,0,29.75,False
7572,2026-08-01T16:21:20Z,127,3.5,0,0.1,0,29.74,False
7573,2026-08-01T16:22:20Z,0,5.2,0,0.1,0,29.75,False
7574,2026-08-01T16:23:20Z,0,7.2,0,0.1,0,29.74,False
7575,2026-08-01T16:24:20Z,0,5.5,0,0.1,0,29.74,False
7576,2026-08-01T16:25:20Z,0,6.3,0,0.1,0,29.74,False
7577,2026-08-01T16:26:20Z,113,4.7,0,0.1,0,29.74,False
7578,2026-08-01T16:27:20Z,113,6.1,0,0.1,0,29.74,False
7579,2026-08-01T16:28:20Z,113,5.6,0,0.1,0,29.74,False
7580,2026-08-01T16:30:20Z,139,4.2,0,0.1,0,29.74,False
7581,2026-08-01T16:31:20Z,132,1.3,0,0.1,0,29.74,False
7582,2026-08-01T16:32:20Z,56,1.7,0,0.1,0,29.74,False
7583,2026-08-01T16:33:20Z,113,2.9,0,0.1,0,29.74,False
7584,2026-08-01T16:34:20Z,0,2.2,0,0.1,0,29.74,False
7585,2026-08-01T16:35:20Z,124,2.7,0,0.1,0,29.74,False
7586,2026-08-01T16:36:20Z,125,6.8,0,0.1,0,29.74,False
7587,2026-08-01T16:37:20Z,166,3.6,0,0.1,0,29.74,False
7588,2026-08-01T16:38:20Z,128,3.6,0,0.1,0,29.74,False
7589,2026-08-01T16:40:20Z,113,4.3,0,0.1,0,29.74,False
7590,2026-08-01T16:41:20Z,139,2.8,0,0.1,0,29.74,False
7591,2026-08-01T16:42:20Z,124,4.4,0,0.1,0,29.74,False
7592,2026-08-01T16:43:20Z,113,4.3,0,0.1,0,29.74,False
7593,2026-08-01T16:44:20Z,0,5.2,0,0.1,0,29.74,False
7594,2026-08-01T16:45:20Z,0,5,0,0.1,0,29.74,False
7595,2026-08-01T16:46:20Z,0,4.2,0,0.1,0,29.74,False
7596,2026-08-01T16:47:20Z,158,2.5,0,0.1,0,29.74,False
7597,2026-08-01T16:48:20Z,130,8.699999999999999,0,0.1,0,29.74,False
7598,2026-08-01T16:50:20Z,0,1.9,0,0.1,0,29.74,False
7599,2026-08-01T16:51:20Z,113,2.6,0,0.1,0,29.74,False
7600,2026-08-01T16:52:20Z,109,1.4,0,0.1,0,29.74,False
7601,2026-08-01T16:53:20Z,176,0.7,0,0.1,0,29.74,False
7602,2026-08-01T16:54:20Z,158,7,0,0.1,0,29.74,False
7603,2026-08-01T16:55:20Z,129,5.3,0,0.1,0,29.74,False
7604,2026-08-01T16:56:20Z,199,3.2,0,0.1,0,29.74,False
7605,2026-08-01T16:57:20Z,113,3.1,0,0.1,0,29.74,False
7606,2026-08-01T16:58:20Z,113,4.7,0,0.1,0,29.74,False
7607,2026-08-01T17:00:20Z,155,4.9,0,0.1,0,29.74,False
7608,2026-08-01T17:01:20Z,113,4.5,0,0.1,0,29.74,False
7609,2026-08-01T17:02:20Z,131,3,0,0.1,0,29.74,False
7610,2026-08-01T17:03:20Z,113,3.2,0,0.1,0,29.74,False
7611,2026-08-01T17:04:20Z,0,2.3,0,0.1,0,29.74,False
7612,2026-08-01T17:05:20Z,0,2.8,0,0.1,0,29.74,False
7613,2026-08-01T17:06:20Z,116,6.6,0,0.1,0,29.74,False
7614,2026-08-01T17:07:20Z,130,3.6,0,0.1,0,29.74,False
7615,2026-08-01T17:08:20Z,113,2.6,0,0.1,0,29.74,False
7616,2026-08-01T17:10:20Z,158,2.7,0,0.1,0,29.74,False
7617,2026-08-01T17:11:20Z,129,5,0,0.1,0,29.74,False
7618,2026-08-01T17:12:20Z,135,5.1,0,0.1,0,29.74,False
7619,2026-08-01T17:13:20Z,118,4.6,0,0.1,0,29.74,False
7620,2026-08-01T17:14:20Z,114,4.8,0,0.1,0,29.74,False
7621,2026-08-01T17:15:20Z,113,5,0,0.1,0,29.74,False
7622,2026-08-01T17:16:20Z,113,5,0,0.1,0,29.74,False
7623,2026-08-01T17:17:20Z,131,3.4,0,0.1,0,29.74,False
7624,2026-08-01T17:18:20Z,0,3.6,0,0.1,0,29.74,False
7625,2026-08-01T17:20:20Z,113,5.4,0,0.1,0,29.74,False
7626,2026-08-01T17:21:20Z,113,4.3,0,0.1,0,29.74,False
7627,2026-08-01T17:22:20Z,113,3.9,0,0.1,0,29.74,False
7628,2026-08-01T17:23:20Z,139,3.7,0,0.1,0,29.74,False
7629,2026-08-01T17:24:20Z,113,2.9,0,0.1,0,29.74,False
7630,2026-08-01T17:25:20Z,113,4.4,0,0.1,0,29.74,False
7631,2026-08-01T17:26:20Z,113,5.3,0,0.1,0,29.74,False
7632,2026-08-01T17:27:20Z,113,4.9,0,0.1,0,29.74,False
7633,2026-08-01T17:28:20Z,113,5.2,0,0.1,0,29.74,False
7634,2026-08-01T17:29:20Z,0,3.2,0,0.1,0,29.74,False
7635,2026-08-01T17:30:20Z,113,5.1,0,0.1,0,29.74,False
7636,2026-08-01T17:31:20Z,127,5.5,0,0.1,0,29.74,False
7637,2026-08-01T17:32:20Z,129,4.4,0,0.1,0,29.74,False
7638,2026-08-01T17:33:20Z,121,3.7,0,0.1,0,29.74,False
7639,2026-08-01T17:34:20Z,148,4.7,0,0.1,0,29.74,False
7640,2026-08-01T17:35:20Z,0,3.2,0,0.1,0,29.74,False
7641,2026-08-01T17:36:20Z,109,3.6,0,0.1,0,29.74,False
7642,2026-08-01T17:37:20Z,143,3.7,0,0.1,0,29.74,False
7643,2026-08-01T17:38:20Z,111,5.7,0,0.1,0,29.74,False
7644,2026-08-01T17:39:20Z,113,5.2,0,0.1,0,29.74,False
7645,2026-08-01T17:41:20Z,115,4.1,0,0.1,0,29.74,False
7646,2026-08-01T17:42:20Z,148,4.5,0,0.1,0,29.74,False
7647,2026-08-01T17:43:20Z,133,6.8,0,0.1,0,29.74,False
7648,2026-08-01T17:44:20Z,113,4.6,0,0.1,0,29.74,False
7649,2026-08-01T17:45:20Z,121,5.6,0,0.1,0,29.74,False
7650,2026-08-01T17:46:20Z,113,2.3,0,0.1,0,29.74,False
7651,2026-08-01T17:47:20Z,113,4.6,0,0.1,0,29.74,False
7652,2026-08-01T17:48:20Z,113,3.8,0,0.1,0,29.74,False
7653,2026-08-01T17:49:20Z,117,2.4,0,0.1,0,29.74,False
7654,2026-08-01T17:50:20Z,131,4.6,0,0.1,0,29.74,False
7655,2026-08-01T17:51:20Z,136,5.3,0,0.1,0,29.74,False
7656,2026-08-01T17:52:20Z,124,4.4,0,0.1,0,29.74,False
7657,2026-08-01T17:53:20Z,112,4.2,0,0.1,0,29.74,False
7658,2026-08-01T17:54:20Z,113,5.2,0,0.1,0,29.74,False
7659,2026-08-01T17:55:20Z,118,4.2,0,0.1,0,29.74,False
7660,2026-08-01T17:56:20Z,113,5.4,0,0.1,0,29.74,False
7661,2026-08-01T17:57:20Z,158,3.1,0,0.1,0,29.74,False
7662,2026-08-01T17:58:20Z,113,4.1,0,0.1,0,29.74,False
7663,2026-08-01T17:59:20Z,137,6.4,0,0.1,0,29.74,False
7664,2026-08-01T18:01:20Z,118,4.1,0,0.1,0,29.74,False
7665,2026-08-01T18:02:20Z,135,3.2,0,0.1,0,29.74,False
7666,2026-08-01T18:03:20Z,125,5.2,0,0.1,0,29.74,False
7667,2026-08-01T18:04:20Z,124,4.8,0,0.1,0,29.74,False
7668,2026-08-01T18:05:20Z,113,3.7,0,0.1,0,29.74,False
7669,2026-08-01T18:06:20Z,113,5.4,0,0.1,0,29.74,False
7670,2026-08-01T18:07:20Z,158,5.8,0,0.1,0,29.74,False
7671,2026-08-01T18:08:20Z,118,3,0,0.1,0,29.74,False
7672,2026-08-01T18:10:20Z,113,8.1,0,0.1,0,29.73,False
7673,2026-08-01T18:11:20Z,113,8.199999999999999,0,0.1,0,29.73,False
7674,2026-08-01T18:12:20Z,113,8,0,0.1,0,29.73,False
7675,2026-08-01T18:13:20Z,113,7.2,0,0.1,0,29.73,False
7676,2026-08-01T18:14:20Z,120,6.3,0,0.1,0,29.73,False
7677,2026-08-01T18:15:20Z,113,5.8,0,0.1,0,29.73,False
7678,2026-08-01T18:16:20Z,113,4.2,0,0.1,0,29.73,False
7679,2026-08-01T18:17:20Z,113,4.4,0,0.1,0,29.73,False
7680,2026-08-01T18:18:20Z,120,5.6,0,0.1,0,29.73,False
7681,2026-08-01T18:20:20Z,118,4.5,0,0.1,0,29.73,False
7682,2026-08-01T18:21:20Z,119,5.1,0,0.1,0,29.73,False
7683,2026-08-01T18:22:20Z,122,4.8,0,0.1,0,29.73,False
7684,2026-08-01T18:23:20Z,113,6.4,0,0.1,0,29.73,False
7685,2026-08-01T18:24:20Z,113,5.2,0,0.1,0,29.73,False
7686,2026-08-01T18:25:20Z,137,5.3,0,0.1,0,29.73,False
7687,2026-08-01T18:26:20Z,113,4.7,0,0.1,0,29.73,False
7688,2026-08-01T18:27:20Z,129,4.2,0,0.1,0,29.73,False
7689,2026-08-01T18:28:20Z,113,3.8,0,0.1,0,29.73,False
7690,2026-08-01T18:29:20Z,113,7.5,0,0.1,0,29.73,False
7691,2026-08-01T18:30:20Z,122,5.6,0,0.1,0,29.73,False
7692,2026-08-01T18:31:20Z,0,9.800000000000001,0,0.1,0,29.73,False
7693,2026-08-01T18:32:20Z,113,10.9,0,0.1,0,29.73,False
7694,2026-08-01T18:33:20Z,113,5.1,0,0.1,0,29.74,False
7695,2026-08-01T18:34:20Z,113,7.4,0,0.1,0,29.74,False
7696,2026-08-01T18:35:20Z,113,5.4,0,0.1,0,29.74,False
7697,2026-08-01T18:36:20Z,113,6.9,0,0.1,0,29.73,False
7698,2026-08-01T18:37:20Z,113,6.3,0,0.1,0,29.73,False
7699,2026-08-01T18:38:20Z,113,8.4,0,0.1,0,29.73,False
7700,2026-08-01T18:40:20Z,113,7.9,0,0.1,0,29.73,False
7701,2026-08-01T18:41:20Z,0,8.9,0,0.1,0,29.73,False
7702,2026-08-01T18:42:20Z,124,8.699999999999999,0,0.1,0,29.73,False
7703,2026-08-01T18:43:20Z,120,10.9,0,0.1,0,29.73,False
7704,2026-08-01T18:44:20Z,119,6.9,0,0.1,0,29.73,False
7705,2026-08-01T18:45:20Z,128,5.8,0,0.1,0,29.73,False
7706,2026-08-01T18:46:20Z,120,5.1,0,0.1,0,29.73,False
7707,2026-08-01T18:47:20Z,158,5.5,0,0.1,0,29.73,False
7708,2026-08-01T18:48:20Z,117,5.7,0,0.1,0,29.73,False
7709,2026-08-01T18:50:20Z,113,6.7,0,0.1,0,29.73,False
7710,2026-08-01T18:51:20Z,122,9.4,0,0.1,0,29.73,False
7711,2026-08-01T18:52:20Z,0,9.6,0,0.1,0,29.73,False
7712,2026-08-01T18:53:20Z,113,5.9,0,0.1,0,29.73,False
7713,2026-08-01T18:54:20Z,131,4.1,0,0.1,0,29.73,False
7714,2026-08-01T18:55:20Z,120,4.2,0,0.1,0,29.73,False
7715,2026-08-01T18:56:20Z,127,2.3,0,0.1,0,29.73,False
7716,2026-08-01T18:57:20Z,113,4.1,0,0.1,0,29.73,False
7717,2026-08-01T18:58:20Z,129,5.8,0,0.1,0,29.73,False
7718,2026-08-01T18:59:20Z,136,4.6,0,0.1,0,29.73,False
7719,2026-08-01T19:00:20Z,113,5.8,0,0.1,0,29.73,False
7720,2026-08-01T19:01:20Z,124,5.1,0,0.1,0,29.73,False
7721,2026-08-01T19:02:20Z,113,7.4,0,0.1,0,29.73,False
7722,2026-08-01T19:03:20Z,113,6.4,0,0.1,0,29.73,False
7723,2026-08-01T19:04:20Z,113,7,0,0.1,0,29.73,False
7724,2026-08-01T19:05:20Z,158,6.3,0,0.1,0,29.73,False
7725,2026-08-01T19:06:20Z,0,6.4,0,0.1,0,29.73,False
7726,2026-08-01T19:07:20Z,113,6.8,0,0.1,0,29.73,False
7727,2026-08-01T19:08:20Z,0,5.4,0,0.1,0,29.73,False
7728,2026-08-01T19:10:20Z,176,9.199999999999999,0,0.1,0,29.73,False
7729,2026-08-01T19:11:20Z,119,8.4,0,0.1,0,29.73,False
7730,2026-08-01T19:12:20Z,113,10.4,0,0.1,0,29.73,False
7731,2026-08-01T19:13:20Z,113,9.300000000000001,0,0.1,0,29.73,False
7732,2026-08-01T19:14:20Z,113,5.3,0,0.1,0,29.73,False
7733,2026-08-01T19:15:20Z,113,8,0,0.1,0,29.73,False
7734,2026-08-01T19:16:20Z,131,6.2,0,0.1,0,29.73,False
7735,2026-08-01T19:17:20Z,133,4.4,0,0.1,0,29.73,False
7736,2026-08-01T19:18:20Z,135,6.6,0,0.1,0,29.73,False
7737,2026-08-01T19:19:20Z,116,8.1,0,0.1,0,29.73,False
7738,2026-08-01T19:20:20Z,113,6.8,0,0.1,0,29.73,False
7739,2026-08-01T19:21:20Z,113,5.1,0,0.1,0,29.73,False
7740,2026-08-01T19:22:20Z,0,8.199999999999999,0,0.1,0,29.73,False
7741,2026-08-01T19:23:20Z,113,6,0,0.1,0,29.73,False
7742,2026-08-01T19:24:20Z,203,5.4,0,0.1,0,29.73,False
7743,2026-08-01T19:25:20Z,113,6.6,0,0.1,0,29.73,False
7744,2026-08-01T19:26:20Z,113,5.1,0,0.1,0,29.73,False
7745,2026-08-01T19:27:20Z,120,6.4,0,0.1,0,29.73,False
7746,2026-08-01T19:28:20Z,121,5.4,0,0.1,0,29.72,False
7747,2026-08-01T19:29:20Z,113,6,0,0.1,0,29.72,False
7748,2026-08-01T19:30:20Z,113,7.1,0,0.1,0,29.72,False
7749,2026-08-01T19:31:20Z,122,6.5,0,0.1,0,29.73,False
7750,2026-08-01T19:32:20Z,113,8.699999999999999,0,0.1,0,29.73,False
7751,2026-08-01T19:33:20Z,120,6.2,0,0.1,0,29.73,False
7752,2026-08-01T19:34:20Z,122,5.2,0,0.1,0,29.73,False
7753,2026-08-01T19:35:20Z,131,6.2,0,0.1,0,29.73,False
7754,2026-08-01T19:36:20Z,138,3.9,0,0.1,0,29.72,False
7755,2026-08-01T19:37:20Z,117,4.8,0,0.1,0,29.72,False
7756,2026-08-01T19:38:20Z,113,6.3,0,0.1,0,29.72,False
7757,2026-08-01T19:40:20Z,113,6,0,0.1,0,29.72,False
7758,2026-08-01T19:41:20Z,113,6.7,0,0.1,0,29.72,False
7759,2026-08-01T19:42:20Z,131,5.4,0,0.1,0,29.72,False
7760,2026-08-01T19:43:20Z,113,6.9,0,0.1,0,29.72,False
7761,2026-08-01T19:44:20Z,0,11.6,0,0.1,0,29.72,False
7762,2026-08-01T19:45:20Z,113,10.5,0,0.1,0,29.73,False
7763,2026-08-01T19:46:20Z,113,7.8,0,0.1,0,29.72,False
7764,2026-08-01T19:47:20Z,0,13.1,0,0.1,0,29.72,False
7765,2026-08-01T19:48:20Z,113,10.5,0,0.1,0,29.72,False
7766,2026-08-01T19:50:20Z,113,11.9,0,0.1,0,29.72,False
7767,2026-08-01T19:51:20Z,122,10.1,0,0.1,0,29.72,False
7768,2026-08-01T19:52:20Z,139,9.699999999999999,0,0.1,0,29.72,False
7769,2026-08-01T19:53:20Z,113,8.9,0,0.1,0,29.72,False
7770,2026-08-01T19:54:20Z,126,10.9,0,0.1,0,29.72,False
7771,2026-08-01T19:55:20Z,131,6.4,0,0.1,0,29.72,False
7772,2026-08-01T19:56:20Z,137,3.5,0,0.1,0,29.72,False
7773,2026-08-01T19:57:20Z,113,5.6,0,0.1,0,29.72,False
7774,2026-08-01T19:58:20Z,0,8.4,0,0.1,0,29.72,False
7775,2026-08-01T19:59:20Z,0,9.9,0,0.1,0,29.72,False
7776,2026-08-01T20:00:20Z,113,8.6,0,0.1,0,29.72,False
7777,2026-08-01T20:01:20Z,113,7.5,0,0.1,0,29.72,False
7778,2026-08-01T20:02:20Z,127,7.7,0,0.1,0,29.72,False
7779,2026-08-01T20:03:20Z,147,5.4,0,0.1,0,29.72,False
7780,2026-08-01T20:04:20Z,120,3.9,0,0.1,0,29.72,False
7781,2026-08-01T20:05:20Z,113,3.4,0,0.1,0,29.72,False
7782,2026-08-01T20:06:20Z,113,4.5,0,0.1,0,29.72,False
7783,2026-08-01T20:07:20Z,119,5.5,0,0.1,0,29.72,False
7784,2026-08-01T20:08:20Z,111,6.6,0,0.1,0,29.72,False
7785,2026-08-01T20:10:20Z,113,8,0,0.1,0,29.72,False
7786,2026-08-01T20:11:20Z,0,12.9,0,0.1,0,29.72,False
7787,2026-08-01T20:12:20Z,122,11.1,0,0.1,0,29.72,False
7788,2026-08-01T20:13:20Z,139,12.3,0,0.1,0,29.72,False
7789,2026-08-01T20:14:20Z,119,7,0,0.1,0,29.72,False
7790,2026-08-01T20:15:20Z,118,5.1,0,0.1,0,29.72,False
7791,2026-08-01T20:16:20Z,113,6.9,0,0.1,0,29.72,False
7792,2026-08-01T20:17:20Z,130,6.8,0,0.1,0,29.72,False
7793,2026-08-01T20:18:20Z,116,10.4,0,0.1,0,29.72,False
7794,2026-08-01T20:20:20Z,126,6.4,0,0.1,0,29.72,False
7795,2026-08-01T20:21:20Z,158,5,0,0.1,0,29.72,False
7796,2026-08-01T20:22:20Z,113,2.6,0,0.1,0,29.72,False
7797,2026-08-01T20:23:20Z,129,4.9,0,0.1,0,29.72,False
7798,2026-08-01T20:24:20Z,122,5.9,0,0.1,0,29.72,False
7799,2026-08-01T20:25:20Z,113,5.3,0,0.1,0,29.72,False
7800,2026-08-01T20:26:20Z,113,4.6,0,0.1,0,29.72,False
7801,2026-08-01T20:27:20Z,146,2.4,0,0.1,0,29.72,False
7802,2026-08-01T20:28:20Z,113,3.3,0,0.1,0,29.72,False
7803,2026-08-01T20:29:20Z,0,7.5,0,0.1,0,29.72,False
7804,2026-08-01T20:31:20Z,113,9.9,0,0.1,0,29.72,False
7805,2026-08-01T20:32:20Z,113,12.2,0,0.1,0,29.72,False
7806,2026-08-01T20:33:20Z,0,8.800000000000001,0,0.1,0,29.72,False
7807,2026-08-01T20:34:20Z,113,7.5,0,0.1,0,29.72,False
7808,2026-08-01T20:35:20Z,124,7,0,0.1,0,29.72,False
7809,2026-08-01T20:36:20Z,113,6.4,0,0.1,0,29.72,False
7810,2026-08-01T20:37:20Z,113,8.5,0,0.1,0,29.72,False
7811,2026-08-01T20:38:20Z,113,7,0,0.1,0,29.72,False
7812,2026-08-01T20:40:20Z,123,9.6,0,0.1,0,29.72,False
7813,2026-08-01T20:41:20Z,127,6.1,0,0.1,0,29.72,False
7814,2026-08-01T20:42:20Z,113,7,0,0.1,0,29.72,False
7815,2026-08-01T20:43:20Z,0,7.6,0,0.1,0,29.72,False
7816,2026-08-01T20:44:20Z,113,5.4,0,0.1,0,29.72,False
7817,2026-08-01T20:45:20Z,113,5.8,0,0.1,0,29.72,False
7818,2026-08-01T20:46:20Z,0,7.5,0,0.1,0,29.72,False
7819,2026-08-01T20:47:20Z,113,6.8,0,0.1,0,29.72,False
7820,2026-08-01T20:48:20Z,113,7.5,0,0.1,0,29.72,False
7821,2026-08-01T20:50:20Z,0,4.6,0,0.1,0,29.72,False
7822,2026-08-01T20:51:20Z,0,5,0,0.1,0,29.72,False
7823,2026-08-01T20:52:20Z,0,5.2,0,0.1,0,29.72,False
7824,2026-08-01T20:53:20Z,0,5.9,0,0.1,0,29.72,False
7825,2026-08-01T20:54:20Z,0,5.2,0,0.1,0,29.72,False
7826,2026-08-01T20:55:20Z,113,5.8,0,0.1,0,29.72,False
7827,2026-08-01T20:56:20Z,113,3.2,0,0.1,0,29.72,False
7828,2026-08-01T20:57:20Z,0,3.1,0,0.1,0,29.72,False
7829,2026-08-01T20:58:20Z,113,5.4,0,0.1,0,29.72,False
7830,2026-08-01T20:59:20Z,127,5,0,0.1,0,29.72,False
7831,2026-08-01T21:00:20Z,114,5.1,0,0.1,0,29.72,False
7832,2026-08-01T21:01:20Z,113,7.9,0,0.1,0,29.72,False
7833,2026-08-01T21:02:20Z,113,4.7,0,0.1,0,29.72,False
7834,2026-08-01T21:03:20Z,113,2.9,0,0.1,0,29.72,False
7835,2026-08-01T21:04:20Z,113,4.9,0,0.1,0,29.72,False
7836,2026-08-01T21:05:20Z,113,5.4,0,0.1,0,29.72,False
7837,2026-08-01T21:06:20Z,113,4.3,0,0.1,0,29.72,False
7838,2026-08-01T21:07:20Z,113,5.1,0,0.1,0,29.72,False
7839,2026-08-01T21:08:20Z,113,4.5,0,0.1,0,29.72,False
7840,2026-08-01T21:09:20Z,113,4.8,0,0.1,0,29.72,False
7841,2026-08-01T21:11:20Z,113,4.6,0,0.1,0,29.72,False
7842,2026-08-01T21:12:20Z,0,5.1,0,0.1,0,29.73,False
7843,2026-08-01T21:13:20Z,113,4.1,0,0.1,0,29.73,False
7844,2026-08-01T21:14:20Z,120,3.6,0,0.1,0,29.72,False
7845,2026-08-01T21:15:20Z,113,4,0,0.1,0,29.72,False
7846,2026-08-01T21:16:20Z,113,8,0,0.1,0,29.72,False
7847,2026-08-01T21:17:20Z,0,11.8,0,0.1,0,29.72,False
7848,2026-08-01T21:18:20Z,113,5.7,0,0.1,0,29.72,False
7849,2026-08-01T21:19:20Z,0,8.199999999999999,0,0.1,0,29.72,False
7850,2026-08-01T21:20:20Z,113,6.3,0,0.1,0,29.72,False
7851,2026-08-01T21:21:20Z,0,5.1,0,0.1,0,29.72,False
7852,2026-08-01T21:22:20Z,134,3,0,0.1,0,29.72,False
7853,2026-08-01T21:23:20Z,119,3.6,0,0.1,0,29.72,False
7854,2026-08-01T21:24:20Z,0,5.7,0,0.1,0,29.72,False
7855,2026-08-01T21:25:20Z,121,4.3,0,0.1,0,29.72,False
7856,2026-08-01T21:26:20Z,113,5.4,0,0.1,0,29.72,False
7857,2026-08-01T21:27:20Z,0,8.6,0,0.1,0,29.72,False
7858,2026-08-01T21:28:20Z,0,7.8,0,0.1,0,29.72,False
7859,2026-08-01T21:29:20Z,147,6.2,0,0.1,0,29.72,False
7860,2026-08-01T21:30:20Z,113,4.8,0,0.1,0,29.72,False
7861,2026-08-01T21:31:20Z,113,3.6,0,0.1,0,29.72,False
7862,2026-08-01T21:32:20Z,113,2.7,0,0.1,0,29.72,False
7863,2026-08-01T21:33:20Z,159,4.9,0,0.1,0,29.72,False
7864,2026-08-01T21:34:20Z,113,6.6,0,0.1,0,29.72,False
7865,2026-08-01T21:35:20Z,0,3.4,0,0.1,0,29.72,False
7866,2026-08-01T21:36:20Z,0,2.2,0,0.1,0,29.72,False
7867,2026-08-01T21:37:20Z,113,2.7,0,0.1,0,29.72,False
7868,2026-08-01T21:38:20Z,113,2.4,0,0.1,0,29.72,False
7869,2026-08-01T21:40:20Z,113,2.8,0,0.1,0,29.72,False
7870,2026-08-01T21:41:20Z,0,2.3,0,0.1,0,29.72,False
7871,2026-08-01T21:42:20Z,0,3.5,0,0.1,0,29.72,False
7872,2026-08-01T21:43:20Z,113,6.1,0,0.1,0,29.72,False
7873,2026-08-01T21:44:20Z,113,4.4,0,0.1,0,29.72,False
7874,2026-08-01T21:45:20Z,113,7.7,0,0.1,0,29.72,False
7875,2026-08-01T21:46:20Z,113,8.5,0,0.1,0,29.72,False
7876,2026-08-01T21:47:20Z,158,6.4,0,0.1,0,29.72,False
7877,2026-08-01T21:48:20Z,113,7.4,0,0.1,0,29.72,False
7878,2026-08-01T21:50:20Z,113,5.6,0,0.1,0,29.72,False
7879,2026-08-01T21:51:20Z,113,6.4,0,0.1,0,29.72,False
7880,2026-08-01T21:52:20Z,113,7.2,0,0.1,0,29.72,False
7881,2026-08-01T21:53:20Z,113,6.6,0,0.1,0,29.72,False
7882,2026-08-01T21:54:20Z,113,7.4,0,0.1,0,29.72,False
7883,2026-08-01T21:55:20Z,0,6.2,0,0.1,0,29.72,False
7884,2026-08-01T21:56:20Z,113,4.7,0,0.1,0,29.72,False
7885,2026-08-01T21:57:20Z,113,4.9,0,0.1,0,29.72,False
7886,2026-08-01T21:58:20Z,113,5,0,0.1,0,29.72,False
7887,2026-08-01T21:59:20Z,113,6.4,0,0.1,0,29.72,False
7888,2026-08-01T22:00:20Z,105,3,0,0.1,0,29.72,False
7889,2026-08-01T22:01:20Z,113,4.5,0,0.1,0,29.72,False
7890,2026-08-01T22:02:20Z,113,5.8,0,0.1,0,29.72,False
7891,2026-08-01T22:03:20Z,122,4.2,0,0.1,0,29.72,False
7892,2026-08-01T22:04:20Z,113,4.7,0,0.1,0,29.72,False
7893,2026-08-01T22:05:20Z,122,5.2,0,0.1,0,29.72,False
7894,2026-08-01T22:06:20Z,113,5.8,0,0.1,0,29.72,False
7895,2026-08-01T22:07:20Z,113,3.3,0,0.1,0,29.72,False
7896,2026-08-01T22:08:20Z,0,5.1,0,0.1,0,29.72,False
7897,2026-08-01T22:09:20Z,113,4.2,0,0.1,0,29.72,False
7898,2026-08-01T22:10:20Z,119,3.8,0,0.1,0,29.72,False
7899,2026-08-01T22:11:20Z,113,2.6,0,0.1,0,29.72,False
7900,2026-08-01T22:12:20Z,113,4.5,0,0.1,0,29.72,False
7901,2026-08-01T22:13:20Z,0,5.7,0,0.1,0,29.72,False
7902,2026-08-01T22:14:20Z,113,4.7,0,0.1,0,29.72,False
7903,2026-08-01T22:15:20Z,0,4.8,0,0.1,0,29.72,False
7904,2026-08-01T22:16:20Z,0,3.9,0,0.1,0,29.72,False
7905,2026-08-01T22:17:20Z,113,7.5,0,0.1,0,29.72,False
7906,2026-08-01T22:18:20Z,127,8.1,0,0.1,0,29.72,False
7907,2026-08-01T22:20:20Z,113,5.8,0,0.1,0,29.72,False
7908,2026-08-01T22:21:20Z,0,6.4,0,0.1,0,29.72,False
7909,2026-08-01T22:22:20Z,0,4.4,0,0.1,0,29.72,False
7910,2026-08-01T22:23:20Z,127,4.8,0,0.1,0,29.72,False
7911,2026-08-01T22:24:20Z,113,5.3,0,0.1,0,29.72,False
7912,2026-08-01T22:25:20Z,113,4.7,0,0.1,0,29.72,False
7913,2026-08-01T22:26:20Z,113,6.6,0,0.1,0,29.72,False
7914,2026-08-01T22:27:20Z,113,5.7,0,0.1,0,29.72,False
7915,2026-08-01T22:28:20Z,113,5.1,0,0.1,0,29.72,False
7916,2026-08-01T22:29:20Z,113,4.3,0,0.1,0,29.72,False
7917,2026-08-01T22:30:20Z,106,8,0,0.1,0,29.72,False
7918,2026-08-01T22:31:20Z,113,8.699999999999999,0,0.1,0,29.72,False
7919,2026-08-01T22:32:20Z,113,6.9,0,0.1,0,29.72,False
7920,2026-08-01T22:33:20Z,113,3.5,0,0.1,0,29.72,False
7921,2026-08-01T22:34:20Z,0,4.6,0,0.1,0,29.72,False
7922,2026-08-01T22:35:20Z,0,4.8,0,0.1,0,29.72,False
7923,2026-08-01T22:36:20Z,0,6.4,0,0.1,0,29.72,False
7924,2026-08-01T22:37:20Z,121,5.7,0,0.1,0,29.73,False
7925,2026-08-01T22:38:20Z,113,6.2,0,0.1,0,29.73,False
7926,2026-08-01T22:40:20Z,113,6,0,0.1,0,29.73,False
7927,2026-08-01T22:41:20Z,113,5.6,0,0.1,0,29.73,False
7928,2026-08-01T22:42:20Z,113,4.1,0,0.1,0,29.73,False
7929,2026-08-01T22:43:20Z,113,5.1,0,0.1,0,29.73,False
7930,2026-08-01T22:44:20Z,113,12.6,0,0.1,0,29.73,False
7931,2026-08-01T22:45:20Z,120,9.800000000000001,0,0.1,0,29.72,False
7932,2026-08-01T22:46:20Z,0,8.1,0,0.1,0,29.72,False
7933,2026-08-01T22:47:20Z,113,7.8,0,0.1,0,29.72,False
7934,2026-08-01T22:48:20Z,118,6,0,0.1,0,29.72,False
7935,2026-08-01T22:50:20Z,118,2.9,0,0.1,0,29.72,False
7936,2026-08-01T22:51:20Z,113,9,0,0.1,0,29.72,False
7937,2026-08-01T22:52:20Z,113,4.5,0,0.1,0,29.72,False
7938,2026-08-01T22:53:20Z,113,5.3,0,0.1,0,29.72,False
7939,2026-08-01T22:54:20Z,113,4.2,0,0.1,0,29.72,False
7940,2026-08-01T22:55:20Z,0,5.2,0,0.1,0,29.72,False
7941,2026-08-01T22:56:20Z,113,4.4,0,0.1,0,29.72,False
7942,2026-08-01T22:57:20Z,0,4.8,0,0.1,0,29.72,False
7943,2026-08-01T22:58:20Z,113,4.2,0,0.1,0,29.72,False
7944,2026-08-01T22:59:20Z,0,3.7,0,0.1,0,29.72,False
7945,2026-08-01T23:00:20Z,113,3,0,0.1,0,29.72,False
7946,2026-08-01T23:01:20Z,0,5.9,0,0.1,0,29.72,False
7947,2026-08-01T23:02:20Z,113,8,0,0.1,0,29.72,False
7948,2026-08-01T23:03:20Z,0,6.8,0,0.1,0,29.72,False
7949,2026-08-01T23:04:20Z,0,9.199999999999999,0,0.1,0,29.72,False
7950,2026-08-01T23:05:20Z,113,7.1,0,0.1,0,29.72,False
7951,2026-08-01T23:06:20Z,158,7.3,0,0.1,0,29.73,False
7952,2026-08-01T23:07:20Z,0,9.199999999999999,0,0.1,0,29.73,False
7953,2026-08-01T23:08:20Z,113,10.1,0,0.1,0,29.73,False
7954,2026-08-01T23:10:20Z,122,5.5,0,0.1,0,29.73,False
7955,2026-08-01T23:11:20Z,113,7.7,0,0.1,0,29.73,False
7956,2026-08-01T23:12:20Z,113,9.300000000000001,0,0.1,0,29.73,False
7957,2026-08-01T23:13:20Z,122,9.300000000000001,0,0.1,0,29.73,False
7958,2026-08-01T23:14:20Z,113,7.3,0,0.1,0,29.73,False
7959,2026-08-01T23:15:20Z,0,5,0,0.1,0,29.73,False
7960,2026-08-01T23:16:20Z,113,5.6,0,0.1,0,29.73,False
7961,2026-08-01T23:17:20Z,0,3.8,0,0.1,0,29.73,False
7962,2026-08-01T23:18:20Z,113,3.5,0,0.1,0,29.73,False
7963,2026-08-01T23:19:20Z,0,4.5,0,0.1,0,29.73,False
7964,2026-08-01T23:21:20Z,123,4.3,0,0.1,0,29.73,False
7965,2026-08-01T23:22:20Z,113,4.9,0,0.1,0,29.73,False
7966,2026-08-01T23:23:20Z,113,4.2,0,0.1,0,29.73,False
7967,2026-08-01T23:24:20Z,113,5,0,0.1,0,29.73,False
7968,2026-08-01T23:25:20Z,0,6.3,0,0.1,0,29.73,False
7969,2026-08-01T23:26:20Z,113,7.3,0,0.1,0,29.73,False
7970,2026-08-01T23:27:20Z,113,3.8,0,0.1,0,29.73,False
7971,2026-08-01T23:28:20Z,113,3.3,0,0.1,0,29.73,False
7972,2026-08-01T23:29:20Z,131,3.2,0,0.1,0,29.73,False
7973,2026-08-01T23:30:20Z,139,2.7,0,0.1,0,29.73,False
7974,2026-08-01T23:31:20Z,0,3.5,0,0.1,0,29.73,False
7975,2026-08-01T23:32:20Z,0,3,0,0.1,0,29.73,False
7976,2026-08-01T23:33:20Z,113,4,0,0.1,0,29.73,False
7977,2026-08-01T23:34:20Z,176,3,0,0.1,0,29.73,False
7978,2026-08-01T23:35:20Z,113,3.1,0,0.1,0,29.73,False
7979,2026-08-01T23:36:20Z,113,1.8,0,0.1,0,29.73,False
7980,2026-08-01T23:37:20Z,180,3.5,0,0.1,0,29.73,False
7981,2026-08-01T23:38:20Z,113,3.5,0,0.1,0,29.73,False
7982,2026-08-01T23:40:20Z,113,2.1,0,0.1,0,29.73,False
7983,2026-08-01T23:41:20Z,113,3.7,0,0.1,0,29.73,False
7984,2026-08-01T23:42:20Z,113,3.4,0,0.1,0,29.73,False
7985,2026-08-01T23:43:20Z,113,4.6,0,0.1,0,29.73,False
7986,2026-08-01T23:44:20Z,0,4.2,0,0.1,0,29.73,False
7987,2026-08-01T23:45:20Z,113,4,0,0.1,0,29.73,False
7988,2026-08-01T23:46:20Z,113,3.6,0,0.1,0,29.73,False
7989,2026-08-01T23:47:20Z,113,4.4,0,0.1,0,29.73,False
7990,2026-08-01T23:48:20Z,0,3.5,0,0.1,0,29.73,False
7991,2026-08-01T23:50:20Z,113,3.2,0,0.1,0,29.73,False
7992,2026-08-01T23:51:20Z,0,3.3,0,0.1,0,29.73,False
7993,2026-08-01T23:52:20Z,113,2.9,0,0.1,0,29.73,False
7994,2026-08-01T23:53:20Z,119,3.7,0,0.1,0,29.73,False
7995,2026-08-01T23:54:20Z,113,3.1,0,0.1,0,29.73,False
7996,2026-08-01T23:55:20Z,0,4.3,0,0.1,0,29.73,False
7997,2026-08-01T23:56:20Z,113,5.7,0,0.1,0,29.73,False
7998,2026-08-01T23:57:20Z,113,3.2,0,0.1,0,29.73,False
7999,2026-08-01T23:58:20Z,106,3.4,0,0.1,0,29.73,False
